5910|24|Counterterrorism agent Jack Bauer fights the bad guys of the world, a day at a time. With each week's episode unfolding in real-time, "24" covers a single day in the life of Bauer each season.
5828|9-1-1|Explore the high-pressure experiences of police officers, paramedics and firefighters who are thrust into the most frightening, shocking and heart-stopping situations. These emergency responders must try to balance saving those who are at their most vulnerable with solving the problems in their own lives.
6723|The Closer|Deputy Police Chief Brenda Leigh Johnson transfers from Atlanta to LA to head up a special unit of the LAPD that handles sensitive, high-profile murder cases. Johnson's quirky personality and hard-nosed approach often rubs her colleagues the wrong way, but her reputation as one of the world's best interrogator eventually wins over even her toughest critics.
5746|Dark|A missing child sets four families on a frantic hunt for answers as they unearth a mind-bending mystery that spans three generations.
6313|MacGyver|He's everyone's favorite action hero... but he's a hero with a difference. Angus MacGyver is a secret agent whose wits are his deadliest weapon. Armed with only a knapsack filled with everyday items he picks up along the way, he improvises his way out of every peril the bad guys throw at him.  Making a bomb out of chewing gum? Fixing a speeding car's breaks... while he's riding in it? Using soda pop to cook up tear gas? That's all in a day's adventures for MacGyver. He's part Boy Scout, part genius. And all hero.
5889|Andor|In an era filled with danger, deception and intrigue, Cassian Andor will discover the difference he can make in the struggle against the tyrannical Galactic Empire. He embarks on a path that is destined to turn him into a rebel hero.
5973|Saint Seiya|Ages ago, the goddess Athena was served by fighters called Saints who channeled the power of the Cosmos within them. Now a youth named Seiya has trained to become a Saint himself by earning the mystical Cloth of Pegasus. He is joined by other Saints with Cloths of their own to fight for Athena.
6665|Cold Case|The Philadelphia homicide squad's lone female detective finds her calling when she is assigned cases that have never been solved. Detective Lilly Rush combines her natural instincts with the updated technology available today to bring about justice for all the victims she can.
6238|What If...?|Taking inspiration from the comic books of the same name, each episode of this animated anthology series questions, revisits and twists classic Marvel Cinematic moments.
5838|True Beauty|Lim Ju-kyung is a high school student. Since she was little, she has had a complex about her appearance. To hide her bare face, Ju-kyung always wears make-up. Her excellent make-up skills make her pretty and she hides her bare face in front of others. She gets involved with 2 men; Lee Su-ho and Han Seo-jun.
6623|FBI: Most Wanted|The Fugitive Task Force relentlessly tracks and captures the notorious criminals on the Bureau's Most Wanted list. Seasoned agents oversee the highly skilled team that functions as a mobile undercover unit that is always out in the field, pursuing those who are most desperate to elude justice.
5580|Rebelde|A group of young adults will spend their adolescence at the Elite Way School, where they will learn about love, life and live their passion for music.
5732|Loki|After stealing the Tesseract during the events of “Avengers: Endgame,” an alternate version of Loki is brought to the mysterious Time Variance Authority, a bureaucratic organization that exists outside of time and space and monitors the timeline. They give Loki a choice: face being erased from existence due to being a “time variant” or help fix the timeline and stop a greater threat.
155|Sabrina, the Teenage Witch|On her sixteenth birthday, Sabrina Spellman discovers she has magical powers. She lives with her 600-year-old aunts Hilda and Zelda as well as talking cat Salem in the fictional town of Westbridge, Massachusetts.
7039|The Cosby Show|The Cosby Show is an American television situation comedy starring Bill Cosby, which aired for eight seasons on NBC from September 20, 1984 until April 30, 1992. The show focuses on the Huxtable family, an upper middle-class African-American family living in Brooklyn, New York.
6117|The Fairly OddParents|The zany, fast-paced adventures of a 10-year-old boy and his fairy godparents, who inadvertently create havoc as they grant wishes for their pint-sized charge.
6240|Moon Knight|When Steven Grant, a mild-mannered gift-shop employee, becomes plagued with blackouts and memories of another life, he discovers he has dissociative identity disorder and shares a body with mercenary Marc Spector. As Steven/Marc’s enemies converge upon them, they must navigate their complex identities while thrust into a deadly mystery among the powerful gods of Egypt.
6109|Full House|After the death of his wife, Danny enlists his best friend and his brother-in-law to help raise his three daughters, D.J., Stephanie, and Michelle.
6543|Oz|The daily lives of prisoners in Emerald City, an experimental unit of the Oswald Maximum Security Prison where ingroups - Muslims, Latinos, Italians, Aryans - stick close to their mutual friends and terrorize their mutual enemies.
5244|Little House on the Prairie|When the big woods of Wisconsin becomes a difficult spot for hunting, Charles Ingalls reluctantly decides to move his family, pioneering west. Their life on the farm in Walnut Grove, Minnesota, in the 1870s and 1880s is full of adventure, tragedy, and triumph. Based on the books of Laura Ingalls Wilder.
2574|Yu-Gi-Oh! Duel Monsters|Bullies often target someone frail and weak—someone exactly like Yûgi Muto. He treasures his Millennium Puzzle, an ancient Egyptian artifact that was brought into his grandfather's game shop. Believing that solving the puzzle will grant him his wish, he completes the puzzle, unleashing a new personality within him, the soul of the "King of Games." The new personality named Yami Yûgi is the exact opposite of Yûgi. Upon any injustice toward him, Yami Yûgi takes over Yûgi's body and forces the opponent into a "Shadow Game".
6118|Dinosaurs|Dinosaurs follows the life of a family of dinosaurs, living in a modern world. They have TV's, fridges, microwaves, and every modern convenience.
6562|Daredevil: Born Again|Matt Murdock, a blind lawyer with heightened abilities, is fighting for justice through his bustling law firm, while former mob boss Wilson Fisk pursues his own political endeavors in New York. When their past identities begin to emerge, both men find themselves on an inevitable collision course.
5875|El Chavo del Ocho|The mishaps of Chavo, an 8-year-old orphan boy who lives in a village. Together with Quico, Chilindrina, Ñoño and La Popis, Chavo experiences a series of humorous entanglements.
6744|Animaniacs|Yakko, Wakko and Dot return for all-new big laughs and the occasional epic takedown of authority figures in serious need of an ego check. Joining the Warners are Starbox & Cindy on their latest play date while Pinky and the Brain's ideas for world domination lead them to all new adventures.
6265|ONE PIECE|With his straw hat and ragtag crew, young pirate Monkey D. Luffy goes on an epic voyage for treasure.
5731|WandaVision|Wanda Maximoff and Vision—two super-powered beings living idealized suburban lives—begin to suspect that everything is not as it seems.
7059|Family Matters|A long-running dramedy centering on the Winslow family, a middle-class African American family living in Chicago, and their pesky next-door neighbor, ultra-nerd Steve Urkel. A spin-off of Perfect Strangers.
6766|Gargoyles|In Scotland, 994 A.D. Goliath and his clan of gargoyles defend a medieval castle. In present day, David Xanatos buys the castle and moves it to New York City. When the castle is attacked the gargoyles are awakened from a 1000 year curse.
5445|Lois & Clark: The New Adventures of Superman|A much more lavish version of the popular Superman television series which had first aired forty years earlier, Lois & Clark focused more on the Man of Steel's early adult years in Metropolis. With the unknowing help of Lois Lane, Clark Kent created Superman there in Metropolis after finding work at the world-famous Daily Planet newspaper, where he meets fellow reporter Lois Lane.
6242|Super Dragon Ball Heroes|Trunks returns from the future to train with Goku and Vegeta. However, it disappears without warning. Then the mysterious Fu bursts in, telling them that Trunks has been imprisoned in the Prison Planet, a mysterious complex in an unknown place in the universes. The group seeks the dragon balls to free Trunks, but an endless battle awaits them! Will Goku and the others rescue Trunks and escape the Prison Planet?
6941|Jeffrey Epstein: Filthy Rich|Stories from survivors fuel this docuseries examining how convicted sex offender Jeffrey Epstein used his wealth and power to carry out his abuses.
6509|The Incredible Hulk|During an experiment gone bad, radiation turns a scientist into a raging green behemoth whenever he becomes agitated. Unable to control his transformations, David Banner searches for a cure as he crosses the country, fugitive-style, with a dogged tabloid reporter on his trail.
140|What's New, Scooby-Doo?|Scooby-Doo and the Mystery, Inc. gang are launched into the 21st century, with new mysteries to solve.
5786|Hawkeye|Former Avenger Clint Barton has a seemingly simple mission: get back to his family for Christmas. Possible? Maybe with the help of Kate Bishop, a 22-year-old archer with dreams of becoming a superhero. The two are forced to work together when a presence from Barton’s past threatens to derail far more than the festive spirit.
6561|Senora Acero|The adventures of Vicenta Acero, the feared coyote who now leads the dynasty of illicit dealings once under the control of her father.
5790|Yo soy Betty, la fea|Beatriz Pinzón Solano is a brilliant economist with a master's degree in finance; she has only one flaw: she's ugly. Everything changes when she starts working at Ecomoda, one of the country's largest companies, where she meets and falls in love with Armando Mendoza. This time, life will give her a second chance to prove she can become the most desired and beloved woman in the world.
6181|Captain Tsubasa|Tsubasa Ozora loves playing football since he was a little child. After moving to the japanese town of Nankatsu together with his mother, the 11-year-old boy quickly finds friends and joins the local football team of his elementary school. Together with his newly made friends and Brazilian mentor Roberto, Tsubasa starts his exciting journey to chase after his most desired dream - one day winning the FIFA World Cup.
6727|Captain Tsubasa|The passionate story of an elementary school student whose thoughts and dreams revolve almost entirely around the love of soccer. 11-year-old Tsubasa Oozora started playing football at a very young age, and while it was mostly just a recreational sport for his friends, for him, it developed into something of an obsession.  In order to pursue his dream to the best of his elementary school abilities, Tsubasa moves with his mother to Nankatsu city, which is well-known for its excellent elementary school soccer teams. But although he was easily the best in his old town, Nankatsu has a lot more competition, and he will need all of his skill and talent in order to stand out from this new crowd.
6440|Goosebumps|Anything can turn spooky in this horror anthology series based on the best-selling books by master of kid horror, R.L. Stine. In every episode, see what happens when regular kids find themselves in scary situations, and how they work to confront and overcome their fears.
6812|Mazinger Z|Mazinger Z, known briefly as Tranzor Z in the United States, is a Japanese super robot manga series written and illustrated by Go Nagai. The first manga version was serialized in Shueisha's Weekly Shōnen Jump from October 1972 to August 1973, and it later continued in Kodansha TV Magazine from October 1973 to September 1974. It was adapted into an anime television series which aired on Fuji TV from December 1972 to September 1974. A second manga series was released alongside the TV show, this one drawn by Gosaku Ota, which started and ended almost at the same time of the TV show. Mazinger Z has spawned several sequels and spinoff series, among them UFO Robot Grendizer and Mazinkaiser. It was a very popular cartoon in Mexico during the 1980s, where it was dubbed into Spanish directly from the Japanese version, keeping the Japanese character names and broadcasting all 92 episodes, unlike the version aired in the U.S.
7028|The Suite Life of Zack & Cody|Meet Zack and Cody, 11 year-old identical twins and the newest residents of Boston's swanky Tipton Hotel. Living in a suite with their mom Carey, the boys treat the Tipton like their own personal playground.
5911|Cyberpunk: Edgerunners|In a dystopia riddled with corruption and cybernetic implants, a talented but reckless street kid strives to become a mercenary outlaw — an edgerunner.
6456|The Thundermans|Meet The Thundermans, a typical suburban family that happens to have astounding superpowers. At the center of the action are the 14-year-old Thunderman twins, who share the same bathroom, the same school, and the same annoying little siblings. Their only difference? The sister is a super student with a super sunny disposition who super looks forward to being a superhero someday, and her twin brother is a super villain.
5229|Boy Meets World|The coming of age events and everyday life-lessons of Cory Matthews, a Philadelphian who grows up from a young boy to a married man.
6365|Marvel's Avengers|The further adventures of the Marvel Universe's mightiest general membership superhero team. With an all-star roster consisting of Iron Man, Captain America, Thor, Hulk, Hawkeye, Falcon and, occasionally--when she feels like it and only when she feels like it--Black Widow, the Avengers are a team in the truest sense. The Avengers save the world from the biggest threats imaginable--threats no single super hero could withstand.
7006|The Curse of Oak Island|Follow brothers Marty and Rick Lagina through their effort to find the speculated - and as of yet undiscovered - buried treasure believed to have been concealed through extraordinary means on Oak Island.
3843|Girl in the Basement|Sara is a teen girl who is looking forward to her 18th birthday to move away from her controlling father Don. But before she could even blow out the candles, Don imprisons her in the basement of their home.
6977|Marvel Studios Assembled|Go behind the scenes of the shows and movies of the Marvel Cinematic Universe, following the filmmakers, cast and crew, and Marvel heroes every step of the way.
5914|11.22.63|An English teacher travels back in time to prevent the Kennedy assassination, but discovers he is attached to the life he has made in a bygone era.
6519|Roswell|Bizarre things start happening in the little New Mexico town where UFOs were spotted in 1947. Cut to 1999, when a cute high-school student saves the life of a teenage waitress. Surrounded by cliques of clever, angst-filled classmates, the two form a bond that threatens the survival of a secret universe involving superhuman powers, a yen for hot sauce and an alien gene pool.
6395|Agatha All Along|Agatha Harkness gathers a coven of witches and sets off down, down, down The Witches' Road.
5785|Pablo Escobar: The Drug Lord|Pablo is a man with a natural ability for business. Early in his life, Pablo is introduced to the business of cocaine and the power it yields. A young life of crime lands Pablo in and out of jail as he builds his criminal empire. Pablo expands his power through politics but it is not long before his conflicts as a Congressman and a drug lord collide. Pablo has his enemies executed, but not before the United States activates its own war on the Medellin cartel.
827|Hercules|Follow Herc's many labors during the years he spent training on how to be a hero under the tutelage of satyr Phil. Many of the Olympian Gods and Goddesses pay visit to the young hero-to-be and help or hinder him in his new adventures.
6080|Once|The series revolves around Gabo, a soccer-loving teenager who, upon receiving a scholarship from the prestigious Sports Academic Institute (IAD) of Buenos Aires, will see his dream of playing at Los Halcones Dorados, the renowned amateur team of the school, and also his longing to become a professional footballer.
7042|Step by Step|Step by Step is an American television sitcom with two single parents, who spontaneously get married after meeting one another during a vacation, resulting in them becoming the heads of a large blended family
112|2012|Dr. Adrian Helmsley, part of a worldwide geophysical team investigating the effect on the earth of radiation from unprecedented solar storms, learns that the earth's core is heating up. He warns U.S. President Thomas Wilson that the crust of the earth is becoming unstable and that without proper preparations for saving a fraction of the world's population, the entire race is doomed. Meanwhile, writer Jackson Curtis stumbles on the same information. While the world's leaders race to build "arks" to escape the impending cataclysm, Curtis struggles to find a way to save his family. Meanwhile, volcanic eruptions and earthquakes of unprecedented strength wreak havoc around the world.
6428|Marry My Husband|Kang Ji-won, a terminally ill cancer patient, is killed by her husband and best friend after she witnesses them having an affair. She wakes up 10 years before the incident and decides to seek revenge with the help of Yu Ji-hyuk, a director at the company where she works. Now, she must reclaim her fate and eliminate the trash from her life.
6758|Recess|Join a group of six fourth-grade best friends at Third Street Elementary School on their fun-filled adventures in their school playground. Through the ups-and-downs of adolescence, they must wrestle with authority, avoid the school snitch, and try their best to win at kick-ball.
5921|El Chapo|A look at the life of notorious drug kingpin, El Chapo, from his early days in the 1980s working for the Guadalajara Cartel, to his rise to power of during the '90s and his ultimate downfall in 2016.
6084|Ms. Marvel|A great student, avid gamer, and voracious fan-fic scribe, Kamala Khan has a special affinity for superheroes, particularly Captain Marvel. However, she struggles to fit in at home and at school — that is, until she gets superpowers like the heroes she’s always looked up to. Life is easier with superpowers, right?
6436|Digimon Adventure:|It's the year 2020. The Network has become something humans can no longer do without in their daily lives. But what humans don't know is that on the other side of the Network is the Digital World, a realm of light and darkness. Nor are they aware of the Digimon who live there. Fifth grader Taichi Yagami's mother and little sister Hikari went to Shibuya, and now they're aboard a runaway train. Taichi hurries to Shibuya to save his mother and sister, but the instant he heads toward the station platform... a strange phenomenon befalls the DigiDestined, and Taichi goes to the Digital World!
5982|BAKI|While martial arts champion Baki Hanma trains hard to surpass his legendary father, five violent death row inmates descend upon Tokyo to take him on.
7058|The Muppet Show|Go behind the curtains as Kermit the Frog and his muppet friends struggle to put on a weekly variety show.
6121|Zoey 101|Zoey 101 is an American television series which originally aired on Nickelodeon from January 9, 2005 until May 2, 2008. It focuses on the lives of teenager Zoey Brooks and her friends as they attend Pacific Coast Academy, a fictional boarding school in Southern California. It was created by Dan Schneider. It was initially filmed at Pepperdine University in Malibu, California, then at stages in Valencia, California beginning in season 3. It was nominated for an "Outstanding Children's Program" Emmy in 2005. Zoey 101 was the most expensive production ever for Nickelodeon series, as it was shot completely on location in Malibu. It was also Nickelodeon's best performance for a series premiere in almost eight years. Despite this, many critics have made negative comments about the show, its setting, and its characters.
6357|Marvel Studios Legends|Revisit the epic heroes, villains and moments from across the MCU in preparation for the stories still to come. Each dynamic segment feeds directly into the upcoming series — setting the stage for future events. This series weaves together the many threads that constitute the unparalleled Marvel Cinematic Universe.
6211|Scissor Seven|Seeking to recover his memory, a scissor-wielding, hairdressing, bungling quasi-assassin stumbles into a struggle for power among feuding factions.
6010|El Capo|El Capo, the most wanted drug dealer in Mexico, has been intercepted while hiding with his trusted men, his wife and his lover. During his escape, he declares war on the government and his own past.
5740|The Falcon and the Winter Soldier|Following the events of “Avengers: Endgame”, the Falcon, Sam Wilson and the Winter Soldier, Bucky Barnes team up in a global adventure that tests their abilities, and their patience.
6641|Are You Afraid of the Dark?|This spooky anthology series for kids recounts ghost stories told by the young members of the Midnight Society as they gather around a campfire. Each episode opens with members of the Midnight Society at their secret spot in the woods, where they prepare their fire and the night's storyteller announces the title of the his or her offering. However, the cameras soon leave the storyteller and switch to the tale being told.
6860|Beyblade Burst|Middle schooler Valt Aoi, with his Beyblade Valkyrie (Valtryek), faces off against friends, classmates, and rivals to become the world's number one Blader.
6138|Dickinson|Emily Dickinson. Poet. Daughter. Total rebel. In this coming-of-age story, Emily’s determined to become the world's greatest poet.
6704|Hyouka|Oreki Houtarou is a minimalistic high school boy. One day, he joins the Classic Literature Club at his elder sister's request. There he meets Chitanda Eru, Fukube Satoshi, and Ibara Mayaka. Chitanda is a calm beautiful girl but she turns into an embodiment of curiosity once she says, "I'm curious." Fukube is a smiling boy with a fantastic memory who calls himself a database. Ibara is a short girl and is strict with others and herself. They begin to investigate a case that occurred 45 years ago. Hints of the mystery are buried in an old collection of works of the former members of Classics Club. The collection is titled "Hyouka."
4555|Fragile|Haunted by memories of a patient's death, a nurse  takes a job at an antiquated hospital for children. Soon she learns that the kids fear a ghost that prowls the floors and will not allow anyone to leave. Amy tries to protect them and convince the other staffers of the evil that lurks there.
7071|We Baby Bears|Follow Grizz, Panda and Ice Bear – as their younger baby selves – traveling in a magical box to fantastic new worlds searching for a place to call home. Along the way, they meet new friends, learn a few lessons and discover that “home” can mean wherever they are, as long as they’re together.
6761|American Dragon: Jake Long|American Dragon is a coming of age comedy-action series about Jake Long, a 13-year-old Asian-American boy who strives to find balance in his life as a skateboard-grinding, New York 'tween while learning to master his mystical powers (in his secret identity) as the American Dragon, the protector and guardian of all magical creatures secretly living amidst the human world.
3026|Hidden|A family takes refuge in a fallout shelter to avoid a dangerous outbreak.
6789|CatDog|The life and times of a cat and a dog with a unique twist: they're connected, literally. They share one body with a Dog's head at one end and Cat's head on the other. Adding to their dilemma is Cat's annoyance with Dog, mainly caused by Dog's stupidity and Cat's up-tight personality. Characters: Cat - Cat is the smarter one of the two brothers, and is always hatching some kind of plot to get his brother to calm down, so that Cat doesn't get beat around and hurt. Even though most of these plots involve messing with Dog's feeble mind, they often backfire on Cat, much to his dismay. It may not show all the time but, he deeply loves, and cares for his brother Dog. Dog - Dog is the more lovable of the two brothers, Dog loves to play and party and play some more, he loves baseball and playing fetch with frisbees, balls, sticks, etc, He is very friendly, and happy, but does have a breaking point. He's very sensitive, and if he fails at something he feels horrible, and worthless
5843|Locked Up|Set up to take the blame for corporate fraud, young Macarena Ferreiro is locked up in a high-security women's prison surrounded by tough, ruthless criminals in this tense, provocative Spanish thriller.
5897|Sense8|One gunshot, one death, one moment out of time that irrevocably links eight minds in disparate parts of the world, putting them in each other's lives, each other's secrets, and in terrible danger. Ordinary people suddenly reborn as "Sensates."
104|1917|At the height of the First World War, two young British soldiers must cross enemy territory and deliver a message that will stop a deadly attack on hundreds of soldiers.
6398|The King: Eternal Monarch|Korean emperor Lee Gon tries to close the doors to a parallel world which was opened by demons; a detective tries to protect the people and the one she loves.
6898|Marvel Zombies|After the Avengers are overtaken by a zombie plague, a desperate group of survivors discover the key to bringing an end to the super-powered undead, racing across a dystopian landscape and risking life and limb to save their world.
859|Tiny Toon Adventures|Follow the adventures of a group of young cartoon characters who attend the Acme Looniversity to become the next generation of characters from the Looney Tunes series.
6362|The Dragon Prince|An extraordinary discovery inspires two human princes and an elven assassin to team up on an epic quest to bring peace to their warring lands.
6494|The Flash|When a bolt of lightning crashes through a police crime lab, a mix of electrically charged substances bathes chemist Barry Allen, transforming him into the fastest man alive--The Flash.
5866|Obi-Wan Kenobi|During the reign of the Galactic Empire, former Jedi Master, Obi-Wan Kenobi, embarks on a crucial mission to confront allies turned enemies and face the wrath of the Empire.
6166|Crash Landing on You|A paragliding mishap drops a South Korean heiress in North Korea -- and into the life of an army officer, who decides he will help her hide.
6715|Slasher|Thirty years ago, in the sleepy community of Waterbury, a killer known as “The Executioner” murdered Sarah Bennett's parents. Now Sarah and her husband Dylan have returned to town, only to find herself the centerpiece in a series of horrifying murders centered around the seven deadly sins.
2465|Dragon Ball Z: Resurrection 'F'|One peaceful day on Earth, two remnants of Frieza's army named Sorbet and Tagoma arrive searching for the Dragon Balls with the aim of reviving Frieza. They succeed, and Frieza subsequently seeks revenge on the Saiyans.
6045|She-Hulk: Attorney at Law|Jennifer Walters navigates the complicated life of a single, 30-something attorney who also happens to be a green 6-foot-7-inch superpowered hulk.
6283|ThunderCats|The inhabitants of the planet Thundera evacuate just before it is destroyed. They were pursued by a band of mutants. All but one of their escape ships was destroyed. Only a small group of Thunderans (Thundercats) remained. With only half engine power, the group, which was led by Jaga, had to set a course for the nearest planet. Jaga commanded their ship while the other seven were in their stasis tubes. Jaga died on their journey to Third Earth and their ship crashed there. Soon they made friends with various groups in the area and they designed a fortress. Mumm-Ra the centuries-old embodiment of evil, along with the mutants that destroyed the rest of the Thunderans are a constant threat. But Lion-O, the new leader of the Thundercats, with his weapon the "Sword of Omens" will help the Thundercats to have a standing chance.
5868|Pasión de Gavilanes|The Reyes-Elizondo's idyllic lives are shattered by a murder charge against Eric and León.
4822|Ned's Declassified School Survival Guide|The whacky adventures of Ned Bigby and his best pals Moze and Cookie at James K. Polk Middle School, as "every-kid" Ned shatters the fourth wall to share tips and tricks on navigating middle school or junior high hurdles. Ned's not super cool, and he has no superpowers. He is, however, witty, well-groomed, upbeat and self-aware. Moreover, with more than a little help from his two best friends, he's equipped to conquer middle school minefields. From crushing bullies to crushes, from off- the-wall, mean and cool teachers to pop quizzes, elections and detentions, Ned knows that nothing, including the seventh grade, is as bad as it seems, and friendship matters most.
3018|He-Man and the Masters of the Universe|When Adam, Prince of the planet Eternia, raises his magic sword he transforms into He-Man (the most powerful man in the universe).  With his allies and friends, he battles the evil Skeletor and his minions to protect the secrets of Castle Greyskull.
6070|Big Time Rush|Four teenage friends move from Minneapolis to Los Angeles to form a potential chart-topping boy band after Kendall is inadvertently discovered by an eccentric record executive, Gustavo Rocque. As they seize this opportunity of a lifetime, these friends embark on an exciting comedy and music-filled journey to prove to themselves and their record label that they are serious about their new career choice.
6787|Shaman King|Asakura Yoh is a shaman, a person who communicates with ghosts. He enters the Shaman Fight, for whoever wins the tournament gets to commune with the Great Spirit, God... that and his fiance Anna wants to be the wife of the Shaman King. Helping him are his friends Manta, Horo Horo, Ryu, and his samurai ghost partner, Amidamaru.
646|Ex Machina|Caleb, a coder at the world's largest internet company, wins a competition to spend a week at a private mountain retreat belonging to Nathan, the reclusive CEO of the company. But when Caleb arrives at the remote location he finds that he will have to participate in a strange and fascinating experiment in which he must interact with the world's first true artificial intelligence, housed in the body of a beautiful robot girl.
5900|Rosario Tijeras (Mexico)|Worlds collide when a vengeance-obsessed young woman from the other side of the tracks captures the attention of two well-off friends.
6086|Drawn Together|The world's first animated reality series gathers icons from all corners of the cartoon universe and lets them loose, with plenty of cameras to catch their exploits. Here's what happens when eight cartoon characters stop being polite and start getting real.
3244|The Piano|When an arranged marriage brings Ada and her spirited daughter to the wilderness of nineteenth-century New Zealand, she finds herself locked in a battle of wills with both her controlling husband and a rugged frontiersman to whom she develops a forbidden attraction.
4337|Barbie Mariposa|Elina, heroine of the Fairytopia films tells her friend Bibble the story of Flutterfield, a faraway kingdom populated by fairies with butterfly wings. Henna, the evil butterfly fairy has poisoned the queen of Flutterfield in an attempt to take over the kingdom.
5707|The Ballad of Cable Hogue|Double-crossed and left without water in the desert, Cable Hogue is saved when he finds a spring. It is in just the right spot for a much needed rest stop on the local stagecoach line, and Hogue uses this to his advantage. He builds a house and makes money off the stagecoach passengers. Hildy, a prostitute from the nearest town, moves in with him. Hogue has everything going his way until the advent of the automobile ends the era of the stagecoach.
5895|Teresa|Teresa Chavez is a young woman with an obsession for money and ambition. Despite her beauty and the fact that she was raised in the bosom of a loving family, she is resentful; her one desire is to leave her humble but poor neighbourhood.
5959|1899|When mysterious events change the course of an immigrant ship headed for New York in 1899, a mind-bending riddle unfolds for its bewildered passengers.
6114|Vecinos|The everyday life of people in Mexican neighborhoods, where anything can be found. Each episode interacts between these peculiar neighbors, where they encounter real and fictitious problems.
6873|Kid vs. Kat|Ten-year-old Coop Burtonburger's life takes a turn for the worse when his little sister, Millie, brings home a mysterious stray cat who, in reality, is an evil cybernetic alien in disguise. To make matters worse, neither his family nor anyone else believes him, except for his best friend, Dennis. Now, Coop risks his life every day as he attempts to foil the cat's diabolical schemes and prove to the world that the family pet is an evil mastermind.
7067|Danger Force|Captain Man has a new crew of superhero sidekicks - Danger Force. Captain Man and Schwoz create a fake school to train the kids to harness their uncontrollable superpowers to fight crime.
6492|X-Men: Evolution|Teenagers Cyclops, Jean Grey, Rogue, Nightcrawler, Shadowcat, and Spike fight for a world that fears and hates them.
6706|The Adventures of Tintin|Travel with Tintin, the young and intrepid Belgian reporter, and his faithful dog Snowy as they take you from Tibet to the Moon, or from Egypt to the depths of the sea -- solving mysteries, pursuing truth and justice, and gambling with their lives.
6738|Saint Seiya: The Lost Canvas|The Sacred war tale that took place during the 18th century is now unveiled. Tenma, Alone and Sasha, three orphans living their childhood protecting each other and then separated at diferent ages made a pact to meet again. Find themselves again connected but now in roles they never saw as posible. Pegasus, Hades and Athena. Its now time to fight but destiny can be bitter since war between Athena and Hades forces can put old friends and families face to face.
7025|Girl Meets World|The adventures of relatable and adventurous Riley Matthews, the tween daughter of Cory and Topanga Matthews, and her bold best friend Maya as they traverse the twists and turns of teenage years at Manhattan's John Quincy Adams Middle School where Riley's dad is their History teacher.
6786|Mr. Bean: The Animated Series|The animated daily trials and tribulations of clueless yet clever loner Mr Bean (aided by his best friend Teddy of course!) as he stumbles from one mishap to the next, always finding complex solutions to the simplest of problems.
6515|Wonder Woman|With the strength of Hercules, the wisdom of Athena, the speed of Mercury and the beauty of Aphrodite, she’s Wonder Woman. Beautiful Amazon princess Wonder Woman travels to 1940s America disguised as Diana Prince, assistant to handsome but trouble-prone Major Steve Trevor. Using her golden belt, which imbues her with astonishing strength, her bullet-deflecting bracelets, a golden lasso that dispels dishonesty and an invisible supersonic plane, Wonder Woman combats evil.
7070|House of Anubis|Strange things are happening at an English boarding school called House of Anubis. Popular student Joy goes missing, the school's cranky caretaker has a creepy stuffed crow and the school's attic may be haunted. When recent American transplant Nina gets thrust into the school during this time, she decides to investigate along with her new friend, Fabian, and housemates.
2712|Dragon Ball Z: Wrath of the Dragon|The Z Warriors discover an unopenable music box and are told to open it with the Dragon Balls. The contents turn out to be a warrior named Tapion who had sealed himself inside along with a monster called Hildegarn. Goku must now perfect a new technique to defeat the evil monster.
6841|Zoids: Chaotic Century|Set on the distant planet Zi, the story unfolds in a world where biomechanical creatures called Zoids serve as powerful weapons in the long-standing conflict between the Helic Republic and the Guylos Empire. A fragile ceasefire holds, but rising tensions and the return of ancient Zoidian technology threaten to plunge both nations back into war. The story follows Van Flyheight, a young boy who discovers Fiona, a mysterious girl with no memory, and Zeke, an Organoid capable of enhancing a Zoid’s combat abilities. Traveling with the resourceful Moonbay and the reserved mercenary Irvine, the group searches for clues to Fiona’s past. Their journey leads them across the Republic and eventually into the heart of a renewed conflict that will shape the future of Zi.
6791|Barbie: Life in the Dreamhouse|The series is set as a reality TV-esque show following Barbie, her sisters and her friends in the day-to-day activities that take place in the Dreamhouse and surrounding areas. Much of the humor in the show derives from parodying and lampooning both the traditional reality TV format and the Barbie franchise itself.
7045|Sam & Cat|Sam Puckett is loud, independent, and tough as nails, while Cat Valentine is sweet as pie and super flighty. But that doesn't stop this unlikely pair from becoming best buds and roomies!  Together, they're a power duo with a love for fun and adventure -- it's just too bad that it doesn't come cheap. Burgers at their favorite robot restaurant Bots don't grow on trees, after all. A booming out-of-home babysitting business quickly becomes the answer to their empty-pocket problems, but also an extra reason for countless wacky adventures to come!
6820|Dorohedoro|Amnesiac Caiman seeks to undo his lizard head curse by killing the sorcerer responsible, with his friend Nikaido's help. In the Hole, that's a threat.
4987|Pokémon: Mewtwo Returns|The Team Rocket leader, Giovanni, has found Mewtwo in a remote area of the Johto region. As Giovanni tries to re-capture Mewtwo, Ash and his friends are kidnapped by Domino, a new Team Rocket member, while trying to rescue Pikachu from Jessie and James. The Clone Pokemon are also captured and are then used as bait for Mewtwo. The situation then becomes a battle between the wills of Mewtwo and Giovanni; and Mewtwo also tries to discover if it and the clones have a purpose in life, even though they are products of science.
6921|Devil May Cry|When a mysterious villain threatens to open the gates of Hell, a devilishly handsome demon hunter could be the world's best hope for salvation.
6501|Foster's Home for Imaginary Friends|Children who create imaginary friends usually take care of them until they are 7-8 years old. Imaginary friends, left on their own after this event, continue to live in this home founded by old Madam Foster.
6367|SAINT SEIYA: Knights of the Zodiac|Seiya and the Knights of the Zodiac rise again to protect the reincarnation of the goddess Athena, but a dark prophecy hangs over them all.
6670|The Twilight Zone|Tales of science fiction, fantasy and the occult, exploring humanity's hopes, despairs, prides and prejudices in metaphoric ways. Next stop ahead The Twilight Zone.
3568|Bound by Honor|Based on the true life experiences of poet Jimmy Santiago Baca, the film focuses on half-brothers Paco and Cruz, and their bi-racial cousin Miklo. It opens in 1972, as the three are members of an East L.A. gang known as the "Vatos Locos", and the story focuses on how a violent crime and the influence of narcotics alter their lives. Miklo is incarcerated and sent to San Quentin, where he makes a "home" for himself. Cruz becomes an exceptional artist, but a heroin addiction overcomes him with tragic results. Paco becomes a cop and an enemy to his "carnal", Miklo.
7010|The Angry Video Game Nerd|The Angry Video Game Nerd is an adult web television series of comedic retrogaming video reviews created by and starring James Rolfe. The show's format revolves around his commentary and review of older, but unsuccessful video games which are deemed to be of particularly low-quality, unfair difficulty or poor design.  The series began as a feature on YouTube and later became a program on ScrewAttack Entertainment before moving to GameTrailers exclusively. The show was renamed The Angry Video Game Nerd to prevent any trademark issues with Nintendo and due to the fact he started reviewing games from non-Nintendo consoles such as those made by Atari and Sega.  Rolfe's character, "The Nerd" is a short-tempered and foul-mouthed video game fanatic. He derives comic appeal from excessive and inventive use of anger, profanity, and habitual consumption of alcohol while reviewing video games.
4390|High School of the Dead: Drifters of the Dead|In their efforts to find a safe haven from the zombie apocalypse, the gang find themselves on a deserted island. Now, they take advantage of the momentary respite to enjoy some surf, sand and bathing suits!
7033|Meteor Garden|An ordinary girl is admitted to the most prestigious school in the country where she encounters F4, an exclusive group comprised of the four wealthiest and handsomest boys in the school - Dao Mingsi, Hua Zelei, Xi Men and Mei Zuo.
2660|Dragon Ball Z: Fusion Reborn|Not paying attention to his job, a young demon allows the evil cleansing machine to overflow and explode, turning the young demon into the infamous monster Janemba. Goku and Vegeta make solo attempts to defeat the monster, but realize their only option is fusion.
2740|Dragon Ball Z: Cooler's Revenge|After defeating Frieza, Goku returns to Earth and goes on a camping trip with Gohan and Krillin. Everything is normal until Cooler - Frieza's brother - sends three henchmen after Goku. A long fight ensues between our heroes and Cooler, in which he transforms into the fourth stage of his evolution and has the edge in the fight... until Goku transforms into a Super Saiyan.
6797|Aaahh!!! Real Monsters|Three young monsters — Ickis, Oblina and Krumm — attends an institute for monsters under a city dump and learn to frighten humans.
7043|What is Fatmagul's Fault?|Fatmagul, a simple happy village girl, is violated by 4 drunk rich young men, the extreme hardship she faces forced to marry a rapist and the great remorse felt by others for their inaction when innocence was violated forms the story.
2600|Dragon Ball Z: The Return of Cooler|Cooler has resurrected himself as a robot and is enslaving the people of New Namek. Goku and the gang must help.
2790|Dragon Ball Z: Bojack Unbound|Mr. Money is holding another World Martial Arts Tournament and Mr. Satan invites everyone in the world to join in. Little does he know that Bojack, an ancient villain who has escaped his prison, is competing. Since Goku is currently dead, it is up to Gohan, Vegeta, and Trunks to defeat Bojack and his henchman.
7055|Sonny with a Chance|Allison "Sonny" Munroe makes the leap from the Midwest to Los Angeles to join the cast of "So Random!," the most popular sketch comedy TV show for kids and tweens. Her fellow young actors are resident teen queen Tawni, super suave Nico, gregarious funnyman Grady and quirky Zora. Now Sonny must somehow balance these new friendships while adjusting to her family's decidedly different way of life in Hollywood. Meanwhile, Sonny must also contend with heartthrob Chad Dylan Cooper, star of the rival show "MacKenzie Falls," who makes it known that he thinks his dramatic work is better than her comedy career.
6457|Resident Evil|Nearly three decades after the discovery of the T-virus, an outbreak reveals the Umbrella Corporation's dark secrets. Based on the horror franchise.
6833|Digimon Tamers|Takato, Ruki, and Lee are children who have, by fate, received real Digimon, unlike the imaginary ones in the card game they play. Each of the children, or Digimon Tamers, have their different views on how Digimon should be treated. But when other Digimon begin to appear around Japan, they must put aside their differences to fend off the digital intruders.
6369|Kick Buttowski: Suburban Daredevil|Clarence Buttowski, a young boy, aspires to become the world's greatest daredevil, as he gets help from Gunther, his loyal friend and partner-in-crime.
5270|The Cove|The Cove tells the amazing true story of how an elite team of individuals, films makers and free divers embarked on a covert mission to penetrate the hidden cove in Japan, shining light on a dark and deadly secret. The shocking discoveries were only the tip of the iceberg.
6676|Rubí|Rubí Pérez  is a very beautiful but poor woman who studies at an exclusive university thanks to the financial support from Cristina , her hard-working older sister. She is best friends with Maribel de la Fuente , a kind and wealthy young woman.  Rubí is actually jealous of Maribel's social status while pitying her disability and dreams of marrying a rich man to leave poverty behind.
3133|Creep|Trapped in a London subway station, a woman who's being pursued by a potential attacker heads into the unknown labyrinth of tunnels beneath the city's streets
6503|The Mask: Animated Series|Insecure bank clerk Stanley Ipkiss uses an ancient mask to gain superpowers while taking on the mischievous and cartoonish, but heroic and good-hearted personality of The Mask
6498|Doom at Your Service|A woman with only a short time to live and a man with the supernatural power to bring the world to an end discover the true meaning of life and love.
5186|Heidi|Heidi, is an eight-year-old Swiss orphan who is given by her aunt to her mountain-dwelling grandfather. She is then stolen back by her aunt from her grandfather to live in the wealthy Sesemann household in Frankfurt, Germany as a companion to Klara, a sheltered, disabled girl in a wheelchair. Heidi is unhappy but makes the best of the situation, always longing for her grandfather.
6584|False Identity|Isabel and Diego, two complete strangers, must assume the identity of a married couple in order to flee the state of Sonora.
2531|Soylent Green|In the year 2022, overcrowding, pollution,  and resource depletion have reduced society’s leaders to finding food for the teeming masses. The answer is Soylent Green.
7062|Violetta|A musically talented teenager returns to her native Buenos Aires with her father, Herman, after living in Europe for several years, navigating the trials and tribulations of growing up.
5586|Taking Woodstock|The story of Elliot Tiber and his family, who inadvertently played a pivotal role in making the famed Woodstock Music and Arts Festival into the happening that it was. When Elliot hears that a neighboring town has pulled the permit on a hippie music festival, he calls the producers thinking he could drum up some much-needed business for his parents' run-down motel. Three weeks later, half a million people are on their way to his neighbor’s farm in White Lake, New York, and Elliot finds himself swept up in a generation-defining experience that would change his life–and American culture–forever.
5992|Without Breasts There Is No Paradise|The tragic story of Catalina Santana, whose ambition is so strong that she will risk her life due to her obsession with having bigger breasts to attract drug lords and have all the luxuries in the world.
4186|Naruto Shippuden the Movie|Demons that once almost destroyed the world, are revived by someone. To prevent the world from being destroyed, the demon has to be sealed and the only one who can do it is the shrine maiden Shion from the country of demons, who has two powers; one is sealing demons and the other is predicting the deaths of humans. This time Naruto's mission is to guard Shion, but she predicts Naruto's death. The only way to escape it, is to get away from Shion, which would leave her unguarded, then the demon, whose only goal is to kill Shion will do so, thus meaning the end of the world. Naruto decides to challenge this "prediction of death."
2951|Clown|A loving father finds a clown suit for his son's birthday party, only to realize the suit is part of an evil curse that turns its wearer into a killer.
7038|My Wife and Kids|Michael Kyle is a loving husband and modern-day patriarch who rules his household with a unique and distinct parenting style. As he teaches his three children some of life's lessons, he does so with his own brand of humor.
6721|Scooby-Doo and Scrappy-Doo|Everyone’s favorite mystery-solving Great Dane is here to find clues, along with a little help from his energetic nephew and four human companions.
5177|Frankenweenie|When young Victor's pet dog Sparky (who stars in Victor's home-made monster movies) is hit by a car, Victor decides to bring him back to life the only way he knows how. But when the bolt-necked "monster" wreaks havoc and terror in the hearts of Victor's neighbors, he has to convince them (and his parents) that despite his appearance, Sparky's still the good loyal friend he's always been.
2686|Sleeper|Miles Monroe, a clarinet-playing health food store proprietor, is revived out of cryostasis 200 years into a future world in order to help rebels fight an oppressive government regime.
4300|Dragon Ball Z: The History of Trunks|It has been thirteen years since the Androids began their killing rampage and Son Gohan is the only person fighting back. He takes Bulma's son Trunks as a student and even gives his own life to save Trunks's. Now Trunks must figure out a way to change this apocalyptic future
6431|Happy Tree Friends|This action and adventure comedy is drawn in simple appearance and combines cute forest animals with extreme graphic violence. Each episode revolves around the characters enduring accidental events of bloodshed, pain, dismemberment and/or death.
6677|Taken|The show takes place from 1944 to 2002 and follows the lives of three families: the Crawfords, who seek to cover up the Roswell crash and the existence of aliens; the Keys, who are subject to frequent experimentation by the aliens; and the Clarkes, who sheltered one of the surviving aliens from the crash.
4371|Naruto Shippuden the Movie: The Lost Tower|Assigned on a mission to capture Mukade, a missing-nin, Naruto Uzumaki sets out for the once glorious historic ruins of "Ouran", where he pursues and corners the rouge ninja. Mukade's goal is revealed to be a dormant leyline within the ruins; he unleashes the power of the leyline, causing a light to envelop Naruto, sending him into the past, 20 years before the series began. When Naruto awakens, he comes into contact with the Fourth Hokage, Minato Namikaze.
2345|Pig|A truffle hunter who lives alone in the Oregon wilderness must visit Portland to find the mysterious person who stole his beloved foraging pig.
6484|Adventure Time: Distant Lands|Based on the animated series Adventure Time, these four specials explore the unseen corners of the world with both familiar and exciting brand-new characters.
5931|La hija del Mariachi|Emiliano, a wealthy Mexican businessman, is ripped off by his friends and partners. Hidden in Bogotá, he receives help from Rosario, a mariachi singer. She does not know Emiliano’s background and that he is wanted by the police of two countries and by a criminal organization. With a new name and personality, he adapts well to his new life as a mariachi band member and finds in Rosario the love of his life. But he is afraid his secret will tear them apart. He needs to clear his name and resolve his case to avoid that fate. Meanwhile, he often finds his love tested and vulnerable to several rivals, but Rosario always trusts that he has been honest with her.
6877|Beast Wars: Transformers|Two spaceships, one manned by benevolent Maximals, the other by evil Predacons, crash-land on a pre-humanoid planet while en route to Earth. Their crews assume indigenous animal forms to protect themselves from an overabundance of natural energy, transforming into robots to do battle. Thus, the Beast Wars have begun...
6192|High School Musical: The Musical: The Series|A group of East High students countdown to the opening night of their school’s first-ever production of “High School Musical.” Showmances blossom; friendships are tested while new ones are made; rivalries flare and lives are changed forever as these young people discover the transformative power that only a high school drama club can provide.
4993|Lou|A Pixar short about a lost-and-found box and the unseen monster within.
6488|Motherland: Fort Salem|Set in an alternate America where witches ended their persecution over 300 years ago by cutting a deal with the government to fight for their country, the series follows three young women from basic training in combat magic into early deployment.
4304|Boundin'|On a high mountain plain lives a lamb with wool of such remarkable sheen that he breaks into high-steppin' dance. But there comes a day when he loses his lustrous coat and, along with it, his pride. It takes a wise jackalope - a horn-adorned rabbit - to teach the moping lamb that wooly or not, it's what's inside that'll help him rebound from life's troubles.
6218|Pinky and the Brain|Pinky and Brain are genetically enhanced laboratory mice who reside in a cage in the Acme Labs research facility. Brain is self-centered and scheming; Pinky is good-natured but feebleminded. In each episode, Brain devises a new plan to take over the world, which ultimately ends in failure, usually due to Pinky's idiocy, the impossibility of Brain's plan, Brain's own arrogance, or just circumstances beyond their control.
4363|Naruto Shippuden the Movie: Bonds|A mysterious group of ninjas makes a surprise attack on the Konohagakure, which takes great damage. The nightmare of another Shinobi World War could become a reality. Sasuke, who was still a missing nin from Konoha trying to kill his brother, Itachi, appears for the second time in front of Naruto at an unknown location to prevent it from happening.
4382|Hair Love|When dad has to unexpectedly step in for mom to do his daughter Zuri’s hair before a big event, what seems like a simple task is anything but as these locks have a mind of their own!
6176|Mr. Pickles|The Goodman family lives with their lovable pet dog, Mr. Pickles, a deviant border collie with a secret satanic streak.
6120|La familia P. Luche|A family that deals with the conflicts and problems of daily life but in a comical and exaggerated way with the particularity that they live in a city that is built entirely of stuffed animals and with all the stuffed accessories.
4369|Naruto Shippuden the Movie: The Will of Fire|Ninjas with bloodline limits begin disappearing in all the countries and blame points toward the fire nation. By Tsunade's order, Kakashi is sacrificed to prevent an all out war. After inheriting charms left by Kakashi, Naruto fights through friends and foes to prevent his death while changing the minds of those who've inherited the will of fire.
6477|Heroes Reborn|The supernatural phenomenon begins again with a fresh crop of inspiring heroes who take on the ultimate struggle between those with extraordinary abilities and those with nefarious motives to hunt and harness their powers. Epic adventures await these newly empowered allies as they cross paths with some of the original characters, unlocking the mysterious fate of the universe and their place within it.
5985|What Life Took From Me|"What Life Took From Me" is a Mexican telenovela produced by Angelli Nesma Medina for Televisa. It is a remake of Bodas de odio, produced by Ernesto Alonso in 1983. In 2003, "True Love", the first remake, was produced by Carla Estrada. Unlike Bodas de odio and "True Love", "What Life Took From Me" has been adapted to the present time.
5263|Hot Girls Wanted|A first-ever look at the realities of the professional “amateur” porn world and the steady stream of 18-to-19-year old girls entering into it.
6813|¡Mucha Lucha!|¡Mucha Lucha! is an American-Canadian animated television series created by Eddie Mort and Lili Chin. The show is set in a town centered around lucha libre and follows the adventures of three children, Rikochet, The Flea and Buena Girl, as they struggle through the Foremost World-Renowned International School of Lucha, where they study.
5125|Stargirl|An unassuming high schooler finds himself inexplicably drawn to the free-spirited new girl, whose unconventional ways change how they see themselves…and their world.
1747|The Guardians of the Galaxy Holiday Special|On a mission to make Christmas unforgettable for Quill, the Guardians head to Earth in search of the perfect present.
4560|Society|Bill Whitney is worried that he is different to his sister and parents. They mix with other upper-class people while Bill is more down to earth. Even his girlfriend seems a bit odd. All is revealed when Bill returns home to find a party in full swing.
6304|Battlestar Galactica|A re-imagining of the original series in which a "rag-tag fugitive fleet" of the last remnants of mankind flees pursuing robots while simultaneously searching for their true home, Earth.
2441|65|65 million years ago, the only 2 survivors of a spaceship from Somaris that crash-landed on Earth, must fend off dinosaurs to reach the escape vessel in time before an imminent asteroid strike threatens to destroy the planet.
6164|Slugterra|Following his father's death, 15-year-old Eli Shane embraces his destiny to follow in his dad's footsteps to a secret, subterranean world called Slugterra where he is determined to be the greatest Slugslinging hero of them all!
2638|Dragon Ball Z: Broly - The Legendary Super Saiyan|While the Saiyan Paragus persuades Vegeta to rule a new planet, King Kai alerts Goku of the South Galaxy's destruction by an unknown Super Saiyan.
6340|Saint Seiya: Soul of Gold|Transcending eternity, the 12 Gold Saints return to protect love and peace on Earth! They gave their lives to destroy the Wailing Wall to break the way for Seiya and the Saints in their battle against Hades in the Underworld! Though presumed to have perished, Aiolia and the other Gold Saints return to the beautiful earthly world of radiating luminescence! Why have these lost souls been brought back to life? Shrouded in this deep mystery, Aiolia becomes embroiled in a duel. When he burns his Cosmo to its limit…the Cloth of Leo transforms! In 2015, the Golden Cosmo is finally revived!
2438|Dragon Ball Super: Super Hero|The Red Ribbon Army, an evil organization that was once destroyed by Goku in the past, has been reformed by a group of people who have created new and mightier Androids, Gamma 1 and Gamma 2, and seek vengeance against Goku and his family.
6154|The Office|Nightmare boss. Tedious colleagues. Pointless tasks. Welcome to Wernham Hogg. Fancy a tea break with David Brent? Classic comedy from the archive.
4476|Monster|After an outburst at school involving her son, a concerned single mother demands answers, triggering a sequence of deepening suspicion and turmoil.
6756|El Chavo: The Animated Series|El Chavo Animado is a Mexican animated series based on a live-action TV series of the same name, created by Roberto Gómez Bolaños.
4327|One Piece Film: Z|Zephyr, now known as Z, rides the seas with only one goal: Destroy all pirates and their dreams at becoming King of Pirates. When Luffy and his crew encounter him at sea, not only are they utterly defeated by the man with an arm made of Seastone, Nami, Robin, and Chopper are turned 10 years younger due to Z's minion Ain. Luffy is so determined to win against him that he does not even notice Z's master plan that could sacrifice thousands of lives.
6818|Celebrity Deathmatch|Celebrity Deathmatch is a claymation television show that depicts celebrities against each other in a wrestling ring, almost always ending in the loser's gruesome death. It was known for its excessive amount of blood used in every match and exaggerated physical injuries.  The series was created by Eric Fogel; with the pilots airing on MTV on January 1 & 25 1998. The initial series ran from May 14, 1998 to October 20, 2002, and lasted for a 75-episode run. There was one special that did not contribute to the final episode total, entitled "Celebrity Deathmatch Hits Germany", which aired on June 21, 2001. Professional wrestler Stone Cold Steve Austin gave voice to his animated form as the guest commentator. Early in 2003, a film based on the series was announced by MTV to be in the making, but the project was canceled by the end of that year.  In 2005, MTV2 announced the revival of the show as part of their "Sic 'Em Friday" programming block. Originally set to return in November 2005, the premiere was pushed back to June 10, 2006 as part of a new "Sic'emation" block with two other animated shows, Where My Dogs At and The Adventures of Chico and Guapo. The show's fifth season was produced by Cuppa Coffee Studios and the premiere drew over 2.5 million viewers, becoming MTV2's highest rated season premiere ever.
4609|Q|A fleeing gangland flunky discovers the New York nest of Aztec deity Quetzalcoatl, the man-eating flying serpent.
6453|Pucca|"Pucca" is a TV series based on a Flash animation series published by Vooz Character Systems. It follows the trails and exploits of a South Korean girl named Pucca who is insanely in love with a prideful ninja named Garu. Meanwhile, Garu and Pucca help their town of Sooga Village out when evil ninjas attack, as well as diffuse a lot of the absurd situations that frequently plague the town. This show could best be described as a cleaned-up version of South Park meets Looney Tunes meets Naruto. There is some very subtly hidden adult humor; but most of the adult jokes would not go noticed by small children, who are the primary audience.
6938|1000 Ways to Die|The science of living and the randomness of death are combined with a dash of Darwinism. Forensic experts, pathologists, toxicologists, herpetologists, and other experts offer eloquent explanations of mortality.
6655|The Wilds|A group of teen girls from different backgrounds must fight for survival after a plane crash strands them on a deserted island. The castaways both clash and bond as they learn more about each other, the secrets they keep, and the traumas they've all endured. But there’s just one twist… these girls did not end up on this island by accident.
6447|The Langoliers|A jet leaves on a red-eye flight from Los Angeles to Boston. But early in the flight, ten passengers awaken to a startling realization: All of the other passengers have vanished.
4930|Nightbreed|A troubled young man is drawn to a mythical place called Midian where a variety of friendly monsters are hiding from humanity. Meanwhile, a sadistic serial killer is looking for a patsy.
6222|Doña Bárbara|Doña Bárbara is a Spanish-language telenovela produced by the United States-based television network Telemundo, Sony Pictures Television International and RTI Colombia. Edith González and Christian Meier star in this adaptation of the 1929 novel by Venezuelan author Rómulo Gallegos.
6499|3%|In a future where the elite inhabit an island paradise far from the crowded slums, you get one chance to join the 3% saved from squalor.
4739|Gallipoli|Two Australian sprinters face the brutal realities of war when they are sent to fight in the Gallipoli campaign in the Ottoman Empire during World War I.
2487|Dragon Ball Z: Battle of Gods|The events of Battle of Gods take place some years after the battle with Majin Buu, which determined the fate of the entire universe. After awakening from a long slumber, Beerus, the God of Destruction is visited by Whis, his attendant and learns that the galactic overlord Frieza has been defeated by a Super Saiyan from the North Quadrant of the universe named Goku, who is also a former student of the North Kai. Ecstatic over the new challenge, Goku ignores King Kai's advice and battles Beerus, but he is easily overwhelmed and defeated. Beerus leaves, but his eerie remark of "Is there nobody on Earth more worthy to destroy?" lingers on. Now it is up to the heroes to stop the God of Destruction before all is lost.
7014|Once Upon a Time... Life|Attention please! Are you ready for an adventurous tour through the human body? With a lot of humour, our physical appearance is being introduced from head to toe along cells and organs in an educational way. The heart, blood, nerves and kidneys, each single one is a miracle which renders life possible.
4618|Prom Night|At a high school senior prom, a masked killer stalks four teenagers who were responsible for the accidental death of a classmate six years prior.
4959|Dagon|A boating accident off the coast of Spain sends Paul and his girlfriend Barbara to the decrepit fishing village of Imboca. As night falls, people start to disappear and things not quite human start to appear. Paul is pursued by the entire town. Running for his life, he uncovers Imboca's secret..they worship Dagon, a monstrous god of the sea...and Dagon's unholy offspring are on the loose...
5871|Love Alarm|Love Alarm is an app that tells you if someone within a 10-meter radius has a crush on you. It quickly becomes a social phenomenon. While everyone talks about it and uses it to test their love and popularity, Jojo is one of the few people who have yet to download the app. However, she soon faces a love triangle situation between Sun-oh whom she starts to have feelings for, and Hye-young, who has had a huge crush on her.
4598|Opera|A young opera singer is stalked by a deranged fan bent on killing the people associated with her to claim her for himself.
5646|El Infierno|After being deported back to Mexico, a man has no choice but to join the vicious drug cartel that has corrupted his hometown in order to survive.
3049|The Sadness|A young couple is pushed to the limits of sanity as they attempt to be reunited amid the chaos of a pandemic outbreak. The streets erupt into violence and depravity, as those infected are driven to enact the most cruel and ghastly things imaginable.
6399|My Holo Love|Unexpected love finds a lonely woman when she forms a connection with a humanlike hologram who looks exactly like his prickly creator.
5995|Brazil Avenue|Brazil Avenue is a dynamic, lifelike, and modern telenovela that reveals how unrelenting ambition and inflicted cruelty can change a young girl’s destiny and lead her to seek revenge.  
6526|Surviving Escobar - Alias JJ|As the Medellín Cartel crumbles, Pablo Escobar's No. 1 hit man struggles to stay alive and gain respect in the prison hierarchy.
6848|Robotech|Robotech is an 85-episode adaptation of three different anime television series made between 1982-1984 in Japan; the adaptation was aired in 1985. Within the combined and edited story, Robotechnology refers to the scientific advances discovered in an alien starship that crashed on a South Pacific island. With this technology, Earth developed giant robotic machines or mecha to fight three successive extraterrestrial invasions.
7054|Big Shot|After getting ousted from his job in the NCAA for throwing a chair at a referee, a hothead men’s basketball coach Marvyn Korn must take a job at Westbrook School for Girls, a private all-girls high school, in an effort to redeem what's left of his career and reputation.
3101|Ju-on: The Grudge|When a social worker is sent to check on a traumatized elderly woman whose family have moved in at the site of a notorious murder case, she unwittingly unleashes a cycle of terror that transmits via its victims.
6740|The King of Fighters: Destiny|An animated tie-in for the video games The King of Fighters: World and The King of Fighters: Destiny.
4758|Creation of the Gods I: Kingdom of Storms|Based on the most well-known classical fantasy novel of China, Fengshenyanyi, the trilogy is a magnificent eastern high fantasy epic that recreates the prolonged mythical wars between humans, immortals and monsters, which happened more than three thousand years ago.
6334|Halo 4: Forward Unto Dawn|UNSC Cadet Thomas Lasky must conquer his inner fears and join forces with super-soldier John-117 to take down a massive faction of the Covenant.
6683|La mujer en el espejo|La Mujer en el Espejo is the title of a Colombian telenovela that first aired in Colombia in 1997 and was later remade & aired again in Colombia in 2004 by Telemundo.
6299|V|Fifty spaceships, each three miles across, hover ominously above Earth's major cities. The Visitors that emerge are humanlike in appearance and extend the hand of friendship. Our planet's resources are just what these aliens need to survive. And for its future survival, unsuspecting humankind will need... a miracle!
2615|2046|Women enter and exit a science fiction author's life over the course of a few years after the author loses the woman he considers his one true love.
6504|Second chance|El cuerpo del Deseo also known as Second Chance is a Spanish-language telenovela produced by Telemundo and Film in Florida. This limited-run series is about a man who comes back from the dead and discovers dark secrets about his beautiful widow. The first version of El cuerpo del Deseo was En Cuerpo Ajeno produced by RTI Colombia in 1992.This telenovela was aired in 25 countries around the world.
5335|Restrepo|Directors Hetherington and Junger spend a year with the 2nd Battalion of the United States Army located in one of Afghanistan's most dangerous valleys. The documentary provides insight and empathy on how to win the battle through hard work, deadly gunfights and mutual friendships while the unit must push back the Taliban.
4500|Last Man Down|After civilization succumbs to a deadly pandemic and his wife is murdered, a special forces soldier abandons his duty and becomes a hermit in the Nordic wilderness. Years later, a wounded woman appears on his doorstep. She's escaped from a lab and her pursuers believe her blood is the key to a worldwide cure. He's hesitant to get involved, but all doubts are cast aside when he discovers her pursuer is none other than Commander Stone, the man that murdered his wife some years ago.
4252|An Extremely Goofy Movie|It's all extreme sports and a life of freedom as Max sets off for college -- but Goofy misses Max so much he loses his job and goes to finish college alongside Max and his friends. But as Goofy tries to get closer to Max, both must go to the extreme to learn how to live their own lives together.
5115|Zapped|Zoey is a talented dancer whose organized life is rudely disrupted when she moves in with her new step-dad and three step-brothers, until she discovers a dog-training app that can get boys to obey her every command. But she soon learns that it isn't the cure-all she had hoped for.
6022|Mi corazón es tuyo|Fernando Lascurain is a wealthy businessman and recent widower, attempting to raise his seven unruly children. He seeks the assistance of a new nanny. He hires and falls in love with Ana Leal, a struggling exotic dancer who tries to hide her double life. Although Ana lacks experience and a refined education, she quickly bonds with the Lascurain children. Ana dreams of being a mother, but when her home is destroyed following an accident, she must borrow money from her ruthless boss at "Chicago", the night club where she is secretly employed. When Fernando simultaneously falls for Ana and Isabela, an economist and sophisticated woman who is trained by her mother to marry a millionaire, he must choose between both women.
4912|Status Update|After being uprooted by his parents' separation and unable to fit into his new hometown, a teenager stumbles upon a magical app that causes his social media updates to come true.
3329|Desire|In a social context deteriorated by a countrywide economic crisis, the life of several people will be turned upside down after they meet Cécile, a character who symbolizes desire.
3104|Housebound|When Kylie Bucknell is sentenced to home detention, she's forced to come to terms with her unsociable behaviour, her blabbering mother and a hostile spirit who seems less than happy about the new living arrangement.
2820|1408|A man who specializes in debunking paranormal occurrences checks into the fabled room 1408 in the Dolphin Hotel. Soon after settling in, he confronts genuine terror.
6593|Pretty Little Liars: The Perfectionists|In Beacon Heights, a seemingly perfect town, a group of three college friends struggle with the stress of being overachievers. In the aftermath of the town’s first murder, each Perfectionist hides behind a secret, a lie and an alibi.
6999|The World at War|A documentary series that gives a historical account of the events of World War II, from its roots in the 1920s to the aftermath and the lives it profoundly influenced.
2721|Phantasm|A teenage boy and his friends face off against a mysterious grave robber, known only as the Tall Man, who employs a lethal arsenal of unearthly weapons.
6794|Inspector Gadget|Inspector Gadget is a clumsy, dim-witted human cyborg detective with various bionic gadgets built into his body. Gadget stumbles around working the cases while his niece and dog do most of the investigating. Gadget's arch-nemesis is Dr. Claw, the leader of an evil organisation, known as "M.A.D."
5354|Roger & Me|A documentary about the closure of General Motors' plant at Flint, Michigan, which resulted in the loss of 30,000 jobs. Details the attempts of filmmaker Michael Moore to get an interview with GM CEO Roger Smith.
2376|Ring|A mysterious video has been linked to a number of deaths, and when an inquisitive journalist finds the tape and views it herself, she sets in motion a chain of events that puts her own life in danger.
6904|Spawn|Todd McFarlane's Spawn is an animated television series which aired on HBO from 1997 through 1999. It is also released on DVD as a film series. It is based on the Spawn comic series from Image Comics, and was nominated for and won an Emmy in 1999 for Outstanding Animation Program. An unrelated series titled Spawn: The Animation is in production since 2009, with Keith David reprising his role as the titular character. Like the comic book, the series features graphic violence, sexual scenes, and extensive use of profanity. Todd McFarlane's Spawn was ranked 5th on IGN's list of The Greatest Comic Book Cartoons Of All Time.
6630|The Boarding School: Las Cumbres|In an inaccessible place between the mountains and isolated from the world, a school is located next to an old monastery. The students are rebellious and problematic young people who live under the strict and severe discipline imposed by the center to reintegrate them into society. The surrounding forest is home to ancient legends, threats that are still valid and that will immerse them in terrifying adventures.
5710|Sweetwater|In the late 1800s, a fanatical religious leader, a renegade Sheriff, and a former prostitute collide in a blood triangle on the rugged plains of the New Mexico Territory.
6882|Rocket Power|The daily lives of four friends who enjoy extreme sports, surfing, and getting into some crazy situations.
5590|Podium|Bernand Fréderic is a mediocre bank executive. He's married and has a son. He used to have another profession: being French star Claude Francois. Now, with the Imitators Gala Night coming up, he must choose between his wife or the only thing that makes him happy: the applause.
4616|The Cellar|When Keira Woods' daughter mysteriously vanishes in the cellar of their new house in the country, she soon discovers there is an ancient and powerful entity controlling their home that she will have to face or risk losing her family's souls forever.
5711|Sweet Country|In 1929, an Australian Aboriginal stockman kills a white station owner in self-defense and goes on the lam, pursued by a posse.
6212|Steven Universe Future|After saving the universe, Steven is still at it, tying up every loose end. As he runs out of other people's problems to solve, he'll finally have to face his own.
6806|Dinosaur King|Upon discovering ancient stones with dinosaur images imprinted on them, a 12-year-old boy named Max Taylor (Ryuta Kodai) and his friends Rex Owen and Zoe Drake (Malm Tatsuno), discover they are able to call forth dinosaur companions. These companions will aid the owners in stopping the nasty Alpha Gang from coming into possession of the mysterious stones and crush their chances at world domination.
6165|Kung Fu Panda: The Paws of Destiny|As the Dragon Master, Po has endured his fair share of epic challenges but nothing could prepare him for his greatest one yet-as a Kung Fu teacher to a group of rambunctious kids from Panda Village who have been imbued with a mysterious and powerful chi energy. Together they embark on amazing adventures, battle ferocious villains, and become legends!
6774|The Adventures of Super Mario Bros. 3|The Mario Bros., Princess Toadstool, and Toad protect the Mushroom Kingdom against the evil forces of Bowser and his seven Koopa Kids.
5228|Cosmos: A Personal Voyage|Carl Sagan covers a wide range of scientific subjects, including the origin of life and a perspective of our place in the universe.
6079|40 y 20|A comedy series about a divorced dad who likes younger women, and his son who likes older women.
6734|Ugly Americans|Social worker Mark Lilly helps new citizens—both human and "other"—begin the process of adapting to life in the Big Apple, but his coworkers, demonic bureaucrat Twayne, drunken wizard Leonard Powers, surly law enforcement head Frank Grimes & his girlfriend, Callie, don't make it easy.
3986|Pokémon: The First Movie|Determined to prove its superiority, a bio-engineered Pokémon called Mewtwo lures Ash, Pikachu and others into a Pokemon match like none before.
3148|Megan Is Missing|Fourteen-year–old Megan and her best friend Amy spend a lot of time on the internet, posting videos of themselves and chatting with guys online. One night Megan chats with a guy named Josh who convinces her to meet him for a date. The next day, Megan is missing—forever. Based on actual cases of child abduction.
5096|Little White Lies 2|The result of the small handkerchiefs "Petits mouchoirs", 7 years later. The band, which erupted, is found on the occasion of the anniversary surprise organized for Max.
4082|How to Train Your Dragon: Homecoming|It's been ten years since the dragons moved to the Hidden World, and even though Toothless doesn't live in New Berk anymore, Hiccup continues the holiday traditions he once shared with his best friend. But the Vikings of New Berk were beginning to forget about their friendship with dragons. Hiccup, Astrid, and Gobber know just what to do to keep the dragons in the villagers' hearts. And across the sea, the dragons have a plan of their own...
5097|18 Presents|Elisa is only forty when an incurable disease takes her from her husband and their daughter. Before her heart stops, Elisa finds a way to stay close to her: a gift for every birthday up to her adult age, 18 gifts to try to accompany her child's growth year after year.
6915|A Pup Named Scooby-Doo|The world's favorite chicken-hearted canine, as a puppy? That's right! And the old gang is back with him. Shaggy, Daphne, Velma, and Freddy are all here as gangly kids — goofing off, solving kid-size mysteries, and having run-ins with ghouls, ghosts, and goblins.
4743|Innocent Voices|A young boy, attempting to have a normal childhood in 1980s El Salvador, is caught up in a dramatic fight for his life when he desperately tries to avoid the war that is raging all around him.
5286|Room 237|A subjective documentary that explores various theories about hidden meanings in Stanley Kubrick's classic film The Shining. Five very different points of view are illuminated through voice over, film clips, animation and dramatic reenactments.
4729|Tangerines|War in Abkhazia, 1992. An Estonian man Ivo has stayed behind to harvest his crops of tangerines. In a bloody conflict at his door, a wounded man is left behind, and Ivo is forced to take him in.
3037|Rubber|In the California desert, the adventures of a telepathic killer-tire, mysteriously attracted by a very pretty girl, as witnessed by incredulous onlookers.
5667|Pat Garrett & Billy the Kid|Pat Garrett is hired as a lawman on behalf of a group of wealthy New Mexico cattle barons to bring down his old friend Billy the Kid.
4178|Barbie in the Nutcracker|The Mouse King casts an evil spell over Clara that causes her to shrink. Clara and the Nutcracker set out on an adventurous journey to find Sugarplum Princess, who has the power to undo the spell.
2707|Twilight Zone: The Movie|An anthology film presenting remakes of three episodes from the "Twilight Zone" TV series—"Kick the Can", "It's a Good Life" and "Nightmare at 20,000 Feet"—and one original story, "Time Out."
3283|A Whisker Away|A peculiar girl transforms into a cat to catch her crush's attention. But before she realizes it, the line between human and animal starts to blur.
5324|Ennio|A portrait of Ennio Morricone, the most popular and prolific film composer of the 20th century, the one most loved by the international public, a two-time Oscar winner and the author of over five hundred unforgettable scores.
5571|Sweet and Lowdown|In the 1930s, jazz guitarist Emmet Ray idolizes Django Reinhardt, faces gangsters and falls in love with a mute woman.
4383|Neon Genesis Evangelion: Death and Rebirth|Originally a collection of clips from the Neon Genesis Evangelion TV series, Death was created as a precursor to the re-worked ending of the series. Rebirth was intended as that re-worked ending, but after production overruns Rebirth became only the first half of the first part of The End of Evangelion, with some minor differences.
5511|Lost Illusions|Lucien de Rubempré, a young, lower-class poet, leaves his family's printing house for Paris. Soon, he learns the dark side of the arts business as he tries to stay true to his dreams.
5717|Butcher's Crossing|In the 1870s, a young Harvard dropout seeks his destiny out West by tying his fate to a team of buffalo hunters led by a man named Miller. Together, they embark on a harrowing journey risking life and sanity.
6100|Merlí|He’s surly, unorthodox, unapologetically blunt, and he’s about to change your life. Meet the new philosophy teacher, Merlí, who will help his students view the world in a whole new light, both in and out of the classroom.
2799|Dragon Ball Z: Super Android 13!|Dr. Gero's Androids #13, #14, and #15 are awakened by the laboratory computers and immediately head to the mall where Goku is shopping. After Goku, Trunks, and Vegeta defeat #14 and #15, #13 absorbs their inner computers and becomes a super being greater than the original three separately were. Now it is up to Goku to stop him.
727|El Chema|Follow one man's epic journey as he transforms from wily underage drug smuggler to one of the world's most infamous cartel leaders.
2658|Pokémon the Movie 2000|When Lawrence III's scheme to capture the Legendary Pokémon Lugia upsets the balance of nature, it is up to Ash Ketchum and his friends to save the world.
5102|The Muppet Movie|The Muppets gather to watch their newly-finished big-budget rich-and-famous feature film: a talent agent persuades Kermit the Frog to leave the swamp to pursue a career in Hollywood. On his way there, he meets a bear, a pig, a whatever (his future muppet crew), and some special celebrity guest stars, while being chased by the desperate owner of a frog-leg restaurant!
4481|The Clovehitch Killer|A picture-perfect family is torn apart after Tyler finds a cache of disturbing images in his father's possession. He begins to suspect that the man he trusts most in the world may be responsible for the murder of 13 women ten years prior.
6556|Extracurricular|Determined to escape a dead-end life, a gifted high school student turns to a world of serious crime to ensure he can pay for college.
2501|2:22|Two planes almost collide after a blinding flash of light paralyzes air traffic controller Dylan Branson for a few seconds. Suspended from his job, Dylan starts to notice an ominous pattern of sounds and events that repeats itself in exactly the same manner every day, ending precisely at 2:22 p.m. Also drawn into a complex relationship with a woman, Dylan must figure out a way to break the power of the past and take control of time itself.
3544|Mother|A mother lives quietly with her son. One day, a girl is brutally killed, and the boy is charged with the murder. Now, it's his mother's mission to prove him innocent.
4353|One Piece Film: GOLD|The glittering Gran Tesoro, a city of entertainment beyond the laws of the government, is a sanctuary for the world’s most infamous pirates, Marines, and filthy rich millionaires. Drawn by dreams of hitting the jackpot, Captain Luffy and his crew sail straight for the gold. But behind the gilded curtains lies a powerful king whose deep pockets and deeper ambitions spell disaster for the Straw Hats and the New World alike.
6935|The Walking Dead: Origins|The Walking Dead: Origins is a series of specials exploring the journeys of the series' most celebrated characters. Each episode charts the story of the zombie apocalypse from the point of view of a single character and features new interviews and narrations from the actors that portray these iconic characters, interwoven with clips from the most pivotal moments of their journeys so far.
2749|Dragon Ball Z: Broly - Second Coming|A Saiyan Space pod crash-lands on Earth out of which a wounded Saiyan crawls: Broly, the Legendary Super Saiyan. The wounded Broly shouts out in frustration and turns into normal form. The place soon freezes, trapping him in it and he falls into a coma.
1230|Love|Murphy is an American living in Paris who enters a highly sexually and emotionally charged relationship with the unstable Electra. Unaware of the seismic effect it will have on their relationship, they invite their pretty neighbor into their bed.
6968|An Idiot Abroad|An Idiot Abroad is a British travel documentary television series broadcast on Sky1 and Science, as well as spin-off books published by Canongate Books, created by Ricky Gervais and Stephen Merchant and starring Karl Pilkington. The ongoing theme of both the television series and the books is that Pilkington has no interest in global travel, so Merchant and Gervais make him travel while they stay in the United Kingdom and monitor his progress.
5696|Troublemakers|Two brothers who hate themselves are going to spend Christmas with their mother. She tries to get them together.
6862|SilverHawks|Bionic policemen fight an escaped alien mob boss and his gang in space.
6876|Kiss Him, Not Me|Kae Serinuma is a second year high school student and an avid fujoshi who secretly ships her classmates, Igarashi and Nanashima. The death of her favorite anime character causes her to become stressed and lose weight rapidly. Now that Serinuma has become an attractive girl to her classmates, snarky junior Shinomiya and senior Mutsumi, how is she going to deal with them with her constant BL-filled fujoshi mind?
6919|Girls Bravo|Small for his age, Yukinari has been bullied and abused by girls all his life. Now in high school, he has developed a rare condition: whenever girls touch him, or even come close, he breaks out in hives. Imagine his surprise, when he is suddenly transported to the city of Seiren on a mystic world invisibly orbiting the Earth, and populated with vast numbers of women and very few men. Fortunately, he has a new friend, Miharu-chan, whose touch inexplicably doesn't affect him.
4057|Along with the Gods: The Two Worlds|Having died unexpectedly, firefighter Ja-hong is taken to the afterlife by 3 afterlife guardians. Only when he passes 7 trials over 49 days and proves he was innocent in human life, he’s able to reincarnate, and his 3 afterlife guardians are by his side to defend him in trial.
4950|The Mermaid|When Xuan's real estate project threatens the home of mermaids, Shan is sent to stop him. When they fall in love, he is encouraged to cancel the project. However, he must save them from bigger danger.
5562|Battle|Amalie is the girl who has everything, good looks, money, a boyfriend and a big talent of dancing. One day, her world falls apart and she moves from everything she knows. Then enter Mikael. He is dancing in the streets and Amalie joins him in dancing on the streets, dancing Battles.
3021|The Exorcism of God|An American priest working in Mexico is considered a saint by many local parishioners. However, due to a botched exorcism, he carries a secret that’s eating him alive until he gets an opportunity to face his demon one final time.
7050|Sortilegio|Sortilegio is a Mexican telenovela produced by Carla Estrada for Televisa and stars Jacqueline Bracamontes and William Levy. It is a remake of Tú o nadie.  From October 6, 2009 to February 17, 2010, Univision broadcast Sortilegio weeknights at 9pm/8c. From July 30 to September 7, 2012, Univision broadcast 2 hour reruns of Sortilegio weekdays at 1pm/12c, replacing Corazón Apasionado. From September 10 to October 19, 2012, reruns of Sortilegio were broadcast at 2pm/1c.
2618|2010|While planet Earth poises on the brink of nuclear self-destruction, a team of Russian and American scientists aboard the Leonov hurtles to a rendezvous with the still-orbiting Discovery spacecraft and its sole known survivor, the homicidal computer HAL.
4324|Dragon Ball Z: Bio-Broly|Jaga Bada, Mr. Satan's old sparring partner, has invited Satan to his personal island to hold a grudge match. Trunks and Goten decide to come for the adventure and Android #18 is following Satan for the money he owes her. Little do they know that Jaga Bada's scientist have found a way to resurrect Broly, the legendary Super Saiyan.
7073|The Bureau of Magical Things|When ordinary teenager Kyra touches a mysterious book, she is transformed into a Tri-ling-–part-human, part-fairy and part-elf. In addition to acquiring amazing magical powers, Kyra discovers a secret world of magic all around her.
5668|Deadwood: The Movie|Follow the 10-year reunion of the Deadwood camp to celebrate South Dakota's statehood. Former rivalries are reignited, alliances are tested and old wounds are reopened, as all are left to navigate the inevitable changes that modernity and time have wrought.
4895|Teen Beach 2|When characters from the movie musical “Wet Side Story” get stuck in the real world, teens Brady and Mack must find a way to return them home.
5430|Quiz Show|Herbert Stempel's transformation into an unexpected television personality unfolds as he secures victory on the cherished American game show, 'Twenty-One.' However, when the show introduces the highly skilled contestant Charles Van Doren to replace Stempel, it compels Stempel to let out his frustrations and call out the show as rigged. Lawyer Richard Goodwin steps in and attempts to uncover the orchestrated deception behind the scenes.
4257|Pokémon 3: The Movie|When the sadness of her father's disappearance gets to Molly Hale, she unknowingly uses the Unown to create her own dream world along with Entei, who she believes to be her father. When Entei kidnaps Ash's mother, Ash — alongside Misty and Brock — invade the mansion looking for his mom and trying to stop the mysteries of Molly's Dream World and Entei!
6978|The Vietnam War|An immersive 360-degree narrative telling the epic story of the Vietnam War as it has never before been told on film. Featuring testimony from nearly 80 witnesses, including many Americans who fought in the war and others who opposed it, as well as Vietnamese combatants and civilians from both the winning and losing sides.
4772|Operation Red Sea|A squad of the Jiaolong Commando Unit - Sea Dragon, a spec ops team of the Chinese Navy, carries out a hostage rescue operation in the nation of Yewaire, on the Arabian Peninsula, and fiercely fights against local rebel groups and Zaka, a terrorist organization.
3463|In a Heartbeat|A closeted boy runs the risk of being outed by his own heart after it pops out of his chest to chase down the boy of his dreams.
5053|Little Nicholas|Nicolas has a happy existence, parents who love him, a great group of friends with whom he has great fun, and all he wants is that nothing changes. However, one day, he overhears a conversation that leads him to believe that his life might change forever, his mother is pregnant! He panics and envisions the worst.
5284|Catfish|Nev, a 24-year-old New York-based photographer, has no idea what he's in for when Abby, an eight-year-old girl from rural Michigan, contacts him on Facebook, seeking permission to paint one of his photographs. When he receives her remarkable painting, Nev begins a friendship and correspondence with Abby's family. But things really get interesting when he develops a cyber-romance with Abby's attractive older sister, Megan, a musician and model. Prompted by some startling revelations about Megan, Nev and his buddies embark on a road trip in search of the truth.
5306|Black Adam: Saviour or Destroyer?|Ahead of the release of upcoming fantasy film ‘Black Adam’, sit down with Dwayne Johnson as he discusses his starring role as the eponymous superhero.
3782|11:14|Tells the seemingly random yet vitally connected story of a set of incidents that all converge one evening at 11:14pm. The story follows the chain of events of five different characters and five different storylines that all converge to tell the story of murder and deceit.
7015|D-Day Sacrifice|Comprised entirely of re-mastered and colorised archive footage from World War II, much of it never before seen, Sacrifice recounts the story of D-Day through the testimonies of those who lived it. These important historical days are seen through the eyes of French civilians and members of the military fighting on both sides. The testimonies of famous individuals like Dwight D. Eisenhower and Erwin Rommel are intertwined with those of anonymous soldiers and citizens, such as film director Samuel Fuller and Eisenhower's chauffeur, Kay Summersby. From the preparations for D-Day all the way through to the liberation of Paris, the accounts of these men and women provide a moving and invaluable retelling of this pivotal time in history.
6186|Una familia de diez|Ten members of the same family share a small house and stumble together through life's mishaps.
2971|Day of the Dead|As the world is overrun by zombies, scientists and military personnel in an underground Florida bunker must decide on how they should deal with the undead.
2196|Duel|Traveling businessman David Mann angers the driver of a rusty tanker while crossing the California desert. A simple trip turns deadly, as Mann struggles to stay on the road while the tanker plays cat and mouse with his life.
4542|Pulse|In the immense city of Tokyo, the darkness of the afterlife lures some of its inhabitants who are desperately trying to escape the sadness and isolation of the modern world.
4351|Berserk: The Golden Age Arc I - The Egg of the King|Guts, an immensely strong sword-for-hire, has little direction in his life, simply fighting one battle after the next. However, this all changes suddenly when he meets and is bested by Griffith, a beautiful and charismatic young man who leads the Band of the Hawk mercenary army. After Guts joins the Band and the relationship between the two men begins to blossom, Casca, the tough, lone swordswoman in the Band of the Hawk, struggles to accept Guts and the influence he has on the world around her.  While the two men begin to fight together, Griffith continues to rise to power, all seemingly in order to reach his mysterious, prophesied goals. What lengths will Guts and Griffith go to in order to reach these goals, and where will fate take the two men?
1119|The Orphanage|A woman brings her family back to her childhood home, which used to be an orphanage, intent on reopening it. Before long, her son starts to communicate with a new invisible friend.
4166|Road to Ninja: Naruto the Movie|Sixteen years ago, a mysterious masked ninja unleashes a powerful creature known as the Nine-Tailed Demon Fox on the Hidden Leaf Village Konoha, killing many people. In response, the Fourth Hokage Minato Namikaze and his wife Kushina Uzumaki, the Demon Fox's living prison or Jinchūriki, manage to seal the creature inside their newborn son Naruto Uzumaki. With the Tailed Beast sealed, things continued as normal. However, in the present day, peace ended when a group of ninja called the Akatsuki attack Konoha under the guidance of Tobi, the mysterious masked man behind Fox's rampage years ago who intends on executing his plan to rule the world by shrouding it in illusions.
4322|Pokémon the Movie: Mewtwo Strikes Back - Evolution|After accepting an invitation from a mysterious trainer, Ash, Misty and Brock meet Mewtwo, an artificially created Pokémon who wants to do battle.
4221|Barbie and the Magic of Pegasus|Princess Annika escapes the clutches of the evil wizard, explores the wonders of Cloud Kingdom, and teams up with a magnificent winged horse - who turns out to be her sister, Princess Brietta - to defeat the wizard and break the spells that imprisoned her family.
6962|World War II in Colour|World War II In Colour is a 13-episode television documentary miniseries recounting the events of World War II narrated by Robert Powell. The show covers the Western Front, Eastern Front, and the Pacific War. It is on syndication in America on the Military Channel. This series is in full color, combining both original and colorized footage.
6990|The Universe|From the planets to the stars and out to the edge of the unknown, history and science collide in a wondrous yet deadly adventure through space and time.
5094|Annie|An orphan in a facility run by the mean Miss Hannigan, Annie believes that her parents left her there by mistake. When a rich man named Oliver "Daddy" Warbucks decides to let an orphan live at his home to promote his image, Annie is selected. While Annie gets accustomed to living in Warbucks' mansion, she still longs to meet her parents. So Warbucks announces a search for them and a reward, which brings out many frauds.
5020|Dragon Ball: The Path to Power|A retelling of Dragon Ball's origin with a different take on the meeting of Goku, Bulma, and Kame-Sen'nin. It also retells the Red Ribbon Army story; but this time they find Goku rather than Goku finding them.
6854|Pokémon Origins|Follow Red as he travels through the Kanto region, encounters Team Rocket, battles his rival, and  challenges the Pokémon League!
4314|Dragon Ball Z: Lord Slug|A Super Namekian named Slug comes to invade Earth. But the Z Warriors do their best to stop Slug and his gang.
4710|1941|In the days after the attack on Pearl Harbor, panic grips California, where a military officer leads a mob chasing a Japanese sub.
3392|The Postman|Simple Italian postman learns to love poetry while delivering mail to a famous poet; he uses this to woo local beauty Beatrice.
6971|The Girl|A young woman who was part of the guerrilla group is now seeking a better life in the city. She wants to study medicine, to heal rather than harm, but she will face a challenge, because being part of outlaw groups always has consequences.
5618|StreetDance 2|After suffering humiliation by the crew Invincible, street dancer Ash looks to gather the best dancers from around the world for a rematch.
6703|Night Stalker: The Hunt for a Serial Killer|Beneath the sunlit glamour of 1985 L.A. lurks a relentlessly evil serial killer. In this true-crime story, two detectives won't rest until they catch him.
3036|The Grudge 2|A young woman encounters a malevolent supernatural force while searching for her missing sister in Tokyo, a mean high school prank goes horribly wrong, and strange things begin happening in a Chicago apartment building.
5366|My Scientology Movie|After being denied access to the Church of Scientology's headquarters, documentarian Louis Theroux teams up with ex-Scientology official Marty Rathbun to stage re-enactments of alleged abuses within the organization. Theroux soon discovers that the church is watching his every move.
3087|One Cut of the Dead|Real zombies arrive and terrorize the crew of a zombie film being shot in an abandoned warehouse, said to be the site of military experiments on humans.
4171|Barbie of Swan Lake|Barbie as Odette, the young daughter of a baker, follows a unicorn into the Enchanted Forest and is transformed into a swan by an evil wizard intent on defeating the Fairy Queen.
6570|The Great Heist|Based on the 1994 robbery of US$33 million from Colombia's central bank, which turned the country upside down.
4165|Barbie in the 12 Dancing Princesses|King Randolph sends for his cousin, Duchess Rowena, to help turn his daughters, Princess Genevieve and her eleven sisters, into royal material. But the Duchess strips the sisters of their fun, including their favorite pastime: dancing. When all hope may be lost, the sisters discover a secret passageway to a magical land where they can dance the night away.
4287|Knick Knack|Life on a shelf as a snowman trapped in a snow-globe blizzard can become wearing, especially when you're surrounded by knickknacks from sunnier locales. When the jaded snowman finally breaks free of his glass house, his vacation plans are cut short.
3403|An Officer and a Gentleman|Zack Mayo is an aloof, taciturn man who aspires to be a navy pilot. Once he arrives at training camp for his 13-week officer's course, Mayo runs afoul of abrasive, no-nonsense drill Sergeant Emil Foley. Mayo is an excellent cadet, but a little cold around the heart, so Foley rides him mercilessly, sensing that the young man would be prime officer material if he weren't so self-involved. Zack's affair with a working girl is likewise compromised by his unwillingness to give of himself.
3787|Death Wish|After his wife is murdered by street punks, a pacifistic New York City architect becomes a one-man vigilante squad, prowling the streets for would-be muggers after dark.
6571|La Jauría|Blanca, student leader of the feminist movement in an occupied school, goes missing: hours later, a video of a group raping the girl goes viral. In their aim to find her, a police squad formed by three women puts their lives and that of their families at risk. As they look for Blanca and investigate, they will find out that behind this gender crime there is much more than just one offender.
2998|Inland Empire|When actress Nikki Grace gets the lead role in a cursed film, her world becomes more and more surreal, blending realities and ideas of infidelity, reincarnation, and supernatural forces.
5578|24 Hour Party People|Manchester, 1976. Tony Wilson is an ambitious but frustrated local TV news reporter looking for a way to make his mark. After witnessing a life-changing concert by a band known as the Sex Pistols, he persuades his station to televise one of their performances, and soon Manchester's punk groups are clamoring for him to manage them. Riding the wave of a musical revolution, Wilson and his friends create the legendary Factory Records label and The Hacienda club.
1295|Pi|A mathematical genius discovers a link between numbers and reality, and thus believes he can predict the future.
4855|Along with the Gods: The Last 49 Days|As the deceased soul Ja-hong and his three afterlife guardians prepare for their remaining trials for reincarnation, the guardians soon come face to face with the truth of their tragic time on Earth 1,000 years earlier.
4911|Skins|In a strange world where people share numerous deformities, the same problem we all face challenges each of them: to find someone who accepts you as you are. Sometimes, that means finding yourself first.
7052|31 Minutes|Chilean television show which takes the form of a mock news broadcast, and is fronted by puppets who present various items.
6417|S.O.Z: Soldiers or Zombies|Drug lord Alonso Marroquín escapes from a Mexican prison in an attempt to go into hiding. A US military secret experiment goes wrong and the elite unit from the Mexican Police that is after Marroquín gets infected, creating a new zombie species. The Army and the zombies end up at the drug lord’s hideout and a battle for human survival begins.
6673|Lore|This anthology series brings to life Aaron Mahnke's “Lore” podcast and uncovers the real-life events that spawned our darkest nightmares. Blending dramatic scenes, animation, archive and narration, Lore reveals how our horror legends - such as vampires, werewolves and body snatchers - are rooted in truth.
7012|Challenger: The Final Flight|Engineers, officials and the crew members' families provide their perspective on the 1986 Space Shuttle Challenger disaster and its aftermath.
2757|Pontypool|When disc jockey Grant Mazzy reports to his basement radio station in the Canadian town of Pontypool, he thinks it's just another day at work. But when he hears reports of a virus that turns people into zombies, Mazzy barricades himself in the radio booth and tries to figure out a way to warn his listeners about the virus and its unlikely mode of transmission.
4829|Clash of the Titans|To win the right to marry his love, the beautiful princess Andromeda, and fulfil his destiny, half-God-half-mortal Perseus must complete various tasks including taming Pegasus, capturing Medusa's head and battling the feared Kraken.
5373|Woodstock|An intimate look at the Woodstock Music & Art Festival held in Bethel, NY in 1969, from preparation through cleanup, with historic access to insiders, blistering concert footage, and portraits of the concertgoers; negative and positive aspects are shown, from drug use by performers to naked fans sliding in the mud, from the collapse of the fences by the unexpected hordes to the surreal arrival of National Guard helicopters with food and medical assistance for the impromptu city of 500,000.
6627|Moses and the Ten Commandments|The story begins in the city of Pi-Ramesses, in Egypt, at approximately 1300 B.C, when the powerful pharaoh Seti, orders the death of every male newborn in his hatred of the Hebrew people. Amidst the horrors of mass infanticide, one brave Hebrew family defies Pharaoh`s command and hides their child in a basket set afloat on the river Nile, trusting that God would carry him to safety.
2936|The Devil's Rejects|The murderous, backwoods Firefly family take to the road to escape the vengeful Sheriff Wydell, who is not afraid of being as ruthless as his target.
5005|I Am Dragon|In the midst of the wedding princess Miroslava is kidnapped by a dragon and carried away into his castle on the remote island. Mira left everything behind in the past - family, friends and groom. Now the only things she had were a stone cage and a mysterious young man named Arman ... but who is he and what is he doing on that island? Miroslava will know the truth too late: loving a dragon will reveal the bitter truth - love is scary.
3041|Dressed to Kill|After witnessing a mysterious woman brutally slay a homemaker, prostitute Liz Blake finds herself trapped in a dangerous situation. While the police thinks she is the murderer, the real killer is intent on silencing her only witness.
4997|Regular Show: The Movie|After a high school lab experiment goes horribly wrong, Mordecai and Rigby must go back in time to battle an evil volleyball coach in order to save the universe — and their friendship.
6776|Halo: The Fall of Reach|Kidnapped as children and conscripted into a brutal military training and augmentation program, the Spartans were designed to be the ultimate weapon against chaos and insurgency—but when a dangerous alien alliance known as the Covenant declares war on humanity, the Spartans might be our only hope.
4365|Barbie Presents: Thumbelina|Meet a tiny girl named Thumbelina who lives in harmony with nature in the magical world of the Twillerbees that's hidden among the wildflowers. At the whim of a spoiled young girl named Makena, Thumbelina and her two friends have their patch of wildflowers uprooted and are transported to a lavish apartment in the city.
4095|The Tale of Despereaux|Once upon a time... in the far away kingdom of Dor... lived a brave and virtuous mouse with comically oversized ears who dreamt of becoming a knight. Banished from his home for having such lofty ambitions, Despereaux sets off on an amazing adventure with his good-hearted rat friend Roscuro, who leads him, at long last, on a very noble quest to rescue an endangered princess and save an entire kingdom from darkness.
2718|Heavy Metal|The embodiment of ultimate evil, a glowing orb terrorizes a young girl with bizarre stories of dark fantasy, eroticism and horror.
6934|Hugo Chávez, El Comandante|The life of Hugo Chavez; from childhood, his arrival to power, confrontations, and loves to his last days as president.
6698|Dare Me|Dive into the cutthroat world of competitive high school cheerleading, following the fraught relationship between two best friends after a new coach arrives to bring their team to prominence.
3129|The Exorcist III|On the fifteenth anniversary of the exorcism that claimed Father Damien Karras' life, Police Lieutenant Kinderman's world is once again shattered when a boy is found decapitated and savagely crucified.
2624|Rim of the World|Stranded at a summer camp when aliens attack the planet, four teens with nothing in common embark on a perilous mission to save the world.
2785|Dragon Ball Z: The Tree of Might|Goku and friends must stop a band of space pirates from consuming fruit from the Tree of Might before it's destructive powers drain Earth's energy.
4968|Z-O-M-B-I-E-S 3|Zed and Addison are beginning their final year at Seabrook High in the town that’s become a safe haven for monsters and humans alike. Zed is anticipating an athletic scholarship that will make him the first Zombie to attend college, while Addison is gearing up for Seabrook’s first international cheer-off competition. Then suddenly, extraterrestrial beings appear around Seabrook, provoking something other than friendly competition.
4234|Barbie and the Three Musketeers|Corinne is a young country girl who heads to Paris to pursue her big dream – to become a female musketeer! Never could she imagine she would meet three other girls who secretly share the same dream! Using their special talents, the girls work together as a team to foil a plot and save the prince. It's all for one and one for all!
2710|CJ7|A poor construction worker, who struggles to keep his son in private school, mistakes an orb he finds in a junkjard for a toy which proves to be much, much more once the young boy starts to play with it.
5016|Berserk: The Golden Age Arc III - The Advent|One year has passed since Guts left the Band of the Hawk and Griffith was imprisoned by the Kingdom of Midland for treason. In the dead of night, at a camping site where they hide, the Band of the Hawk is attacked by Bakiraka assassins led by Silat. When all seems lost, Guts returns from his journey. "You destroyed everything." Crying that Griffith is nothing without Guts, Casca and Guts are joined together body and soul. Griffith is imprisoned in the oldest building in Wyndham Catle, the Tower of Rebirth.
4420|Pokémon 4Ever|In order to escape a greedy Pokémon hunter, Celebi must use the last of its energy to travel through time to the present day. Celebi brings along Sammy, a boy who had been trying to protect it. Along with Ash, Pikachu, and the rest of the gang, Sammy and Celebi must encounter an enemy far more advanced than the hunter, with the fate of the forest hanging in the balance.
5208|Mira|Near future. Lera Arabova is a 15-year-old girl who lives with her family in Vladivostok. Lera's father has been working at the orbiting space station "Mira" for many years and has long lost contact with his daughter, turning only into a voice on the phone. After a meteor shower hits the city, Lera has only one chance to save her loved ones and the city from a new disaster. Her father helps her in this - through satellite surveillance systems and the telephone, he uses every opportunity to send a message to his daughter, watching from above from the station her every step.
2688|Alienoid: Return to the Future|Ean has a critical mission to return to the future to save everyone. However, she becomes trapped in the distant past while trying to prevent the escape of alien prisoners who are locked up in the bodies of humans. Meanwhile, Muruk, who helps Ean escape various predicaments, is unnerved when he begins sensing the presence of a strange being in his body. Traveling through the centuries, they are trying to prevent the explosion of the haava.
4704|Sarah's Key|On the night of 16 July 1942, ten year old Sarah and her parents are being arrested and transported to the Velodrome d'Hiver in Paris where thousands of other jews are being sent to get deported. Sarah however managed to lock her little brother in a closet just before the police entered their apartment. Sixty years later, Julia Jarmond, an American journalist in Paris, gets the assignment to write an article about this raid, a black page in the history of France. She starts digging archives and through Sarah's file discovers a well kept secret about her own in-laws.
4750|Red Cliff II|The battle of Red Cliff continues and the alliance between Xu and East Wu is fracturing.  With Cao Cao's massive forces on their doorstep, will the kingdoms of Xu and East Wu survive?
6928|De viaje con los Derbez|The series follows the fun and endearing Derbez family as they discover new cultures in foreign lands and for the first time – all together and unfiltered.
4336|Dragon Ball Z: The World's Strongest|The evil Dr. Kochin uses the dragon balls to resurrect his mentor, Dr. Wheelo, in an effort to take over the world. Dr. Wheelo, his body having been destroyed by the avalanche that killed him fifty years before, desires the body of the strongest fighter in the world as his new vessel. Believing Roshi to be the world's strongest warrior, Dr. Kochin abducts Bulma and forces Roshi to surrender himself to save her. When Goku hears of their abduction, he goes to their rescue.
4759|Uri: The Surgical Strike|Following the roguish terrorist attacks at Uri Army Base camp in Kashmir, India takes the fight to the enemy, in its most successful covert operation till date with one and only one objective of avenging their fallen heroes.
4292|Leroy & Stitch|Lilo, Stitch, Jumba, and Pleakley have finally caught all of Jumba's genetic experiments and found the one true place where each of them belongs. Stitch, Jumba and Pleakley are offered positions in the Galactic Alliance, turning them down so they can stay on Earth with Lilo, but Lilo realizes her alien friends have places where they belong – and it's finally time to say "aloha".
5496|Jesus Christ Superstar|As played out by a theatre troupe, the last days of Jesus Christ are depicted from the perspective of Judas Iscariot, his betrayer. As Jesus' following increases, Judas begins to worry that Jesus is falling for his own hype, forgetting the principles of his teachings and growing too close to the prostitute Mary Magdalene.
7022|I'll Be Gone in the Dark|An exploration of the case of the Golden State Killer who terrorized California in the 1970s and 1980s, committing 50 sexual assaults and 10 murders, and true crime author Michelle McNamara's obsessive quest to find justice on behalf of his victims.
5481|1900|The epic tale of a class struggle in twentieth century Italy, as seen through the eyes of two childhood friends on opposing sides.
6432|Club 57|When Eva and Rubén travel back in time to 1957, they try to go unnoticed until they find a way to return. Their plans change after Eva falls for Italian heartthrob JJ, and her actions begin to drastically alter the future.
6970|Top Secret UFO Projects Declassified|Though claims of extraterrestrial encounters have long been dismissed, many believe the existence of UFOs is not just likely, but a certainty.
5217|Scooby-Doo and the Alien Invaders|A cosmic case of flying saucers, intergalactic intrigue and out-of-this-world romance launches Scooby-Doo! and the Mystery Inc., Gang into their most unearthly adventure ever.
5873|Locked Up: The Oasis|After a few years dedicating themselves to robbing jewelers, banks and casinos, it is time for Macarena and Zulema to separate.
4962|Life-Size|Sad and lonely after the death of her mother, Casey would do anything to see her again. But when a series of mystic mishaps mistakenly brings her fashion doll “Eve” to life instead, it changes Casey’s world forever!
4305|Dragon Ball: Yo! Son Goku and His Friends Return!!|Following the defeat of Majin Buu, Son Goku and friends travel to Mr. Satan's newly-opened hotel for an all-you-can-eat banquet, when they are paid a visit by Vegeta's younger brother Tarble. They are informed by Tarble that the terrible brother duo of Abo and Cado have terrorized his planet and are on their way to Earth.
2558|The Flu|A case of the flu quickly morphs into a pandemic. As the death toll mounts and the living panic, the government plans extreme measures to contain it.
5079|Pee-wee's Big Adventure|The eccentric and childish Pee-wee Herman embarks on a big adventure when his beloved bicycle is stolen. Armed with information from a fortune-teller and a relentless obsession with his prized possession, Pee-wee encounters a host of odd characters and bizarre situations as he treks across the country to recover his bike.
6582|Making a Murderer|Filmed over 10 years, this real-life thriller follows a DNA exoneree who, while exposing police corruption, becomes a suspect in a grisly new crime.
6952|Undertaker: The Last Ride|The anticipated WWE Network docuseries will look back on The Undertaker’s storied WWE career and place a focus on the ongoing challenges the wrestling legend appears to have with a career beginning to near it's end.
2969|Shutter|When Jane and Tun run over a girl in a car accident, they speed away immediately from the crime scene. However, Tun, a photographer, soon discovers strange shadows in his photos, which unsettles them.
5671|Bonanza: The Return|A man with a grudge against the late Little Joe seeks revenge on the Cartwrights and attempts to take over the Ponderosa.
5693|Urban Cowboy|After moving to Pasadena, Texas, country boy Bud Davis starts hanging around a bar called Gilley's, where he falls in love with Sissy, a cowgirl who believes the sexes are equal. They eventually marry, but their relationship is turbulent due to Bud's traditional view of gender roles. Jealousy over his rival leads to their separation, but Bud attempts to win Sissy back by triumphing at Gilley's mechanical bull-riding competition.
6579|Toy Boy|After seven years in a Málaga prison, a male stripper is released pending retrial and sets out to prove his lover framed him for her husband's murder.
4973|Heaven Can Wait|Joe Pendleton is a quarterback preparing to lead his team to the superbowl when he is almost killed in an accident. An overanxious angel plucks him to heaven only to discover that he wasn't ready to die, and that his body has been cremated. A new body must be found, and that of a recently-murdered millionaire is chosen. His wife and accountant—the murderers—are confused by this development, as he buys the L.A. Rams in order to once again quarterback them into the Superbowl.
5152|The Cheetah Girls|A four-member teen girl group named the Cheetah Girls go to a Manhattan High School for the Performing Arts and try to become the first freshmen to win the talent show in the school's history. During the talent show auditions, they meet a big-time producer named Jackal Johnson, who tries to make the group into superstars, but the girls run into many problems.
7051|Café con Aroma de Mujer|Café con aroma de mujer is a 1994 Colombian telenovela, produced by then programming company RCN TV on state-owned Canal A. It was written and created by Fernando Gaitán. It was broadcast in several countries throughout Latin America, North America and Europe.
4195|Waking Life|Waking Life is about a young man in a persistent lucid dream-like state. The film follows its protagonist as he initially observes and later participates in philosophical discussions that weave together issues like reality, free will, our relationships with others, and the meaning of life.
5561|Hair|Upon receiving his draft notice and leaving his family ranch in Oklahoma, Claude heads to New York and befriends a tribe of long-haired hippies on his way to boot camp.
4730|Balkan Line|After the NATO bombing of Yugoslavia in 1999, the Yugoslav army pulls out of Kosovo region, leaving Serbian people at the mercy of the Albanian UCK. A small band of soldiers must take over the Slatina airport, and hold it until the Russian peacekeepers arrive.
7057|BIA|BIA tells the story of a group of teens who discover, share and develop their talents in the "Fundom", a place where they gather to hang out, create and express their art in a fun-filled and casual environment. Bia Urquiza, the main character, is a 16-year-old girl with great imagination and creativity.
4200|Barbie and the Diamond Castle|Liana and Alexa are best friends who share everything, including their love of singing. Upon meeting a girl inside a mirror, the duo embark on a journey that will put their friendship to the ultimate test.
5179|Adventures in Babysitting|Two teen rival babysitters, Jenny and Lola, team up to hunt down one of their kids who accidentally ran away into the big city without any supervision.
5556|Michael Jackson's Thriller|A night at the movies turns terrifying when Michael and his date are attacked by zombies. Released at the height of Thriller’s success, the short film redefined the music video, broke racial barriers, and became the first inducted into the U.S. National Film Registry.
6594|The Jinx: The Life and Deaths of Robert Durst|Robert Durst, scion of NY's billionaire real-estate family, has been accused of three murders but has evaded justice for over 30 years. Durst speaks in this true crime series, revealing secrets of a case that has baffled authorities.
5168|Middle School: The Worst Years of My Life|A quiet teenage artist Rafe Katchadorian has a wild imagination and is sick of middle school and the rules that have been put before him. Rafe and his best friend Leo have come up with a plan: break every rule in the school hand book and as you expect trouble follows.
7011|Life's Too Short|Life's Too Short is a British sitcom mockumentary created and written by Ricky Gervais and Stephen Merchant from an idea by Warwick Davis, and is as described by Gervais, about "the life of a showbiz dwarf".
4516|American Gigolo|Julian makes a lucrative living as an escort to older women in the Los Angeles area. He begins a relationship with Michelle, a local politician's wife, without expecting any pay. One of his clients is murdered and Detective Sunday begins pumping him for details on his different clients, something he is reluctant to do considering the nature of his work. Julian begins to suspect he's being framed. Meanwhile Michelle begins to fall in love with him.
1164|1922|A simple yet proud rancher conspires to murder his wife for financial gain, convincing his teenage son to participate.
6178|Merlí. Sapere Aude|In this drama set at a university, a wayward philosophy student navigate life on campus while seeking guidance from an intriguing new professor.
4957|One Missed Call|People mysteriously start receiving voicemail messages from their future selves, in the form of the sound of them reacting to their own violent deaths, along with the exact date and time of their future death, listed on the message log. The plot thickens as the surviving characters pursue the answers to this mystery which could save their lives.
1392|I Am Not an Animal|I Am Not An Animal is an animated comedy series about the only six talking animals in the world, whose cosseted existence in a vivisection unit is turned upside down when they are liberated by animal rights activists.
2786|Coma|A young and talented architect comes to his senses after a horrific accident only to find himself in the odd dystopian world. A world that is filled with the memories of all current coma patients. Just like a human memory this world is fragmental, chaotic and unstable. This is COMA: icecaps, rivers and cities can all exist in a space of a single room and laws of physics are no longer laws as they can be bent.
4211|Barbie in A Mermaid Tale|Barbie stars as Merliah, a surfer who learns a shocking secret: she's a mermaid! She and her dolphin friend set out for an undersea adventure to rescue her mother, the queen of Oceana.
5215|The Barbie Diaries|Barbie is disheartened when Todd breaks her heart and goes back to his former girlfriend. But things change when she comes across a diary, which makes her wishes come true.
3060|The Turning|A young woman quits her teaching job to become a private tutor and governess for two wealthy young kids, but soon starts to suspect there’s more to their house than meets the eye.
6984|The Keepers|This docuseries examines the decades-old murder of Sister Catherine Cesnik and its suspected link to a priest accused of abuse.
5491|My Friend Dahmer|Jeffrey Dahmer struggles with a difficult family life as a young boy. During his teenage years he slowly transforms, edging closer to the serial killer he was to become.
5349|Hoop Dreams|Every school day, African-American teenagers William Gates and Arthur Agee travel 90 minutes each way from inner-city Chicago to St. Joseph High School in Westchester, Illinois, a predominately white suburban school well-known for the excellence of its basketball program. Gates and Agee dream of NBA stardom, and with the support of their close-knit families, they battle the social and physical obstacles that stand in their way. This acclaimed documentary was shot over the course of five years.
4416|Berserk: The Golden Age Arc II - The Battle for Doldrey|The Band of the Hawk and their enigmatic leader Griffith continue winning battle after battle as their prestige throughout the kingdom of Midland grows. But their latest task is one that has seen failure from everyone who has attempted it: the subjugation of the impenetrable fortress of Doldrey.
5334|F for Fake|Documents the lives of infamous fakers Elmyr de Hory and Clifford Irving. De Hory, who later committed suicide to avoid more prison time, made his name by selling forged works of art by painters like Picasso and Matisse. Irving was infamous for writing a fake autobiography of Howard Hughes. Welles moves between documentary and fiction as he examines the fundamental elements of fraud and the people who commit fraud at the expense of others.
6979|Into the Unknown: Making Frozen II|The team behind Frozen II open their doors to cameras for a six-part documentary series to reveal the hard work, heart, and collaboration it takes to create one of the most highly-anticipated films in Walt Disney Animation Studios’ near-century of moviemaking. Cameras were there to capture an eye-opening - and at times jaw-dropping - view of the challenges and the breakthroughs, the artistry, creativity and the complexity of creating the #1 animated feature of all time.
4491|Death Note|Light Yagami finds the "Death Note," a notebook with the power to kill, and decides to create a Utopia by killing the world's criminals, and soon the world's greatest detective, "L," is hired to find the mysterious murderer. An all out battle between the two greatest minds on earth begins and the winner will control the world.
4503|The Long Goodbye|In 1970s Hollywood, Detective Philip Marlowe tries to help a friend who is accused of murdering his wife.
4237|Saint Seiya: Legend of Sanctuary|Mitsumasa Kido discovers a misterious baby in the himalayas whom he adopts as his grandaughter. 16 years later, Saori Kido is a young girl troubled by her mysterious powers. She is saved by Seiya from an assassin sent to kill her. Saori then learns she is the reincarnation of the Goddess Athena with Seiya being one of her Saints sworn to protect her. Upon learning of her destiny, she heads to the Sanctuary to rebel against the Pope's murderous plot.
6961|Wild Wild Country|When a controversial cult leader builds a utopian city in the Oregon desert, conflict with the locals escalates into a national scandal.
4330|Curious George|When The Man in the Yellow Hat befriends Curious George in the jungle, they set off on a non-stop, fun-filled journey through the wonders of the big city toward the warmth of true friendship.
2981|Stir of Echoes|After being hypnotized by his sister-in-law, Tom Witzky begins seeing haunting visions of a girl's ghost and a mystery begins to unfold around her.
6644|Marianne|When a novelist realizes her terrifying stories are coming true, she returns to her hometown to face the demons from her past that inspire her writing.
6953|Haunted|Real people sit down with friends and family to share terrifying true stories from their past, re-created through chilling re-enactments.
4813|The Secret Garden|A young British girl born and reared in India loses her neglectful parents in an earthquake. She is returned to England to live at her uncle's castle. Her uncle is very distant due to the loss of his wife ten years before. Neglected once again, she begins exploring the estate and discovers a garden that has been locked and forgotten. Aided by one of the servants' boys, she begins restoring the garden, and eventually discovers some other secrets of the manor.
7064|Harry Potter: Hogwarts Tournament of Houses|Wizarding World fans put their Harry Potter knowledge to the test for the ultimate honor to be named House Cup champion.
5676|The Shootist|Afflicted with a terminal illness John Bernard Books, the last of the legendary gunfighters, quietly returns to Carson City for medical attention from his old friend Dr. Hostetler. Aware that his days are numbered, the troubled man seeks solace and peace in a boarding house run by a widow and her son. However, it is not Books' fate to die in peace, as he becomes embroiled in one last valiant battle.
4392|Mortal Kombat Legends: Battle of the Realms|The Earthrealm heroes must journey to the Outworld and fight for the survival of their homeland, invaded by the forces of evil warlord Shao Kahn, in the tournament to end all tournaments: the final Mortal Kombat.
5656|Two Mules for Sister Sara|When a wandering mercenary named Hogan rescues a nun called Sister Sara from the unwanted attentions of a band of rogues on the Mexican plains, he has no idea what he has let himself in for. Their chance encounter results in the blowing up of a train and a French garrison, as well as igniting a spark between them that survives a shocking discovery.
4760|Cross of Iron|It is 1943, and the German army—ravaged and demoralised—is hastily retreating from the Russian front. In the midst of the madness, conflict brews between the aristocratic yet ultimately pusillanimous Captain Stransky and the courageous Corporal Steiner. Stransky is the only man who believes that the Third Reich is still vastly superior to the Russian army. However, within his pompous persona lies a quivering coward who longs for the Iron Cross so that he can return to Berlin a hero. Steiner, on the other hand is cynical, defiantly non-conformist and more concerned with the safety of his own men rather than the horde of military decorations offered to him by his superiors.
4883|The Monster Squad|Count Dracula returns to the world of humans accompanied by Frankenstein's Monster, the Wolfman, the Mummy, and the Gillman. The uglies are in search of a powerful amulet that will grant them the ability to rule the world. A group of horror-loving heroes are the only ones daring to stand in their way.
4340|White Snake|One day a young woman named Blanca is saved by Xuan, a snake catcher from a nearby village. As they set off an a journey to discover her real identity, the pair develop feelings for each other.
6901|Yu-Gi-Oh! Capsule Monsters|Yugi, Joey, Téa, Tristan, and Yugi's grandfather Solomon are pulled into a world where Duel Monsters are real. They find monster capsules that they can use to summon monsters. However, in this strange new world, they battle monsters and when their own monsters are attacked, they feel the pain.
3792|Cop Car|Two kids find themselves in the centre of a deadly game of cat and mouse after taking a sheriff's cruiser for a joy ride.
4315|Stand by Me Doraemon|Sewashi and Doraemon find themselves way back in time and meet Nobita. It is up to Doraemon to take care of Nobita or else he will not return to the present.
5955|Lady, la vendedora de rosas|The life story of Colombian film star Lady Tabares, who was plucked off the mean streets to star in a film and quickly rose to fame.
5218|Pooh's Grand Adventure: The Search for Christopher Robin|Pooh gets confused when Christopher Robin leaves him a note to say that he has gone back to school after the holidays. So Pooh, Piglet, Tigger, Eeyore and Rabbit go in search of Christopher Robin which leads to a big adventure.
4653|'71|A young British soldier must find his way back to safety after his unit accidentally abandons him during a riot in the streets of Belfast.
6280|Rosario Tijeras|This is the story of the legendary Rosario Tijeras, the beautiful warrior from a slum who fell in love with Antonio and Emilio, two handsome and wealthy young men. Antonio, a young architect, desperately rushes the dying Rosario Tijeras to a nearby hospital. The beautiful Rosario has been shot four times by a hitman. While he waits for his beloved Rosario to be saved from her wounds, Antonio recalls how Rosario, a beautiful teenager, became the murderer Rosario Tijeras. And how he, a dashing young man, makes her his obsession. The woman of his dreams.
5673|Joe Kidd|A band of Mexicans find their U. S. land claims denied and all the records destroyed in a courthouse fire. Their leader, Louis Chama, encourages them to use force to regain their land. A wealthy landowner wanting the same decides to hire a gang of killers with Joe Kidd to track Chama.
3065|The Amityville Horror|George Lutz, his wife Kathy, and their three children have just moved into a beautiful, and improbably cheap, Victorian mansion nestled in the sleepy coastal town of Amityville, Long Island. However, their dream home is concealing a horrific past and soon each member of the Lutz family is plagued with increasingly strange and violent visions and impulses.
4462|Confessions|Devastated at the death of her four-year-old daughter, a grieving middle school teacher is horrified to discover that her students aren't as innocent as she thinks.
4267|Luxo Jr.|A baby lamp finds a ball to play with and it's all fun and games until the ball bursts. Just when the elder Luxo thinks his kid will settle down for a bit, Luxo Jr. finds a ball ten times bigger.
5485|Breach|Eric O'Neill, a low-level surveillance expert with the FBI, believes he is accomplishing his dream of becoming a full-fledged agent, with his unexpected promotion and assignment to clerk for Robert Hanssen, a renowned senior agent with 25 years in the FBI. However, he soon learns the reason for his promotion is to gain Hanssen's trust and find proof that he is a traitor to the country. Determined to draw the suspected double-agent out of deep cover, O'Neill finds himself in a lethal game of spy vs. spy, where nothing is as it seems.
3017|Secret Obsession|Newlywed Jennifer is brutally attacked at a dark rest stop. While healing from her injuries, she can’t recall anything from her past, including the ordeal. Her husband, Russell , is just thankful she’s alive and eager to get her home. As he reintroduces her to their secluded mountain estate, Detective Page  pursues Jennifer’s assailant — his own daughter went missing and was never found. The same fate now awaits Jennifer, unless someone realizes that her loving caretaker is actually her captor.
4587|The Entity|A single mom is raped by an invisible force. Her psychiatrist believes the experience stems from childhood trauma, while she knows something supernatural is at play.
5698|Big Jake|An aging Texas cattle man who has outlived his time swings into action when outlaws kidnap his grandson.
4375|Belle's Magical World|Belle, the Beast, Lumiere, Cogsworth and the rest of those zany castle residents use their imaginations to embark on three magical, storybook adventures. This direct-to-video anthology serves as a "sequel" to Disney's animated hit film. In "The Perfect World," Belle and the Beast learn about forgiveness. In "Fifi's Folly," Lumiere's girlfriend is jealous of his bond with Belle. And in "Broken Wing," the Beast learns to be kind to an injured bird.
5308|David Attenborough: A Life on Our Planet|The story of life on our planet by the man who has seen more of the natural world than any other. In more than 90 years, Attenborough has visited every continent on the globe, exploring the wild places of our planet and documenting the living world in all its variety and wonder. Addressing the biggest challenges facing life on our planet, the film offers a powerful message of hope for future generations.
6600|The Inmate|A former U.S. Marine, Lázaro Mendoza, enters a maximum security prison in Mexico (La Rotunda), under a false identity and accused of an alleged triple murder. Now as Dante Pardo, his mission is to infiltrate a dangerous band of inmates and guards that operate inside and outside of prison who are the prime suspects of the kidnapping of the teenage daughter of U.S. Judge, John Morris. Inside La Rotunda, Lázaro has to find out who carried out the kidnapping and the whereabouts of the girl.
4568|Dead End|Christmas Eve. On his way to his in-laws with his family, Frank Harrington decides to try a shortcut, for the first time in 20 years. It turns out to be the biggest mistake of his life.
4410|Yu-Gi-Oh!: The Dark Side of Dimensions|Having faced each other on countless occasions, Yugi and Kaiba again put their pride and experience to the test in a duel that transcends dimensions.
2169|Circle|In a massive, mysterious chamber, fifty strangers awaken to find themselves trapped with no memory of how they got there.  Organized in an inward-facing circle and unable to move, they quickly learn that every two minutes, one of them must die…executed by a strange device in the center of the room.
5170|Corrina, Corrina|When Manny Singer's wife dies, his young daughter Molly becomes mute and withdrawn. To help cope with looking after Molly, he hires sassy housekeeper Corrina Washington, who coaxes Molly out of her shell and shows father and daughter a whole new way of life. Manny and Corrina's friendship delights Molly and enrages the other townspeople.
4699|Mongol: The Rise of Genghis Khan|The story recounts the early life of Genghis Khan, a slave who went on to conquer half the world in the 11th century.
4764|Conspiracy|At the Wannsee Conference on January 20, 1942, senior Nazi officials meet to determine the manner in which the so-called "Final Solution to the Jewish Question" can be best implemented.
5206|Charlotte's Web|Wilbur the pig is scared of the end of the season, because he knows that come that time, he will end up on the dinner table. He hatches a plan with Charlotte, a spider that lives in his pen, to ensure that this will never happen.
4213|Barbie: A Fashion Fairytale|Barbie, a popular actress on a sabbatical, learns that her fashion designer aunt Millicent has sold her business to a rival. With the help of a few magical beings, Barbie steps in to save the day.
5401|Selena|In this biographical drama, Selena Quintanilla is born into a musical Mexican-American family in Texas. Her father, Abraham, realizes that his young daughter is talented and begins performing with her at small venues. She finds success and falls for her guitarist, Chris Perez, who draws the ire of her father. Seeking mainstream stardom, Selena begins recording an English-language album which, tragically, she would never complete.
4089|Bedknobs and Broomsticks|Three children evacuated from London during World War II are forced to stay with an eccentric spinster. The children's initial fears disappear when they find out she is in fact a trainee witch.
4617|The Limey|The Limey follows Wilson, a tough English ex-con who travels to Los Angeles to avenge his daughter's death. Upon arrival, Wilson goes to task battling Valentine and an army of L.A.'s toughest criminals, hoping to find clues and piece together what happened. After surviving a near-death beating, getting thrown from a building and being chased down a dangerous mountain road, the Englishman decides to dole out some bodily harm of his own.
4385|Rugrats in Paris: The Movie|A group of rambunctious toddlers travel a trip to Paris. As they journey from the Eiffel Tower to Notre Dame, they learn new lessons about trust, loyalty and love.
5722|Scooby-Doo! Shaggy's Showdown|When the Scooby gang visits a dude ranch, they discover that it and the nearby town have been haunted by a ghostly cowboy, Dapper Jack, who fires real fire from his fire irons. The mystery only deepens when it’s discovered that the ghost is also the long lost relative of Shaggy Rogers!
5615|Purple Rain|A victim of his own anger, the Kid is a Minneapolis musician on the rise with his band, the Revolution, escaping a tumultuous home life through music. While trying to avoid making the same mistakes as his truculent father, the Kid navigates the club scene and a rocky relationship with a captivating singer, Apollonia. But another musician, Morris, looks to steal the Kid's spotlight -- and his girl.
5163|Little Giants|When Danny O'Shea's daughter is cut from the Peewee football team just for being a girl, he decides to form his own team, composed of other ragtag players who were also cut. Can his team really learn enough to beat the elite team, coached by his brother, a former pro player?
4419|Scooby-Doo! and the Loch Ness Monster|While the gang travel to Scotland to visit Daphne's cousin and witness the annual Highland Games, they find themselves terrorized by the legendary Loch Ness Monster.
4580|The Prophecy|The angel Gabriel comes to Earth to collect a soul which will end the stalemated war in Heaven, and only a former priest and a little girl can stop him.
4751|The Captain|Germany, 1945. Soldier Willi Herold, a deserter of the German army, stumbles into a uniform of Nazi captain abandoned during the last and desperate weeks of the Third Reich. Newly emboldened by the allure of a suit that he has stolen only to stay warm, Willi discovers that many Germans will follow the leader, whoever he is.
5340|Stop Making Sense|A concert film documenting Talking Heads at the height of their popularity, on tour for their 1983 album "Speaking in Tongues." The band takes the stage one by one and is joined by a cadre of guest musicians for a career-spanning and cinematic performance that features creative choreography and visuals.
4856|A Cinderella Story: Christmas Wish|Kat is an aspiring singer-songwriter who dreams of making it big. However, her dreams are stalled by her reality: a conniving and cruel stepfamily  and a demoralizing job working as a singing elf at billionaire Terrence Wintergarden’s Santa Land.
4995|Fairy Tail: Dragon Cry|Dragon Cry is a magical artifact of deadly power, formed into a staff by the fury and despair of dragons long gone. Now, this power has been stolen from the hands of the Fiore kingdom by the nefarious traitor Zash Caine, who flees with it to the small island nation of Stella. Frightened that the power has fallen into the wrong hands, the King of Fiore hastily sends Fairy Tail to retrieve the staff. But this task proves frightening as a shadowy secret lies in the heart of the kingdom of Stella. Dragon Cry follows their story as they muster up all their strength to recover the stolen staff and save both kingdoms.
6931|Pandemic: How to Prevent an Outbreak|In this docuseries, meet the heroes on the front lines of the battle against influenza and learn about their efforts to stop the next global outbreak.
4273|Barbie: The Princess & the Popstar|Tori is a blonde princess who is bored of living her royal life, and has dreams of becoming a popstar. Keira, on the other hand, is a brunette popstar who dreams of being a princess. When the two meet, they magically trade places, but after realising it is best to be themselves.
4370|Ice Age: The Great Egg-Scapade|A harried prehistoric bird mother entrusts her precious, soon-to-hatch egg to Sid. When she recommends him to her neighbours, business booms at his new egg-sitting service. However, dastardly pirate bunny, Squint, who is seeking revenge on the herd, steals, camouflages and hides all the eggs. Once again, with Squint’s twin brother assisting, Manny, Diego and the rest of the gang come to the rescue and take off on a daring mission that turns into the world’s first Easter egg hunt.
6622|The Trials of Gabriel Fernandez|A boy’s brutal murder and the public trials of his guardians and social workers prompt questions about the system’s protection of vulnerable children.
5021|Alice in Wonderland|Alice follows a white rabbit down a rabbit-hole into a whimsical Wonderland, where she meets characters like the delightful Cheshire Cat, the clumsy White Knight, a rude caterpillar, and the hot-tempered Queen of Hearts and can grow ten feet tall or shrink to three inches. But will she ever be able to return home?
2728|Mighty Morphin Power Rangers: The Movie|Six incredible teens out-maneuver and defeat evil everywhere as the Mighty Morphin Power Rangers, but this time the Power Rangers may have met their match when they face off with Ivan Ooze, the most sinister monster the galaxy has ever seen.
5190|Still Walking|A family gathers together for a commemorative ritual whose nature only gradually becomes clear.
4356|Teen Titans Go! vs. Teen Titans|The comedic modern-day quintet takes on their 2003 counterparts when villains from each of their worlds join forces to pit the two Titan teams against each other. They'll need to set aside their differences and work together to combat Trigon, Hexagon, Santa Claus (that's right, Santa!) and time itself in order to save the multiverse.
4661|The Round Up|A faithful retelling of the 1942 "Vel' d'Hiv Roundup" and the events surrounding it.
6254|Dragon Ball GT|Ten years have passed since Goku left his friends and family to hone his skills. But Goku soon finds himself helpless against the mystical power of the Dragon Balls and an accidental wish made by the devious Emperor Pilaf. The wish; that Goku once again become a child! Goku, together with Trunks, and his own granddaughter Pan, blast off into the outer reaches of space in search of the mysterious Black Star Dragon Balls. But these Dragon Balls have a fatal secret: if not collected within one year Earth will be destroyed.
5700|The Burrowers|It is 1879 in the Dakota Territories, a band of men who set out to find and recover a family of settlers that has mysteriously vanished from their home. Expecting the offenders to be a band of fierce natives, but they soon discover that the real enemy stalks them from below.
4507|The Poughkeepsie Tapes|When hundreds of videotapes showing torture, murder and dismemberment are found in an abandoned house, they reveal a serial killer's decade-long reign of terror and become the most disturbing collection of evidence homicide detectives have ever seen.
6967|High Score|This docuseries traces the history of classic video games, featuring insights from the innovators who brought these worlds and characters to life.
4402|The Brave Little Toaster|A group of dated appliances, finding themselves stranded in a summer home that their family had just sold, decide to seek out their eight year old 'master'.
6997|Be Eternal: Champions of America|This series takes an unprecedented closeup look at Lionel Messi and the Argentine team's battle to break a 28-year title drought in 2021's Copa América.
5372|Encounters at the End of the World|Herzog and cinematographer Peter Zeitlinger go to Antarctica to meet people who live and work there, and to capture footage of the continent's unique locations. Herzog's voiceover narration explains that his film will not be a typical Antarctica film about "fluffy penguins", but will explore the dreams of the people and the landscape.
2390|Deep Red|An English pianist living in Rome witnesses the brutal murder of his psychic neighbor. With the help of a tenacious young reporter, he tries to discover the killer using very unconventional methods. The two are soon drawn into a shocking web of dementia and violence.
4888|House|Roger Cobb, a divorced horror novelist coming to terms with the disappearance of his young son, inherits an old mansion home to malevolent supernatural residents.
3438|Naomi and Ely's No Kiss List|The bonds between Naomi and Ely are tested when they fall for the same guy.
4887|Blade of the Immortal|Manji, a highly skilled samurai, becomes cursed with immortality after a legendary battle. Haunted by the brutal murder of his sister, Manji knows that only fighting evil will regain his soul. He promises to help a young girl named Rin avenge her parents, who were killed by a group of master swordsmen led by ruthless warrior Anotsu. The mission will change Manji in ways he could never imagine.
5582|Fame|A chronicle of the lives of several teenagers who attend a New York high school for students gifted in the performing arts.
4308|Barbie in 'A Christmas Carol'|On Christmas Eve, Kelly is reluctant to go to a Christmas Eve ball, so Barbie tells her the story of Eden Starling, a glamorous singing diva in the Victorian England and the owner of a theatre house. However, Eden is self-centered and loves only herself. She is frequently accompanied by her snooty cat, Chuzzlewit. She does not believe in Christmas and orders all her employees to work on Christmas.
5259|Cobain: Montage of Heck|Hailed as one of the most innovative and intimate documentaries of all time, experience Kurt Cobain like never before in the only ever fully authorized portrait of the famed music icon. Academy Award nominated filmmaker Brett Morgen expertly blends Cobain's personal archive of art, music, never seen before movies, animation and revelatory interviews from his family and closest friends.
5264|Apollo 11|A look at the Apollo 11 mission to land on the moon led by commander Neil Armstrong and pilot Buzz Aldrin.
4220|Barbie as the Island Princess|Young Rosella is saved by a few kind animals after a shipwreck. Now called Ro, she learns to talk to animals. One day, she saves the life of a prince and returns to civilisation to discover her past.
4880|Lost River|Billy, a single mother of two, is led into a macabre underworld while her teenage son, Bones, discovers a secret road leading to an underwater town. Both Billy and Bones must dive deep into the mystery if their family is to survive.
2794|The Butterfly Effect 3: Revelations|The story revolves around a man trying to uncover the mysterious death of his girlfriend and save an innocent man from the death chamber in the process, by using his unique power to time travel. However in attempting to do this, he also frees a spiteful serial-killer.
4561|Sorority Row|When five sorority girls inadvertently cause the murder of one of their sisters in a prank gone wrong, they agree to keep the matter to themselves and never speak of it again, so they can get on with their lives. This proves easier said than done, when after graduation a mysterious killer goes after the five of them and anyone who knows their secret.
2666|Bad Taste|A team from the intergalactic fast food chain Crumb's Crunchy Delights descends on Earth, planning to make human flesh the newest taste sensation. After they wipe out the New Zealand town Kaihoro, the country’s Astro-Investigation and Defense Service (AIaDS) is called in to deal with the problem. Things are complicated due to Giles, an aid worker who comes to Kaihoro the same day to collect change from the residents. He is captured by the aliens, and AIaDS stages a rescue mission that quickly becomes an all-out assault on the aliens’ headquarters.
4562|Andhadhun|A series of mysterious events changes the life of a blind pianist who now must report a crime that was actually never witnessed by him.
4236|Pete's Dragon|Pete, a young orphan, runs away to a Maine fishing town with his best friend a lovable, sometimes invisible dragon named Elliott! When they are taken in by a kind lighthouse keeper, Nora, and her father, Elliott's prank playing lands them in big trouble. Then, when crooked salesmen try to capture Elliott for their own gain, Pete must attempt a daring rescue.
6982|The Staircase|Academy Award-winning documentary filmmaker, Jean-Xavier de Lestrade, presents a gripping courtroom thriller, offering a rare and revealing inside look at a high-profile murder trial. In 2001, author Michael Peterson was arraigned for the murder of his wife Kathleen, whose body was discovered lying in a pool of blood on the stairway of their home. Granted unusual access to Peterson's lawyers, home and immediate family, de Lestrade's cameras capture the defense team as it considers its strategic options. The series is an engrossing look at contemporary American justice that features more twists than a legal bestseller.
5716|Ride with the Devil|Ride with the Devil follows four people who are fighting for truth and justice amidst the turmoil of the American Civil War. Director Ang Lee takes us to a no man's land on the Missouri/Kansas border where a staunch loyalist, an immigrant's son, a freed slave, and a young widow form an unlikely friendship as they learn how to survive in an uncertain time. In a place without rules and redefine the meaning of bravery and honor.
5213|Diary of a Wimpy Kid|Greg Heffley is a scrawny but ambitious kid with an active imagination and big plans to be rich and famous – he just has to survive middle school first.
4366|Trolls Holiday|When the eternally optimistic Poppy, queen of the Trolls, learns that the Bergens no longer have any holidays on their calendar, she enlists the help of Branch and the rest of the gang on a delightfully quirky mission to fix something that the Bergens don't think is broken.
3081|Ginger Snaps|The story of two outcast sisters, Ginger and Brigitte, in the mindless suburban town of Bailey Downs. On the night of Ginger's first period, she is savagely attacked by a wild creature. Ginger's wounds miraculously heal but something is not quite right. Now Brigitte must save her sister and save herself.
4224|Beavis and Butt-Head Do America|Slacker duo Beavis and Butt-Head wake to discover their TV has been stolen. Their search for a new one takes them on a clueless adventure across America, during which they manage to accidentally become America's most wanted.
3687|Harry Brown|An elderly ex-serviceman and widower looks to avenge his best friend's murder by doling out his own form of justice.
4565|Hell House LLC|Five years after an unexplained malfunction causes the death of 15 tour-goers and staff on the opening night of a Halloween haunted house tour, a documentary crew travels back to the scene of the tragedy to find out what really happened.
4231|Mike's New Car|Mike discovers that being the top-ranking laugh collector at Monsters, Inc. has its benefits – in particular, earning enough money to buy a six-wheel-drive car that's loaded with gadgets. That new-car smell doesn't last long enough, however, as Sulley jump-starts an ill-fated road test that teaches Mike the true meaning of buyer's remorse.
4352|Barbie: A Fairy Secret|Barbie realises that fairies secretly surround everybody. She, along with the help of her friends, Taylor and Carrie, sets out to rescue Ken. He is taken to the secret fairy city, Gloss Angeles.
5396|There's Still Tomorrow|In postwar Rome, a working-class woman dreams of a better future for herself and her daughter while facing abuse at the hands of her domineering husband. When a mysterious letter arrives, she discovers the courage to change the circumstances of her life.
5301|Touching the Void|The true story of Joe Simpson and Simon Yates' disastrous and nearly-fatal mountain climb of 6,344m Siula Grande in the Cordillera Huayhuash in the Peruvian Andes in 1985.
4892|Moonwalker|This fantastical movie inspired by the music of Michael Jackson features imaginative interpretations of hit tracks from the iconic 1987 album “Bad”.
3754|Man Bites Dog|The activities of rampaging, indiscriminate serial killer Ben are recorded by a willingly complicit documentary team, who eventually become his accomplices and active participants. Ben provides casual commentary on the nature of his work and arbitrary musings on topics of interest to him, such as music or the conditions of low-income housing, and even goes so far as to introduce the documentary crew to his family. But their reckless indulgences soon get the better of them.
4461|A Fall from Grace|When a law-abiding woman gets indicted for murdering her husband, her lawyer soon realizes that a larger conspiracy may be at work.
6885|Villainous|Follow the misadventures of the Black Hat Org. with evil handyman Black Hat and his less evil aides Dr. Flugslys, Demencia, 5.0.5, Cam Bot, and Penumbra.
6111|Ecomoda|Betty and Armando face new challenges as leaders of Ecomoda, a company in crisis. Between rivalries, betrayals, and the return of the unforgettable "Ugly Quarters," they must balance their family life while fighting to save the company's future.
4348|Green Lantern: Emerald Knights|As the home planet of the Green Lantern Corps faces a battle with an ancient enemy, Hal Jordan prepares new recruit Arisia for the coming conflict by relating stories of the first Green Lantern and several of Hal's comrades.
4624|Jarhead: Law of Return|Major Ronan Jackson, an accomplished fighter pilot for the Israel Defense Forces and son of a U.S. Senator, is shot down while flying through Syrian airspace. After miraculously surviving the crash, Jackson is taken captive by a group of Hezbollah militiamen. A squad of elite soldiers, led by Gunnery Sergeant Dave Torres, risk their own lives in the hopes of saving an ally they've never met.
6993|Killer Inside: The Mind of Aaron Hernandez|Via interviews with friends, players and insiders, this docuseries examines how Aaron Hernandez went from an NFL star to a convicted killer.
3837|The Crying Game|Irish Republican Army member Fergus forms an unexpected bond with Jody, a kidnapped British soldier in his custody, despite the warnings of fellow IRA members Jude and Maguire. Jody makes Fergus promise he'll visit his girlfriend, Dil, in London, and when Fergus flees to the city, he seeks her out. Hounded by his former IRA colleagues, he finds himself increasingly drawn to the enigmatic, and surprising, Dil.
5583|Staying Alive|It's five years later and Tony Manero's Saturday Night Fever is still burning. Now he's strutting toward his biggest challenger yet - making it as a dancer on the Broadway stage.
5007|Monster Pets: A Hotel Transylvania Short|Drac tries out some new monster pets to help occupy Tinkles for playtime.
3085|Scooby-Doo! Return to Zombie Island|Scooby-Doo and his pals win an all-expense paid vacation and embark on a trip of a lifetime to a tropical paradise. Their destination however, turns out to be Zombie Island. As soon as they arrive, they realize the place looks strangely familiar and is reminiscent of a trip they took years ago, in which they became wrapped up in a mystery involving zombies. The gang soon learns that their trip to paradise comes with a price when the zombies re-emerge and attack their hotel. Will Scooby-Doo and the Mystery Inc. gang finally solve the mystery behind Zombie Island?
5154|Explorers|Middle schooler Ben spends his free time watching sci-fi films, playing video games and reading comic books. Surprisingly, his affinity for all things fantastical yields a real result – when he has a vivid dream about technology, his prodigy best friend Wolfgang manages to create a working spacecraft. Joined by their buddy Darren, the boys take off into outer space and encounter some very odd extraterrestrial life.
4670|Т-34|In 1944, a courageous group of Russian soldiers managed to escape from German captivity in a half-destroyed legendary T-34 tank. Those were the times of unforgettable bravery, fierce fighting, unbreakable love, and legendary miracles.
4307|Flavors of Youth|The rigorous city life of China, while bustling and unforgiving, contains the everlasting memories of days past. Three stories told in three different cities, follow the loss of youth and the daunting realization of adulthood. Though reality may seem ever changing, unchangeable are the short-lived moments of one's childhood days. A plentiful bowl of noodles, the beauty of family and the trials of first love endure the inevitable flow of time, as three different characters explore the strength of bonds and the warmth of cherished memories. Within the disorder of the present world, witness these quaint stories recognize the comfort of the past, and attempt to revive the neglected flavors of youth.
5611|Given|Haruki secretly had feelings for Akihiko for years, but Akihiko was still in a relationship with his roommate, the violinist Ugetsu Murata. Haruki, Akihiko, and Ugetsu's love clashes and starts to move forward.
5084|School Life|In one of the poorest areas of Paris, a school counselor devotes herself to working with disadvantaged students, while facing challenges of her own.
5243|This Is It|A compilation of interviews, rehearsals and backstage footage of Michael Jackson as he prepared for his series of sold-out shows in London.
4831|The Science of Sleep|A man entranced by his dreams and imagination is lovestruck with a French woman and feels he can show her his world.
2739|Altered States|A research scientist explores the boundaries and frontiers of human consciousness. Using sensory deprivation and hallucinogenic mixtures from Native American shamans, he explores these altered states of cognizance and finds that memory, time, and reality itself are states of mind.
5364|Deep Web|Deep Web gives the inside story of one of the most important and riveting digital crime sagas of the century -- the arrest of Ross William Ulbricht, the 30-year-old entrepreneur convicted of being 'Dread Pirate Roberts,' creator and operator of online black market Silk Road. As the only film with exclusive access to the Ulbricht family, Deep Web explores how the brightest minds and thought leaders behind the Deep Web and Bitcoin are now caught in the crosshairs of the battle for control of a future inextricably linked to technology, with our digital rights hanging in the balance.
4999|Casper Meets Wendy|When a warlock threatens Wendy the Good Little Witch, she and her aunts hide out at a resort where Casper the Ghost is vacationing with his uncles. Although Casper and Wendy are told ghosts and witches don't get along, the two are kindred spirits! This spooky family-friendly adventure finds Casper and Wendy bridging the ghost-witch divide to battle the warlock who is intent on destroying Wendy.
5465|One Hundred Steps|Peppino Impastato is a quick-witted lad growing up in 1970s Sicily. Despite hailing from a family with Mafia ties and living just one hundred steps from the house of local boss Tano Badalamenti, Peppino decides to expose the Mafia by using a pirate radio station to broadcast his political pronouncements in the form of ironic humour.
3847|Son of a Gun|Locked up for a minor crime, 19 year old JR quickly learns the harsh realities of prison life. Protection, if you can get it, is paramount. JR soon finds himself under the watchful eye of Australia's most notorious criminal, Brendan Lynch, but protection comes at a price.
5225|Super Size Me|Morgan Spurlock subjects himself to a diet based only on McDonald's fast food three times a day for thirty days without exercising to try to prove why so many Americans are fat or obese. He submits himself to a complete check-up by three doctors, comparing his weight along the way, resulting in a scary conclusion.
4250|Watership Down|When the warren belonging to a community of rabbits is threatened, a brave group led by Fiver, Bigwig, Blackberry and Hazel leave their homeland in a search of a safe new haven.
4377|Green Lantern: First Flight|Test pilot Hal Jordan finds himself recruited as the newest member of the intergalactic police force, The Green Lantern Corps.
4748|Hamburger Hill|The men of Bravo Company are facing a battle that's all uphill… up Hamburger Hill. Fourteen war-weary soldiers are battling for a mud-covered mound of earth so named because it chews up soldiers like chopped meat. They are fighting for their country, their fellow soldiers and their lives. War is hell, but this is worse. Hamburger Hill tells it the way it was, the way it really was. It's a raw, gritty and totally unrelenting dramatic depiction of one of the fiercest battles of America's bloodiest war. This happened. Hamburger Hill - war at its worst, men at their best.
4695|A Hidden Life|Austrian farmer Franz Jägerstätter faces the threat of execution for refusing to fight for the Nazis during World War II.
4406|Barbie Fairytopia: Magic of the Rainbow|Elina goes to a fairy school to learn dancing and fairy magic. The spring of the fairy land is soon threatened by evil Laverna who intends to prevent fairies from performing the annual vital rainbow dance. Elina must stop quarreling with her fellow students and unite them to save the first bud of the spring.
4320|Once Upon a Snowman|The previously untold origins of Olaf, the innocent and insightful, summer-loving snowman are revealed as we follow Olaf’s first steps as he comes to life and searches for his identity in the snowy mountains outside Arendelle.
7013|Cheer|The stakes on the mat are high, but for these cheerleaders, the only thing more brutal than their workouts and more exceptional than their performances are the stories of adversity and triumph behind the athletes themselves.
4939|Zardoz|In the far future, a savage trained only to kill finds a way into the community of bored immortals that alone preserves humanity's achievements.
5275|Jackass 2.5|The crew have now set off to finish what as left over from Jackass 2.0, and in this version they have Wee Man use a 'pee' gun on themselves, having a mini motor bike fracas in the grocery mall, a sperm test, a portly crew member disguised as King Kong, as well as include three episodes of their hilarious adventures in India.
4733|Little Boy|An eight-year-old boy is willing to do whatever it takes to end World War II so he can bring his father home. The story reveals the indescribable love a father has for his little boy and the love a son has for his father.
4522|All the Boys Love Mandy Lane|Beautiful Mandy Lane isn't a party girl but, when classmate Chloe invites the Texas high school student to a bash in the countryside, she reluctantly accepts. After hitching a ride with a vaguely scary older man, the teens arrive at their destination. Partying ensues, and Mandy's close pal, Emmet, keeps a watchful eye on the young males making a play for Mandy. Then two of the students are murdered.
4924|Pumpkinhead|When a group of teenagers inadvertently kill his only son, Ed Harley seeks the powers of a backwoods witch to bring the child back to life.
5691|The Long Riders|The origins, exploits and the ultimate fate of the James gang is told in a sympathetic portrayal of the bank robbers made up of brothers who begin their legendary bank raids because of revenge.
4703|Au Revoir les Enfants|Au revoir les enfants tells a heartbreaking story of friendship and devastating loss concerning two boys living in Nazi-occupied France. At a provincial Catholic boarding school, the precocious youths enjoy true camaraderie—until a secret is revealed. Based on events from writer-director Malle’s own childhood, the film is a subtle, precisely observed tale of courage, cowardice, and tragic awakening.
5261|Jim & Andy: The Great Beyond|Offbeat documentarian Chris Smith provides a behind-the-scenes look at how Jim Carrey adopted the persona of idiosyncratic comedian Andy Kaufman on the set of Man on the Moon.
7020|The Business of Drugs|To detail how drugs push people into risky — even deadly — behaviors, a former CIA analyst investigates the economics of six illicit substances.
4062|Kirikou and the Sorceress|Drawn from elements of West African folk tales, it depicts how a newborn boy, Kirikou, saves his village from the evil witch Karaba.
4099|Jack-Jack Attack|The Parrs' baby Jack-Jack is thought to be normal, not having any super-powers like his parents or siblings. But when an outsider is hired to watch him, Jack-Jack shows his true potential.
4400|Dragon Hunters|Dragon Hunters is a fantastic tale telling the adventures of two dragon hunters: the world has become a vast conglomerate of islands of varying size and shape. This babbling universe is mainly peopled with ruthless rogues, surly peasants and illiterate, petty lords Their main concerns revolve around two fundamental rules : Eat and don't get eaten.
4227|Jack and the Cuckoo-Clock Heart|Jack is born with his heart frozen solid on the coldest day in history. A wise midwife saves him by replacing it with a cuckoo clock. Now Jack must abide by three rules to keep his mechanical heart safe: never touch the clock's hands, master his anger, and never fall in love. He tries his best, but when he meets a girl named Acacia he falls in love, threatening the delicate balance of his artificial heart.
7068|María Isabel|Native American girl Maria Isabel makes friends with Graciela, a rich white girl, despite Graciela's father's opposition; their friendship lasts into their adulthood.
3489|A Christmas Prince: The Royal Wedding|A year after Amber helped Richard secure the crown. The two are set to tie the knot in a royal Christmas wedding — but their plans are jeopardized when Amber finds herself second-guessing whether or not she's cut out to be queen, and Richard is faced with a political crisis that threatens to tarnish not only the holiday season but the future of the kingdom.
5604|Taylor Swift: Reputation Stadium Tour|Taylor Swift takes the stage in Dallas for the Reputation Stadium Tour and celebrates a monumental night of music, memories and visual magic.
4378|Tin Toy|Babies are hardly monster-like, unless you're a toy. After escaping a drooling baby, Tinny realizes that he wants to be played with after all. But in the amount of time it takes him to discover this, the baby's attention moves on to other things only an infant could find interesting.
4396|Barbie in A Mermaid Tale 2|Merliah Summers, a mermaid from Oceana, travels to Australia for a surfing competition. But when she learns that the evil Eris is planning to take over her kingdom, she must stop her at any cost.
3105|Phenomena|A young girl, with an amazing ability to communicate with insects, is transferred to an exclusive Swiss boarding school, where her unusual capability might help solve a string of murders.
3493|Isi & Ossi|Isi and Ossi couldn't be any more different: She's a billionaire's daughter from Heidelberg, he's a struggling boxer from the nearby town of Mannheim. But when Isi meets Ossi, the two quickly realize that they can take advantage of one another: She dates the broke boxer to provoke her parents and get them to fund a long-desired chef training in New York. He tries to rip off the rich daughter to finance his first professional boxing match. Their plans soon develop into emotional chaos that challenges everything the two believe to know about money, career and love.
4996|Scooby-Doo! in Where's My Mummy?|Scooby-Doo and the Mystery Inc. gang become involved in a supernatural mystery in Egypt.
7004|Breaking the Magician's Code: Magic's Biggest Secrets Finally Revealed|The Masked Magician returns to television to defy his fellow conjurers and disclose the tricks that have captivated audiences for centuries. Nowhere else has a magician dared to expose the secrets behind the world's most mystifying illusions.
5566|The Commitments|Jimmy Rabbitte, just a thick-ya out of school, gets a brilliant idea: to put a soul band together in Barrytown, his slum home in north Dublin. First he needs musicians and singers: things slowly start to click when he finds three fine-voiced females virtually in his back yard, a lead singer (Deco) at a wedding, and, responding to his ad, an aging trumpet player, Joey "The Lips" Fagan.
5319|The Secret|Interviews with leading authors, philosophers and scientists, with an in-depth discussion of the Law of Attraction. The audience is shown how they can learn and use 'The Secret' in their everyday lives.
4538|The Return of the Pink Panther|The famous Pink Panther jewel has once again been stolen and Inspector Clouseau is called in to catch the thief. The Inspector is convinced that 'The Phantom' has returned and utilises all of his resources – himself and his Asian manservant – to reveal the identity of 'The Phantom'.
5706|Breakheart Pass|At the height of the frontier era, a train races through the Rocky Mountains on a classified mission to a remote army post. But one by one the passengers are being murdered, and their only hope is the mysterious John Deakin, who's being transported to face trial for murder.
2929|Cam|A young camgirl discovers that she’s inexplicably been replaced on her site with an exact replica of herself.
6945|Conversations with a Killer: The Ted Bundy Tapes|A unique look inside the mind of an infamous serial killer with this cinematic self-portrait crafted from statements made by Ted Bundy, including present-day interviews, archival footage and audio recordings from death row.
3642|Gomorrah|An inside look at Italy's modern-day crime families, the Camorra in Naples and Caserta. Based on a book by Roberto Saviano. Power, money and blood: these are the "values" that the residents of the Province of Naples and Caserta have to face every day. They hardly ever have a choice and are forced to obey the rules of the Camorra. Only a lucky few can even think of leading a normal life.
4673|A Bag of Marbles|At the beginning of the 1940s, in a France occupied by Nazi forces, lived the Jewish Joffo family. Happy and tight-knit, she sees her future darken when all members of the family are forced to wear the yellow star. Fearing the worst, the parents organized their family to flee to the free zone in the south of the country. Maurice, twelve years old, and Joseph, ten years old, will therefore leave alone in order to maximize their chances of finding their older brothers already settled in Nice.  The brothers left to their own devices demonstrate an incredible amount of cleverness, courage, and ingenuity to escape the enemy invasion and to try to reunite their family once again.
5133|Cloud 9|Set high atop snow-capped mountains in the adrenaline-fueled world of competitive snowboarding, the Disney Channel Original Movie “Cloud 9″ tells the inspiring story of two snowboarders who must overcome self-doubt to learn that achieving their dreams is possible.
5298|BTS World Tour: Love Yourself in Seoul|Shot at the Olympic Stadium in Seoul during the BTS World Tour ‘Love Yourself’ to celebrate the seven members of the global boyband and their unprecedented international phenomenon.
3095|A Girl Walks Home Alone at Night|In the Iranian ghost-town Bad City, a place that reeks of death and loneliness, the townspeople are unaware they are being stalked by a lonesome vampire.
5709|Rooster Cogburn|After a band of drunken thugs overruns a small Indian Nation town, killing Reverend Goodnight and raping the women folk, Eula Goodnight enlists the aid of US Marshal Cogburn to hunt them down and bring her father's killers to justice.
5119|Little Indian, Big City|Stephen, an international trader, tracks down his ex-wife Patricia in some Amazonian backwater. He needs her consent to a divorce so that he can marry Charlotte. Unfortunately, he discovers a son he didn’t know he had – Mimi-Siku. The young jungle boy yearns to see Paris so Stephen reluctantly agrees to take him back home with him for a few days. How will Mimi-Siku react to life in the great metropolis?
4770|Gramps Is in the Resistance|It is 1943 in Paris. Like so many others, the Bourbelle family's home has been taken over by the Germans and they now live in their cellar. Little do they know that the son, Guy-Hubert Bourdelle, is far from being the cowardly hairdresser he pretends. He is in truth the Germans’ most feared opponent: le super-résistant!
4569|Paranoid Park|A teenage skateboarder becomes suspected of being connected with a security guard who suffered a brutal death in a skate park called "Paranoid Park".
5002|The Gate|Three young children accidentally release a horde of nasty, pint-sized demons from a hole in a suburban backyard. What follows is a classic battle between good and evil as the three kids struggle to overcome a nightmarish hell that is literally taking over the Earth.
5083|A Little Something Extra|To escape the police, a father and his son are forced to find refuge in a summer camp for young adults with mental disabilities, taking on the role of an educator and a boarder. The beginning of troubles and a wonderful human experience that will change them forever.
3734|Marshland|The Spanish Deep South, 1980. A series of brutal murders of adolescent girls in a remote and forgotten town bring together two disparate characters - both detectives in the homicide division - to investigate the cases.
5191|Impossible Things|After the death of her abusive husband, Matilde finds her new best friend in Miguel, her young, insecure, and disoriented neighbor.
4596|Maniac Cop|A killer dressed in a police uniform begins murdering innocent people on the streets of New York City.
5365|The Last Waltz|Martin Scorsese's documentary intertwines footage from The Band's incredible farewell tour with probing backstage interviews and featured performances by Eric Clapton, Bob Dylan, Joni Mitchell, Van Morrison, and other rock legends.
5654|El Topo|El Topo decides to confront warrior Masters on a trans-formative desert journey he begins with his 6 year old son, who must bury his childhood totems to become a man.
4534|Tenebre|A razor-wielding serial killer is on the loose, murdering those around Peter Neal, an American mystery author in Italy to promote his newest novel.
5358|Side by Side|Since the invention of cinema, the standard format for recording moving images has been film. Over the past two decades, a new form of digital filmmaking has emerged, creating a groundbreaking evolution in the medium. Keanu Reeves explores the development of cinema and the impact of digital filmmaking via in-depth interviews with Hollywood masters, such as James Cameron, David Fincher, David Lynch, Christopher Nolan, Martin Scorsese, George Lucas, Steven Soderbergh, and many more.
5272|Miss Americana|A raw and emotionally revealing look at one of the most iconic artists of our time during a transformational period in her life as she learns to embrace her role not only as a songwriter and performer, but as a woman harnessing the full power of her voice.
3732|Don't Be Bad|A story set in the 90s and in the outskirts of Rome to Ostia. A world where money, luxury cars, night clubs, cocaine and synthetic drugs are easy to run. A world in which Vittorio and Cesare, in their early twenties, act in search of their success.
4963|The Little Vampire|Based on the popular books, the story tells of Tony who wants a friend to add some adventure to his life. What he gets is Rudolph, a vampire kid with a good appetite. The two end up inseparable, but their fun is cut short when all the hopes of the vampire race could be gone forever in single night. With Tony's access to the daytime world, he helps them to find what they've always wanted.
5300|Bring the Soul: The Movie|A glimpse into K-pop group BTS’ world away from the stage, featuring intimate group discussions alongside spectacular concert performances from their world tour.
5330|1|Set in the golden era of Grand Prix Racing '1' tells the story of a generation of charismatic drivers who raced on the edge, risking their lives during Formula 1's deadliest period, and the men who stood up and changed the sport forever.
5606|How to Talk to Girls at Parties|In 1970s London, a teenage outsider named Enn falls in love with a rebellious alien girl named Zan, who has come to Earth for a party. Together, they navigate the complexities of intergalactic culture and the trials of first love.
4614|Family Plot|Spiritualist Blanche Tyler and her cab-driving boyfriend encounter a pair of serial kidnappers while trailing a missing heir in California.
4612|Starry Eyes|A hopeful young starlet uncovers the ominous origins of the Hollywood elite and enters into a deadly agreement in exchange for fame and fortune.
4931|He Never Died|Jack is a solitary man with a mysterious past. His strange habits will soon become stranger when his past catches up with him.
5283|Capitalism: A Love Story|Michael Moore comes home to the issue he's been examining throughout his career: the disastrous impact of corporate dominance on the everyday lives of Americans (and by default, the rest of the world).
5269|Jackass 3.5|Johnny Knoxville of 'Jackass' releases unused material of stunts, tricks, antics and shenanigans shot during the production of 'Jackass 3D' that didn't make it into the film, as well as the hilarious outtakes.
5167|Rise|Elise thought she had the perfect life: an ideal boyfriend and a promising career as a ballet dancer. It all falls apart the day she catches him cheating on her with her stage backup; and after she suffers an injury on stage, it seems like she might not be able to dance ever again.
1826|Slayers Return|Lina Inverse and Naga the White Serpent are back! What begins as a routine bandit-stomping turns into the adventure of a lifetime involving magical golems, an ancient Elven weapon and even someone bent on destroying the world. It's a predicament only Lina and Naga could get themselves in to.
4979|Mirrors 2|When Max, who is recovering from a traumatic accident, takes a job as a nighttime security guard, he begins to see visions of a young mysterious woman in the store's mirror.
5055|Those Happy Days|Set in 1992, a manager Vincent has to run a children's holiday camp for three weeks and to face the unexpected concerning the place, his colleagues, various problems linked to children about the rooms, trips, their belongings...
5588|Anima|In a short musical film directed by Paul Thomas Anderson, Thom Yorke of Radiohead stars in a mind-bending visual piece. Best played loud.
7021|Matchday: Inside FC Barcelona|Inside FC Barcelona, which follows the famed soccer club through its 2018-2019 season.
7066|Diff'rent Strokes|The series stars Gary Coleman and Todd Bridges as Arnold and Willis Jackson, two African American boys from Harlem who are taken in by a rich white Park Avenue businessman named Phillip Drummond and his daughter Kimberly, for whom their deceased mother previously worked. During the first season and first half of the second season, Charlotte Rae also starred as the Drummonds' housekeeper, Mrs. Garrett.
5128|A Christmas Prince: The Royal Baby|Christmas brings the ultimate gift to Aldovia: a royal baby. But first, Queen Amber must help her family and kingdom by finding a missing peace treaty.
4329|Scooby-Doo and the Cyber Chase|When Scooby and the gang get trapped in a video game created for the gang, they must fight against the 'Phantom Virus.' To escape the game they must go level by level and defeat the game once and for all.
5612|Hedwig and the Angry Inch|Raised a boy in East Berlin, Hedwig undergoes a personal transformation in order to emigrate to the U.S., where she reinvents herself as an 'internationally ignored' but divinely talented rock diva, inhabiting a 'beautiful gender of one'.
5721|Brazilian Western|When João goes to Brazil in search of a better life, he meets punk music enthusiast Maria and falls in love with her. But his involvement in the local drug trade makes him the target of a vicious drug lord.
5313|Hearts of Darkness: A Filmmaker's Apocalypse|A chronicle of the production problems — including bad weather, actors' health, war near the filming locations, and more — which plagued the filming of Apocalypse Now, increasing costs and nearly destroying the life and career of Francis Ford Coppola.
5249|Going Clear: Scientology and the Prison of Belief|GOING CLEAR intimately profiles eight former members of the Church of Scientology, shining a light on how they attract true believers and the things they do in the name of religion.
3070|Session 9|Tensions rise within an asbestos cleaning crew as they work in an abandoned mental hospital with a horrific past that seems to be coming back.
5342|HOMECOMING: A film by Beyoncé|This intimate, in-depth look at Beyoncé's celebrated 2018 Coachella performance reveals the emotional road from creative concept to cultural movement.
5220|Your Friend the Rat|Let's face it, rats are not the most beloved creatures on earth. However, maybe this little tale about the history of human and rat interaction will change the world's tune. At least that is the hope of Remy, the star of Ratatouille, and his reluctant brother Emile as they guide us through world history from a rat's perspective. Why can't we all just get along?
4810|I Am Not an Easy Man|The chauvinist Damien wakes up in a world where women and men have their roles reversed in society, and everything is dominated by women.
4162|Bao|An aging Chinese mother suffering from empty nest syndrome gets another chance at motherhood when one of her dumplings springs to life as a lively, giggly dumpling boy.
5336|Cave of Forgotten Dreams|Werner Herzog gains exclusive access to film inside the Chauvet caves of Southern France, capturing the oldest known pictorial creations of humankind in their astonishing natural setting.
4599|The Pact|After their mother passes away, sisters Nicole and Annie reluctantly return to their childhood home to pay their last respects. While staying overnight in the house, the sisters sense a mysterious presence in their midst: noises startling them in the night, objects moving about, a fallen picture of an unknown woman posed next to their mother. Annie begins experiencing a series of intense and disturbing dreams - visions that lead her to uncover something terrible about her mother's past that is finally revealing itself.
6985|Auschwitz: The Nazis and the Final Solution|This documentary series tackles one of history's most horrifying subjects: the Holocaust and the infamous Auschwitz-Birkenau concentration camp.
3137|The Bird with the Crystal Plumage|An American writer living in Rome witnesses an attempted murder that is connected to an ongoing killing spree in the city and conducts his own investigation, despite he and his girlfriend being targeted by the killer.
5093|Father There Is Only One|Javier is what we have dubbed as a "husband-in-law." That is that without taking care of the care of the house and children at all, he knows exactly what needs to be done, and that he continuously collects a sum of sentences from the type: "It is that you do not organize", or "do not get nervous", you already consider that overflowing woman drowns in a glass of water. Javier will have to face the reality of dealing with five children (between four and twelve years old) when his wife decides to go on a trip and leave him alone with them. The chaotic situation that takes place at home will progressively evolve ecologically to the most absolute disaster, but at the same time it will give parents and children the opportunity to meet and enjoy themselves for the first time.
4940|Russian Ark|A ghost and a French marquis wander through the Winter Palace in St Petersburg, encountering scenes from many different periods of its history.
5253|Three Identical Strangers|New York, 1980. Three complete strangers accidentally discover that they're identical triplets, separated at birth. The 19-year-olds' joyous reunion catapults them to international fame, but also unlocks an extraordinary and disturbing secret that goes beyond their own lives – and could transform our understanding of human nature forever.
4977|The Little Devil|Father Maurice, a priest living in a residential college for priests in Rome, is called out one day to "exorcise" the devil from someone. The devil turns out to be in the form of a fun-loving man called Giuditta. What Father Maurice doesn't know is that this type of devil will turn his life around.
5178|Dug's Special Mission|Dug is sent on foolish missions by Alpha, Beta, and Gamma so they can hunt for the Bird of Paradise Falls by themselves. Dug may find that where he belongs is not where he's been looking.
7016|Tiny Creatures|Little animals embark on big adventures across the U.S. in a dramatic nature series that explores their hidden worlds and epic survival stories.
5023|The Spirit of the Beehive|In 1940, in the immediate aftermath of the Spanish Civil War, a young girl living on the Castilian plain is haunted after attending a screening of James Whale's 1931 film Frankenstein and hearing from her sister that the monster is not dead, instead existing as a spirit inhabiting a nearby barn.
3281|A Christmas Prince|When a reporter goes undercover as a nanny to get the inside scoop on a playboy prince, she gets tangled in some royal intrigue and ends up finding love - but will she be able to keep up her lie?
5293|American Factory|In post-industrial Ohio, a Chinese billionaire opens a new factory in the husk of an abandoned General Motors plant, hiring two thousand blue-collar Americans. Early days of hope and optimism give way to setbacks as high-tech China clashes with working-class America.
5221|Far from the Tree|On an idyllic beach in the Pacific Northwest, curiosity gets the better of a young raccoon whose frustrated parent attempts to keep them both safe.
5357|Behind the Curve|Meet the growing, worldwide community of theorists who defend the belief that the Earth is flat while living in a society who vehemently rejects it.
5010|The King and the Mockingbird|A young shepherdess and a chimneysweep plan to get married and escape the clutches of a tyrannical king in love with her, assisted by the guile of a cheeky mockingbird, the king's archenemy.
5623|Out of the Clear Blue Sky|Returning to Earth as an imitator, the legendary Mexican artist Pedro Infante must prove that he is no longer a womanizer to enter paradise.
5305|Burn the Stage: The Movie|Burn the Stage: the Movie is the first movie from BTS, going behind-the-scenes of the BTS WINGS TOUR to reveal the full story of the band’s meteoric rise to fame. This unmissable film provides an intimate look at what happens when the most successful global boy band of all time breaks down barriers and invades the mainstream music scene. Exclusive tour footage and brand-new one-on-one interviews with BTS members give fans an unprecedented glimpse into their lives and an opportunity for everyone to celebrate together worldwide.
5368|Honeyland|When nomadic beekeepers break Honeyland’s basic rule (take half of the honey, but leave half to the bees), the last female beehunter in Europe must save the bees and restore natural balance.
4884|Return to Halloweentown|As Halloweentown prepares to celebrate its 1,000th anniversary, Marnie Piper and her brother Dylan return to Witch University, where trouble is in session from the Sinister Sisters and from someone who's plotting to use Marnie's powers for evil.
5697|The Missouri Breaks|When vigilante land baron David Braxton hangs one of the best friends of cattle rustler Tom Logan, Logan's gang decides to get even by purchasing a small farm next to Braxton's ranch. From there the rustlers begin stealing horses, using the farm as a front for their operation. Determined to stop the thefts at any cost, Braxton retains the services of eccentric sharpshooter Robert E. Lee Clayton, who begins ruthlessly taking down Logan's gang.
4807|The Wizards Return: Alex vs. Alex|While trying to prove to her family she can be mature and responsible, teen wizard Alex Russo conjures up a spell to rid herself of her bad qualities, unintentionally creating a Good and Evil Alex. When Evil Alex gets involved in a plan to take over the world by a dark wizard, Good Alex must find a way to save her family, humankind, and ultimately herself in an epic Good vs. Evil battle.
5250|Return to Jurassic Park|A multi-part documentary about the making of the Jurassic Park trilogy. Each part walks through the making of part of one of the films, including the hurricane during the shooting of the first film, and how advances in CGI for Jurassic Park helped change the world of special effects forever. All interviews for these retrospective documentaries come with comments from Spielberg, Johnston, Neill, Dern, Goldblum, the effects crews, the child actors, and Peter Stormare. This documentary is broken into six parts: Dawn of a New Era (25 min), Making Prehistory (20 min), The Next Step in Evolution (15 min), Finding the Lost World (28 min), Something Survived (16 min), and The Third Adventure (25 min).
3398|Ibiza|She could do the responsible thing. Or she could go to Ibiza with her best friends to chase down a hot DJ. Easy choice.
5200|Millions|Two boys, still grieving the death of their mother, find themselves the unwitting benefactors of a bag of bank robbery loot in the week before the United Kingdom switches its official currency to the Euro. What's a kid to do?
5246|Man on Wire|On August 7th 1974, French tightrope walker Philippe Petit stepped out on a high wire, illegally rigged between New York's World Trade Center twin towers, then the world's tallest buildings. After nearly an hour of performing on the wire, 1,350 feet above the sidewalks of Manhattan, he was arrested. This fun and spellbinding documentary chronicles Philippe Petit's "highest" achievement.
5296|Fahrenheit 11/9|Michael Moore's provocative documentary explores the two most important questions of the Trump Era: How did we get here, and how do we get out.
4493|Open Grave|A man awakes-- without memory -- in a pit full of bodies and must figure out if the people who rescued him are the killers, or if he is the murderer.
4547|The Three Burials of Melquiades Estrada|When brash Texas border officer Mike Norton wrongfully kills and buries the friend and ranch hand of Pete Perkins, the latter is reminded of a promise he made to bury his friend, Melquiades Estrada, in his Mexican home town. He kidnaps Norton and exhumes Estrada's corpse, and the odd caravan sets out on horseback for Mexico.
5242|Fyre|He promised supermodels and yachts, but delivered tents and cheese sandwiches. How one man engineered a music festival disaster.
5326|Buena Vista Social Club|In this fascinating Oscar-nominated documentary, American guitarist Ry Cooder brings together a group of legendary Cuban folk musicians (some in their 90s) to record a Grammy-winning CD in their native city of Havana. The result is a spectacular compilation of concert footage from the group's gigs in Amsterdam and New York City's famed Carnegie Hall, with director Wim Wenders capturing not only the music -- but also the musicians' life stories.
2703|Upstream Color|A man and woman are drawn together, entangled in the lifecycle of an ageless organism. Identity becomes an illusion as they struggle to assemble the loose fragments of wrecked lives.
5371|Enron: The Smartest Guys in the Room|A documentary about the Enron corporation, its faulty and corrupt business practices, and how they led to its fall.
4929|Alone|Five kids wake up in a world where everybody has disappeared.
5617|Tini: The New Life of Violetta|A teen star ventures out to the Italian countryside for a summer and emerges a new artist.
5683|Ginger Snaps Back: The Beginning|Set in 19th Century Canada, Brigitte and her sister Ginger take refuge in a Traders' Fort which later becomes under siege by some savage werewolves. But when one of the girls is bitten, they have no one to turn to but themselves.
5702|Down in the Valley|On a trip to the beach, a teenage girl named Tobe meets a charismatic stranger named Harlan, who dresses like a cowboy and claims to be a former ranch hand. The pair feel an instant attraction and begin a relationship, but her father, a lawman, is suspicious of her lover.
5312|The Thin Blue Line|This unique documentary dramatically re-enacts the crime scene and investigation of a police officer's murder in Dallas.
5688|Blackthorn|In Bolivia, Butch Cassidy (now calling himself James Blackthorn) pines for one last sight of home, an adventure that aligns him with a young robber and makes the duo a target for gangs and lawmen alike.
6989|Horror at the Cecil Hotel|Not long after the Cecil Hotel in Los Angeles opened in 1924, a guest committed suicide in one of its rooms, beginning a decades-long string of murders, suicides or otherwise unexplained...
5295|The King of Kong: A Fistful of Quarters|In this hilarious arcade showdown, a humble novice goes head-to-head against the reigning Donkey Kong champ in a confrontation that rocks the gaming world to its processors! For over 20 years, Billy Mitchell has owned the throne of the Donkey Kong world. No one could beat his top score until now. Newcomer Steve Wiebe claims to have beaten the unbeatable, but Mitchell isn't ready to relinquish his crown without a fight. Go behind the barrels as the two battle it out in a vicious war to earn the title of the true King of Kong.
5214|Kitbull|An unlikely connection sparks between two creatures: a fiercely independent stray kitten and a pit bull. Together, they experience friendship for the first time.
1796|Three Men and a Leg|Friends Aldo, Giovanni, and Giacomo cross Italy from north to south for Giacomo's wedding: the father of the bride, a despotic magnate who is both their boss and father-in-law—since Aldo and Giovanni have also married into the family not for love but for money, a fate now awaiting Giacomo—has entrusted them with a priceless piece of modern art, one that looks just like a rather unremarkable wooden leg.
5271|Food, Inc.|Documentary filmmaker Robert Kenner examines how mammoth corporations have taken over all aspects of the food chain in the United States, from the farms where our food is grown to the chain restaurants and supermarkets where it's sold. Narrated by author and activist Eric Schlosser, the film features interviews with average Americans about their dietary habits, commentary from food experts like Michael Pollan and unsettling footage shot inside large-scale animal processing plants.
4105|Freaks Out|Four super-powered circus freaks find themselves trapped in war-torn Rome after their foster father is captured by the Nazis.
5196|The Cheetah Girls 2|Best friends Galleria, Chanel, Dorinda, and Aqua, A.K.A. the girl band "The Cheetahs," get the opportunity of a lifetime when they strut their way to Barcelona, Spain, to perform in an international music festival. Along the way, the "amigas Cheetahs" learn that, although their paths are not the same, they are lucky to have one another for the journey.
5610|Kiss and Cry|A romantic drama based on the story of Carley Allison, a promising 18 year old figure skater and singer who made medical history in her fight against a rare 1 in 3.5 billion type of sarcoma.
5274|Gaga: Five Foot Two|Follow pop provocateur Lady Gaga as she releases a new album, preps for her Super Bowl halftime show, and confronts physical and emotional struggles.
5621|Whiplash|A ferocious, bullying music teacher teaches a dedicated student.
4853|Kaamelott: The First Chapter|Hidden in Rome, King Arthur is planning his return to oppose the army of his former friend Lancelot.
5565|XOXO|XOXO follows six strangers whose lives collide in one frenetic, dream-chasing, hopelessly romantic night.
6206|Codename: Kids Next Door|Taking numbers instead of names, five extraordinary 10-year-olds form a covert team called the Kids Next Door with one dedicated mission: to free all children from the tyrannical rule of adults.
5281|Dear Zachary: A Letter to a Son About His Father|In 2001, Andrew Bagby, a medical resident, is murdered not long after breaking up with his girlfriend. Soon after, when she announces she's pregnant, one of Andrew's many close friends, Kurt Kuenne, begins this film, a gift to the child.
5323|Jesus Camp|Jesus Camp is a Christian summer camp where children hone their "prophetic gifts" and are schooled in how to "take back America for Christ". The film is a first-ever look into an intense training ground that recruits born-again Christian children to become an active part of America's political future.
5344|The Dawn Wall|The definitive film on the climb that captured headlines and ignited imaginations worldwide. Tommy Caldwell and Kevin Jorgeson ascend the hardest big wall of all time: a 19 day ascent of The Dawn Wall, on the 3,000 foot vertical face of El Capitan, in Yosemite National Park. The film travels deeper than the climb, digging into the history of the climbers and painting an intimate portrait of Caldwell's harrowing life experiences that culminated in a single-minded drive to complete this impossible climb. The Dawn Wall is a heart-warming and inspiring movie that celebrates perseverance, camaraderie, and the universal spirit of dreaming big, and never giving up.
5704|A Man Called Horse|In 1825, English peer Lord John Morgan is cast adrift in the American West. Captured by Sioux Indians, Morgan is at first targeted for quick extinction, but the tribesmen sense that he is worthy of survival. He eventually passes the many necessary tests that will permit him to become a member of the tribe.
5126|Father There Is Only One 2|The success of the Conchy virtual assistant (which was developed by Javier) has earned him a favorable spot in the parents chat room - until something unexpected ruins it all.
5479|Leopardi|In 19th-century Italy, Giacomo Leopardi channels his debilitating illness and isolation into poetry.
5605|Bo Burnham: Make Happy|Combining his trademark wit and self-deprecating humor with original music, Bo Burnham offers up his unique twist on life in this stand-up special about  life, death, sexuality, hypocrisy, mental illness and Pringles cans.
4685|Max & Leon|In this WW2 epic comedy – in the vein of “La Grande Vadrouille” – our two heroes, Max and Léon, two lazy and partier pals, will try by all possible means to avoid going in the battle zone… This will lead the duo to demented and wild adventures.
4992|Incredible But True|Alain and Marie moved to the suburb house of their dreams. But the real estate agent warned them: what is in the basement may well change their lives forever.
5256|Jiro Dreams of Sushi|Revered sushi chef Jiro Ono strives for perfection in his work, while his eldest son, Yoshikazu, has trouble living up to his father's legacy.
5320|Abducted in Plain Sight|A family falls prey to the manipulative charms of a neighbor, who abducts their adolescent daughter. Twice.
3417|The Mafia Kills Only in Summer|While Arturo tries to gain the love of Flora, he witnesses the history of Sicily from 1969 to 1992, miraculously dodging the crimes of the Mafia and supporting as a journalist the heroic struggle of the judges and policemen who fought this infamous organization.
5329|Life Itself|The surprising and entertaining life of renowned film critic and social commentator Roger Ebert (1942-2013): his early days as a freewheeling bachelor and Pulitzer Prize winner, his famously contentious partnership with Gene Siskel, his life-altering marriage, and his brave and transcendent battle with cancer.
4798|Nothing Left to Do But Cry|Two 20th-century friends accidentally stumble into the year 1492, where they meet a charming teen and try to alter history.
5341|We Are Legion: The Story of the Hacktivists|Takes us inside the world of Anonymous, the radical "hacktivist" collective that has redefined civil disobedience for the digital age. The film explores early hacktivist groups like Cult of the Dead Cow and Electronic Disturbance Theater, then moves to Anonymous' raucous beginnings on the website 4chan.  Through interviews with current members, people recently returned from prison or facing trial, writers, academics, activists and major players in various "raids," the documentary traces Anonymous’ evolution from merry pranksters to a full-blown movement with a global reach, the most transformative civil disobedience of our time.
4192|If Anything Happens I Love You|In this Oscar-winning short film, grieving parents journey through an emotional void as they mourn the loss of a child after a tragic school shooting.
5297|The Internet's Own Boy: The Story of Aaron Swartz|Programming prodigy and information activist Aaron Swartz achieved groundbreaking work in social justice and political organizing. His passion for open access ensnared him in a legal nightmare that ended with the taking of his own life at the age of 26.
5044|Tolo Tolo|Checco is a young Apulian entrepreneur dreamer who has opened a sushi restaurant in his Apulia. However, after one month, the restaurant went bankrupt and he chose to emigrate to Africa to escape from debt. Here he adapts to being a waiter in a resort in Kenya, but at the outbreak of a civil war he decides to embark on a stowaway trip on a boat for migrants to Europe and chooses to do it with his African friends. However, he would not like to return to Italy, but rather to go to Liechtenstein where banking secrecy is in force and there is a lower tax burden than in Italy.
4270|Lucky and Zorba|A seagull is caught by the black tide of a sinking petrol ship. She manages to fly inland and falls down in a garden by a cat. Moribund, she asks the cat to fulfill three promises: that when she lays her egg he must not eat it; that he must take care of it until it hatches; that he would teach the newborn how to fly.
5314|Minimalism: A Documentary About the Important Things|How might your life be better with less? The popular simple-living duo The Minimalists examines the many flavors of minimalism by taking the audience inside the lives of minimalists from various walks of life.
5608|Two Sons of Francisco|The story of Francisco, a very simple and poor man whose dream was to see his children become country music stars, and who made all the efforts to make it happen.
5279|Return|This is a documentary linking ecological and political problems. The planet has come to be less important than the multinational earnings, and with it politicians earnings as well. With this project we bring foreward this problem, witch not only affects the third world, but is a worldwide situation witch needs to be adressed.
5350|Finding Vivian Maier|Vivian Maier's photos were seemingly destined for obscurity, lost among the clutter of the countless objects she'd collected throughout her life. Instead these images have shaken the world of street photography and irrevocably changed the life of the man who brought them to the public eye. This film brings to life the interesting turns and travails of the improbable saga of John Maloof's discovery of Vivian Maier, unravelling this mysterious tale through her documentary films, photographs, odd collections and personal accounts from the people that knew her. What started as a blog to show her work quickly became a viral sensation in the photography world. Photos destined for the trash heap now line gallery exhibitions, a forthcoming book and this documentary film.
5338|Avicii: True Stories|Documentary about the arena-packing Swedish DJ, chronicling his explosive rise to fame and surprising decision to retire from live performances in 2016.
5307|Diego Maradona|Constructed from over 500 hours of never-before-seen footage, this documentary centers on the personal life and career of the controversial football player Diego Maradona who played for SSC Napoli and Argentina in the 1980s.
4982|The Misfits Club|Valeria has just moved to Madrid after her parent's separation. What at first seems a bad start for her new life becomes the beginning of an amazing life experience. New friendships, a city full of possibilities, first love...
6947|Súbete a mi moto|The Story behind the the iconic boy band Menudo according to the creator and manager of the band
5321|The Edge of Democracy|A cautionary tale for these times of democracy in crisis—the personal and political fuse to explore one of the most dramatic periods in Brazilian history. With unprecedented access to Presidents Dilma Rousseff and Lula da Silva, we witness their rise and fall and the tragically polarized nation that remains.
5316|What Happened, Miss Simone?|The film chronicles Nina Simone's journey from child piano prodigy to iconic musician and passionate activist, told in her own words.
6391|Shadow Hunter|A documentary series about the paranormal, hosted by Darryll Walsh, a ghost hunter, best-selling author and doctor of parapsychology.
3825|A.C.A.B. - All Cops Are Bastards|A look at the controversial riot cops unit, told through the stories of three veteran cops and a young recruit.
2860|Return|After reading an article about hypnotic regression, a woman whose maternal grandfather died when she was only three years old contacts the hypnotic subject named in the article believing that he is the reincarnation of her grandfather, and hoping that she can learn the truth about how he died.
5352|The Wolfpack|Locked away from society in an apartment on the Lower East Side of Manhattan, the Angulo brothers learn about the outside world through the films that they watch. Nicknamed ‘The Wolfpack’, the brothers spend their childhood reenacting their favorite films using elaborate home-made props and costumes. Their world is shaken up when one of the brothers escapes and everything changes.
3663|The Legend of Al, John and Jack|Hapless Depression-era gangsters Al, John and Jack find out their boss wants to get rid of them and come up with a plan to sell him to the FBI, but Al's short-term memory loss could make it difficult.
5309|Return|RETURN tells the story of a retired Green Beret who embarks on a healing journey from Montana to Vietnam. There he retraces his steps, shares his wartime experiences with his son, treats his Post-Traumatic Stress Disorder, and seeks out the mountain tribespeople he once lived with and fought alongside as a Special Forces officer.
976|Return|Back from a tour of duty, Kelli struggles to find her place in her family and the rust-belt town she no longer recognizes.
6924|Seven Deadly Sins|The series traces the history of the seven deadly sins, how they became part of religious doctrine, and looks at historical figures who have been the worst perpetrators of each. Each of the seven sins is explored, from their origins and nature, their opposing virtue, and their corresponding punishment.
5367|Chiara Ferragni: Unposted|Chiara Ferragni, the first fashion influencer in the world, reveals how the digital revolution has changes business world, communication, fashion, culture, through a portrait in which she's the protagonist, both as a woman and as digital entrepreneur.
3120|Return of the Tooth Fairy|The Tooth Fairy is back. 15 years after the events of the first movie, Corey, now grown up but mentally scarred has gone to a class reunion. However, the Tooth Fairy is back, and this time - You better have flossed properly.
5209|Blessed Madness|A man dedicated to religion and very faithful husband suddenly finds himself single. The new shop assistant in his shop will overwhelm his life.
5708|Yahşi Batı|Aziz and Lemi must recover a diamond gifted by the Sultan of the Ottoman Empire to the U.S. President which has been stolen by bandits in the American wild west.
4741|At War for Love|It's 1943 and World War II is raging in Europe. In New York, Arturo and Flora the daughter of a restaurant owner are in love, but she is promised in marriage to the son of a Mafia boss. There is a way around this, but to be able to marry Flora, Arturo needs to get permission from her father, who lives in a village in Sicily. Arturo doesn't have any money, so the only way he can get to Sicily is to enlist in the U.S. Army, which is preparing for a landing on the island.
5280|Return|"Behind every strong man is a strong woman!", Mumine shouts as her husband is arrested. She has 4 children, she's in her mid-30s, and she's the wife of a Crimean Tatar political prisoner. Muslim Crimean Tatars have been oppressed for a long time. They were deported under Stalin, allowed to return under Gorbachev, and since the occupation of Crimea in 2014 under Putin, they are being persecuted again. "Return" is a portrait of Mumine and Maye, two strong women struggling with the consequences of oppression. Their traditional understanding of their role as women does not stand in the way of their dedication. They possess strength, beauty and dignity. Only in their most intimate moments, they are overwhelmed by desperate helplessness.
7172|Battle|A man kills a toy designer and steals his latest product. The product, a mini-army complete with weapons, then wages war on the killer.  The first Ukrainian screen adaptation of Stephen King's story.
3064|Return|A young couple purchase their new home to start a life together, only to find out the elderly couple next door have other plans for them.
6950|MATARIFE|Matarife, an unmentionable genocide | The series has generated great controversy in Colombia because it exposes former president Alvaro Uribe Vélez in its plot like never before.
7104|Phosphor|Returning wounded from the war Maksym was overcome by self-doubt, in his physiological state. He is undergoing rehabilitation. He loses contact with his wife. He is tormented by dreams. In one of his dreams Maksym goes to the island to catch a lot of fish, as the paramedic advised him. Maksym takes a boat, net, dynamite from the best man and sails to the island.
7144|On April 22, 2023, from 13:05 to 13:11, Nothing Happened in Irpin|This short film is a grotesque reflection of the threat of death that could come at any moment from Russian missiles and other weapons. This artistic expression sends a shout-out to John Smith, an English avant-garde director. Film is an embodiment of the idea that a person feels safe when he or she has a sense of control.
7148|Ku...|In old forgotten place an evil and insidious Koshchiy the Immortal lived. He lived his days among gray mists and vicious howls of unknown animals. There was no longer a magical cat who sang songs and recited poetry, a mermaid died, like many other fairytale characters. There was only him, a miserable old man.
