105|Mark Fergus
106|Hawk Ostby
107|Art Marcum
118|Belinda McClory
186|Alon Aboutboul
195|Hugh Keays-Byrne
199|Rosie Huntington-Whiteley
205|Brendan McCarthy
285|Gary Ross
357|Ashley Miller
359|Mark Protosevich
369|Garry Shandling
378|Kenny Baker
379|Peter Mayhew
394|David Ayer
404|Damian O'Hare
405|Giles New
420|Craig Kyle
449|Derek Connolly
461|Eugene Brave Rock
492|David Schofield
496|David Franzoni
501|Michael Nyqvist
506|Omer Barnea
511|Derek Kolstad
545|Stephen Dunlevy
547|Elise Neal
550|Michael Green
573|Barry Humphries
574|Dean O'Gorman
612|Spencer Fox
643|Marc Webb
659|Simon Beaufoy
687|Irvin Kershner
688|Leigh Brackett
698|Blake Cooper
702|Noah Oppenheim
703|Grant Pierce Myers
709|Sophie Cookson
715|Matthew Vaughn
718|Fionn Whitehead
753|David Bailie
768|Peter Ramsey
782|Nicolas Phongpheth
804|Sebastian Shaw
819|Philip Zhao
834|Lanny Joon
868|Don Hall
869|Robert L. Baird
871|Daniel Gerson
882|Elyes Gabel
884|Marc Forster
892|Jiang Wen
900|Gary Whitta
901|John Knoll
902|Tony Gilroy
967|Robert Wade
992|Elizabeth Regen
993|Carl J. Matusovich
1005|Ahmed Best
1014|Tim Pigott-Smith
1063|Ivan Raimi
1081|Tony Way
1082|Kick Gurry
1083|Franz Drameh
1084|Dragomir Mrsic
1088|Jez Butterworth
1117|David Leslie Johnson-McGoldrick
1136|Robert Maillet
1139|William Houston
1142|Anthony Peckham
1163|Tom Wisdom
1169|Kurt Johnstad
1170|Michael B. Gordon
1191|Rick Rossovich
1192|Bess Motta
1193|Earl Boen
1194|Dick Miller
1211|Jonathan Hales
1264|Kevin McKidd
1266|Peigi Barker
1268|Patrick Doyle
1269|Brenda Chapman
1274|Irene Mecchi
1285|Danny Cooksey
1336|Dan Harris
1338|Michael Dougherty
1350|Robert Stromberg
1351|Linda Woolverton
1355|Huck Milner
1360|Michael Bird
1370|Ray Fisher
1382|Cole Konis
1386|Luke Sunshine
1387|Kevin Lacz
1396|Wolf Kahler
1400|Vic Tablian
1402|Philip Kaufman
1433|Vanessa Taylor
1434|Evan Daugherty
1446|Krysty Wilson-Cairns
1469|Robert Kazinsky
1472|Travis Beacham
1482|Paul Shenar
1484|Ángel Salazar
1494|Kevin Vance
1507|Angus Barnett
1536|Christopher Gordon
1537|Rupert Wyatt
1548|Liam James
1552|Harald Kloser
1571|Chi McBride
1572|Jerry Wasserman
1576|Jeff Vintar
1589|John Stevenson
1590|Glenn Berger
1592|Cyrus Voris
1628|William Atherton
1629|Hart Bochner
1631|John McTiernan
1632|Steven E. de Souza
1673|Toby Hemingway
1674|Andrew Niccol
1682|David Warshofsky
1684|Gérard Watkins
1685|Arben Bajraktaraj
1708|Asia Kate Dillon
1715|Marc Abrams
1716|Chris Collins
1718|Shay Hatten
1724|Giancarlo Giannini
1726|Simon Abkarian
1731|Paul Haggis
1741|Lee Evans
1755|Isabelle Lowe
1756|Booch O'Connell
1758|Karl Gajdusek
1782|Gavin Hood
1821|Stephanie March
1832|Michelle Greenidge
1833|Rob Bowen
1848|Cate Shortland
1860|Jason Mitchell
1862|Jordan Vogt-Roberts
1863|Max Borenstein
1898|James Robinson
1903|Randall Wallace
1911|Michael Byrne
1913|Robert Eddison
1949|Dimple Kapadia
1981|Michele Mulroney
1994|Robert Ben Garant
2033|Sara Montez
2034|Cathy Yan
2054|Johnny Strong
2055|Matt Schulze
2060|Erik Bergquist
2101|Samuli Edelmann
2106|André Nemec
2107|Josh Appelbaum
2114|William Hope
2116|Al Matthews
2120|David Giler
2128|Mary Alice
2132|Ian Bliss
2180|Robert Gordon
2181|Barry Fanaro
2214|Natasha Rothwell
2218|Tom Butler
2220|Jeff Fowler
2222|Patrick Casey
2247|Kelly Masterson
2282|Florian Munteanu
2283|Andy Le
2287|Andrew Lanham
2297|Ken Yamamura
2338|Darren Lemke
2348|Ric Young
2349|Chua Kah Joo
2351|Gloria Katz
2352|Willard Huyck
2360|Gabriel Mann
2366|William Blake Herron
2375|David Parker
2388|Jorge Lendeborg Jr.
2401|Ingeborga Dapkūnaitė
2405|Robert Towne
2430|Stephen Dunham
2440|David Meunier
2444|Richard Wenk
2524|Jon Cohen
2557|Raoul Max Trujillo
2558|Julio Cesar Cedillo
2572|D.J. Caruso
2575|Joonas Suotamo
2586|Jon Kasdan
2593|Vanessa Lee Chester
2595|Harvey Jason
2624|Patrick Burleigh
2625|Ryan Firpo
2626|Kaz Firpo
2664|Sophie Levy
2665|Tess Levy
2668|Jeremy Leven
2682|Andre Fabrizio
2705|Dayo Okeniyi
2710|Patrick Lussier
2718|Richard Chaves
2743|Remo Girone
2758|Tego Calderon
2775|Olivia Milch
2786|Bilall Fallah
2814|Murielle Telio
2824|Peter Ferdinando
2826|Daniel Henshall
2827|Yutaka Izumihara
2829|Jamie Moss
2832|T. Rafael Cimino
2846|Robert Roy Pool
2854|Jon Bass
2859|David Ronn
2863|Damian Shannon
2886|Jerry Hall
2889|Warren Skaaren
2945|Lobo Chan
2957|Anderson Cooper
2962|Terri Tatchell
3035|Alastair Siddons
3066|Kagiso Kuypers
3070|Anointing Lukola
3073|Edward Zwick
3074|Charles Leavitt
3076|C. Gaby Mitchell
3082|Randy Couture
3099|Karl Johnson
3125|Page Kennedy
3127|Dean Georgaris
3137|Billy MacLellan
3138|Araya Mengesha
3139|Gage Munroe
3156|Derek Haas
3202|Kris Wu
3217|Jesse Ramirez
3219|Kevin Brodbin
3220|Frank A. Cappello
3229|Anis Cheurfa
3236|Brian Klugman
3237|Lee Sternthal
3250|Jim Taylor
3251|Peter Buchman
3279|Clare-Hope Ashitey
3287|Oana Pellea
3290|David Arata
3313|David Calder
3316|Christian McKay
3340|Anjul Nigam
3357|Alfredo Botello
3367|Nhev Scharrel
3396|Freddie Boath
3403|Dakota Beavers
3404|Michelle Thrush
3407|Dane DiLiegro
3408|Stefany Mathias
3409|Bennett Taylor
3410|Mike Paterson
3411|Nelson Leis
3413|Patrick Aison
3448|Kristen Hager
3463|Zachery Ty Bryan
3473|John Polson
3481|Brannon Braga
3494|Ryan Condal
3510|Marshall Herskovitz
3514|Barkhad Abdi
3516|Faysal  Ahmed
3517|Mahat M. Ali
3532|Jessica Schulte
3534|Emily Nordwind
3536|Alan Schoolcraft
3590|Benji Samit
3609|Kelly Marie Tran
3613|Izaac Wang
3621|Qui Nguyen
3623|Paul Briggs
3630|Dean Wellins
3639|Ryan Robbins
3641|Duncan Jones
3655|Michael Ferris
3670|Jonathan Liebesman
3688|Ken Kaufman
3689|David Agosto
3699|Kamil McFadden
3701|David Lindsay-Abaire
3706|Steve Toussaint
3709|Ronald Pickup
3711|Gísli Örn Garðarsson
3712|Mike Newell
3714|Doug Miro
3724|Rebecca Pidgeon
3728|Cully Hamner
3737|Joanna Kulig
3740|Tommy Wirkola
3751|Alain Figlarz
3761|Jason Scott Lee
3762|Yoson An
3767|Niki Caro
3768|Lauren Hynek
3796|Creighton Rothenberger
3809|Daniel Waters
3850|Keiynan Lonsdale
3854|Stephen Chbosky
3855|Bill Collage
3878|William Lee Scott
3888|Mo Amer
3891|James Cusati-Moyer
3895|Rory Haines
3901|DeWanda Wise
3902|Mamoudou Athie
3903|Isabella Sermon
3921|Noam Murro
3929|Theresa Randle
3931|Nestor Serrano
3932|Julio Oscar Mechoso
3936|Michael Barrie
3945|Pasquale Aleardi
3968|Richard Crenna
3975|Alf Humphreys
3979|William Sackheim
3980|Michael Kozoll
3988|David Dayan Fisher
3993|Cormac Wibberley
3994|Marianne Wibberley
3996|Oren Aviv
4002|Luca Calvani
4006|Christian Berkel
4007|Misha Kuznetsov
4009|Lionel Wigram
4012|Jeff Kleeman
4046|Steven Waddington
4048|Tiernan Jones
4049|Pingi Moli
4050|Jesús Evita
4052|Rafe Judkins
4059|Erik Aadahl
4067|Ken Nolan
4081|Doug E. Doug
4084|Bibo Bergeron
4086|Michael J. Wilson
4098|Aisha Hinds
4117|Matt Manfredi
4118|Phil Hay
4126|Kirsty Mitchell
4130|Tom O'Connor
4139|Paolo Antonio Simioni
4140|Alessandro Grimaldi
4146|N'Bushe Wright
4166|Allen Hughes
4174|Roland Møller
4220|Rudhraksh Jaiswal
4221|Randeep Hooda
4223|Pankaj Tripathi
4226|Ryder Lerum
4239|Garrett M. Brown
4241|Jeff Wadlow
4261|Shuler Hensley
4263|Will Kemp
4275|Wu Zhensu
4277|Tess Liu
4278|Xu Ming
4280|Christopher Murphey
4288|Casper Crump
4289|Simon Russell Beale
4291|Osy Ikhile
4293|Stuart Beattie
4295|Adam Cozad
4306|Macy Gray
4314|Diarmaid Murtagh
4317|Noah Huntley
4318|Ronan Vibert
4319|Gary Shore
4320|Matt Sazama
4326|Chris Barrie
4331|Robert Phillips
4333|Patrick Massett
4334|John Zinman
4336|Sara B. Cooper
4337|Michael Colleary
4342|Christian Rubeck
4344|Tomiwa Edun
4347|Clara Read
4349|Max Botkin
4350|Kerry Williamson
4363|Robert Kurtzman
4373|Tony Ghosthawk
4380|Miranda Hart
4399|David Mitchell
4415|Gary Goldman
4421|Ivan Mbakop
4425|Sebastien Large
4426|Rawson Marshall Thurber
4448|Art Evans
4450|Tom Bower
4462|Timothy John Smith
4463|Sione Kelepi
4465|David Stassen
4474|Brian Glover
4481|Vincent Ward
4490|Jonathan Sadowski
4494|Yorgo Constantine
4541|Zach Dean
4547|Paul Kersey
4553|James Schamus
4573|Diana Bang
4575|Reese Alexander
4576|James Yi
4577|Paul Bae
4581|Dan Sterling
4599|Rudy Youngblood
4603|Antonio Monroy
4604|María Isabel Díaz Lago
4605|Dalia Hernández
4606|Jonathan Brewer
4608|Carlos Emilio Báez
4618|Ato Essandoh
4621|Vinzenz Kiefer
4637|Justin Haythe
4645|Veronica Falcón
4646|Dani Rovira
4647|Quim Gutiérrez
4651|Glenn Ficarra
4660|Dylan Bruno
4691|Michael Chabon
4702|Craig McGinlay
4709|David Dobkin
4721|Susannah Grant
4732|Happy Anderson
4745|Boris Lee Krutonog
4746|Fausto Callegarini
4778|Daniel Olbrychski
4780|Daniel Pearce
4785|Phillip Noyce
4786|Kurt Wimmer
4799|Jerry Stahl
4829|John Whittington
4841|Darren Boyd
4869|Caspian Tredwell-Owen
4881|Marianne Jean-Baptiste
4883|José Padilha
4884|Joshua Zetumer
4888|Oona Laurence
4894|Miguel Gómez
4905|D.J. Cotrona
4918|Andre Ward
4920|Steven Caple Jr.
4922|Sascha Penn
4923|Cheo Hodari Coker
4924|Juel Taylor
4931|Didier Saint Melin
4933|Laurent Desponds
4934|Matthieu Albertini
4955|Chandler Canterbury
4958|Terry Camilleri
4959|Lara Robinson
4960|Adrienne Pickering
4961|Danielle Carter
4962|Alethea McGrath
4965|Juliet Snowden
4967|Stiles White
4987|Omar Metwally
4991|John W. Richardson
5002|Robert DoQui
5005|Paul McCrane
5008|Edward Neumeier
5014|Diego Boneta
5015|Ferran Fernández
5017|Stephanie Gil
5018|Tomás Álvarez
5021|Justin Rhodes
5039|Brian Helgeland
5049|James Dodd
5077|Ross LaManna
5098|Lu Han
5105|Max Brooks
5111|Tom Taylor
5113|Fran Kranz
5136|Gregory Poirier
5148|Edwin Hodge
5149|Kyle Secor
5162|J.E. Freeman
5164|Jean-Pierre Jeunet
5174|Junior Singo
5194|Casper Van Dien
5201|Patrick Muldoon
5212|Noah Ringer
5220|Steve Oedekerk
5231|Jonathan Walker
5236|Jonathan Lemkin
5251|Jared Stern
5261|McKenna Roberts
5273|Laurent Bourgeois
5308|Kira Snyder
5311|Danika Yarosh
5317|Robert Catrini
5332|James A. Stephens
5337|Mark Rosenthal
5338|Lawrence Konner
5349|Dave Wilson
5350|Eric Heisserer
5365|Josh Peters
5366|Darnell Metayer
5379|Enrique Castillo
5381|Bill Marsilii
5397|Dan Studney
5426|Anita Briem
5429|Jane Wheeler
5431|Giancarlo Caltabiano
5433|Garth Gilker
5434|Eric Brevig
5436|Jennifer Flackett
5447|David S. Lee
5462|David Weisberg
5463|Douglas S. Cook
5475|Gary Weeks
5489|Fred Dekker
5506|Chad St. John
5515|Nicolas Wright
5527|Sheridan Smith
5532|Evan Spiliotopoulos
5545|Steve Shibuya
5568|Shaun McKee
5580|Eileen Atkins
5592|Tom Atkins
5593|Darlene Love
5594|Traci Wolfe
5603|Quinton 'Rampage' Jackson
5609|Brian Bloom
5632|Gustav Lindh
5649|Fernando Chien
5654|Cliff Dorfman
5663|Emily Siewert
5684|Sarah Wright
5689|Alejandro Edda
5700|Kiersey Clemons
5709|Melanie Vallejo
5710|Benedict Hardie
5711|Linda Cropper
5712|Simon Maiden
5713|Steve Danielsen
5714|Richard Cawthorne
5730|David Elliot
5737|Ian Whyte
5742|Joseph Rye
5744|Carsten Nørgaard
5748|Joanne Samuel
5750|Steve Bisley
5756|David Bracks
5758|Byron Kennedy
5771|Henry Frost
5773|J.C. Chandor
5775|Matthew Sand
5796|Jan Filipenský
5808|Hiam Abbass
5826|William Monahan
5837|Dominic Sena
5872|Russell Wong
5882|Al Madrigal
5885|Joe Ferrara
5886|Charlie Shotwell
5887|Daniel Espinosa
5893|Lewis Fitz-Gerald
5896|Rhiana Griffith
5897|John Moore
5899|Les Chantery
5900|David Twohy
5902|Jim Wheat
5914|Natacha Karam
5915|Anamaria Marinca
5927|Andreas Katsulas
5938|John Howard
5940|Charlee Fraser
5963|Ali Suliman
5975|Razaaq Adoti
5980|Alexander Witt
6007|Jessica Postigo
6008|I. Marlene King
6015|Ron Thomas
6016|Rob Garrison
6018|Tony O'Dell
6019|John G. Avildsen
6030|Colin McFarlane
6032|Byron Willinger
6033|Philip de Blasi
6041|Becky G
6047|Dean Israelite
6086|Greg Hatton
6105|Alex Litvak
6110|Cab Calloway
6115|Murphy Dunne
6122|John Ashton
6128|Stephen Elliott
6129|Gilbert R. Hill
6133|Danilo Bach
6142|Lindsay Sloane
6146|Chris Henchy
6165|John Lone
6171|Lisa LoCicero
6172|Meiling Melançon
6179|Ashanti
6180|Christopher Egan
6182|Matthew Marsden
6185|Russell Mulcahy
6193|Anna Colwell
6196|Walter Bankson
6202|Richard Outten
6208|Art Malik
6231|James V. Hart
6259|Ryan Rowe
6260|John August
6267|Constance Marie
6273|Tom Wheeler
6274|Brian Lynch
6286|Laurence Mason
6289|John Shirley
6298|Greg Sproles
6300|Baltasar Kormákur
6301|Blake Masters
6320|Yorick van Wageningen
6346|Noah Dalton Danby
6387|Joseph Mawle
6424|Aksel Hennie
6440|Sanny van Heteren
6441|Jacob Blair
6443|Måns Mårlind
6460|Grace Chan
6464|Naseeruddin Shah
6466|Peta Wilson
6467|Stuart Townsend
6471|Max Ryan
6474|James Robinson
6491|Stuart Wilson
6494|Diego Sieres
6497|Emiliano Guerra
6508|Aryana Engineer
6512|Johann Urb
6524|Marisa Miller
6525|Mike O'Malley
6544|Bruce Feirstein
6556|Vojislav Govedarica
6557|George P. Cosmatos
6560|Kevin Jarre
6602|Jackie Cooper
6604|Trevor Howard
6621|Maung Maung Khin
6625|Art Monterastelli
6639|David Scarpa
6641|Y'lan Noel
6642|Lex Scott Davis
6643|Joivan Wade
6649|Kristen Solis
6650|Rotimi Paul
6662|Steve Monroe
6664|Marc Lawrence
6665|Katie Ford
6666|Caryn Lucas
6671|Loren Dean
6681|Maria Pitillo
6699|Adriana Barraza
6700|Yvette Monreal
6706|Adrian Grünberg
6707|Matthew Cirulnick
6720|Katie Dippold
6740|Evan Lai
6751|Reno Wilson
6756|Mark Neveldine
6785|Stephen Cornwell
6796|Ras-Samuel Welda'abzgi
6830|Michael Preston
6831|Max Phipps
6832|Vernon Wells
6835|Virginia Hey
6837|Arkie Whiteley
6839|Terry Hayes
6841|Brian Hannant
6848|Judith Godrèche
6849|Edward Atterton
6873|Anne Openshaw
6874|Jonathan James Bitonti
6875|Ben Hernandez Bray
6876|Peter Girges
6878|Ian Mackenzie Jeffers
6889|Alex Russell
6938|Jared Abrahamson
6950|Glenn Shadix
6955|Robert Reneau
6956|Peter M. Lenkov
6964|Ethann Isidore
6983|Adria Tennor
6992|R. D. Call
7021|Elijah Rodriguez
7022|Howard Ferguson Jr.
7031|Patti Harrison
7052|Victor Cook
7054|Toby Shelton
7056|Kevin Hopps
7059|Thomas Hart
7060|Marty Isenberg
7070|Elizabeth Hawthorne
7071|Patrick Tatopoulos
7083|Peter Andersson
7085|Clementine Nicholson
7088|Anna Foerster
7089|Kyle Ward
7090|Cory Goodman
7099|BoJesse Christopher
7101|Chris Pedersen
7103|W. Peter Iliff
7122|Alessandro Gassmann
7123|Kate Nauta
7135|Dominic Fumusa
7144|Chuck Hogan
7167|Shane Acker
7168|Pamela Pettler
7180|Lee Tamahori
7195|Matt Cook
7222|Matt Ember
7223|Tom J. Astle
7232|Michael Halsey
7234|Breck Eisner
7246|Ron Glass
7261|Jules Asner
7271|Holger Handtke
7277|Donny Alamsyah
7278|Yayan Ruhian
7281|Tegar Satrya
7282|Iang Darmawan
7283|Eka 'Piranha' Rahmadia
7307|Scott Thomson
7348|Gary Fleder
7377|Jaye Davidson
7378|Viveca Lindfors
7384|Carlos Lauchu
7389|Natalie Imbruglia
7394|Douglas McFerran
7395|Steve Nicolson
7396|Terence Harvey
7398|Peter Howitt
7411|Morton Downey, Jr.
7416|Madeleine Yuna Voyles
7420|Sturgill Simpson
7421|Amar Chadha-Patel
7423|Robbie Tann
7440|Christopher Bertolini
7449|Dick Clark
7457|Derrick O'Connor
7458|Patsy Kensit
7462|Steve Kahan
7466|Warren Murphy
7474|Douglas Tait
7477|Neil Marshall
7478|Andrew Cosby
7482|Henry Zaga
7487|Dustin Ceithamer
7496|Yvan Attal
7500|Noémie Lenoir
7525|John Macmillan
7527|Seth Lochhead
7537|Yann Sundberg
7538|Ériq Ebouaney
7539|David Kammenos
7553|Xavier Gens
7561|Toby Eddington
7562|Femi Elufowoju Jr.
7566|Rachel Long
7575|Gaia Scodellaro
7578|Andrea Dodero
7580|Zakaria Hamza
7620|Marcus Gautesen
7627|Teri Wyble
7629|Wayne Duvall
7631|Christopher Berry
7634|Craig Zobel
7635|Nick Cuse
7659|John McConnell
7685|Nick Brimble
7687|John Watson
7721|Electra Avellan
7722|Elise Avellan
7727|Álvaro Rodríguez
7747|Victor Wong Chi-Keung
7748|Robert Jayne
7753|Brent Maddock
7754|S.S. Wilson
7767|Hazel Nugent
7781|Madeline 'Maddy' Wary
7783|Mark Boal
7792|Jessie Kamm
7795|Patrick Carroll
7805|Season Hubley
7809|Charles Cyphers
7831|Fraser James
7840|Marc de Jonge
7844|Doudi Shoua
7845|Randy Raney
7848|Peter MacDonald
7850|Sheldon Lettich
7870|Josh Rivera
7916|Maxwell Ross
7917|Jeff Tomsic
7918|Rob McKittrick
7929|William Eubank
7933|Roddy Piper
7939|Jason Robards III
7940|John Lawrence
7941|Susan Barnes
7957|Lee Batchler
7963|Ricky Jay
7968|Desmond Llewelyn
7974|Russell Means
7976|Eric Schweig
7979|Patrice Chéreau
7984|Philip Dunne
7986|Francesca Annis
8003|Gary Basaraba
8004|Alex Kaluzhsky
8012|Sherri Howard
8022|William Osborne
8025|O'Shea Jackson Jr.
8032|Kaiwi Lyman
8036|Paul T. Scheuring
8058|Abdul Salis
8065|Dennis Dun
8069|Donald Li
8071|Peter Kwong
8072|James Pax
8074|David Z. Weinstein
8088|David Pastor
8098|Mehdi Nebbou
8108|Daniel Puig
8113|Zach Baylin
8125|Andrew W. Marlowe
8145|Maximilian Schell
8147|Ron Eldard
8150|Mimi Leder
8151|Bruce Joel Rubin
8152|Michael Tolkin
8157|Rolf Kanies
8162|Michaela Caspar
8163|Aleksander Bach
8171|Tom Brittney
8177|Aaron Schneider
8251|Dana Gourrier
8263|Josh Pais
8324|Paula Poundstone
8327|Josh Cooley
8333|Richard S. Castellano
8336|Gianni Russo
8372|Chosen Jacobs
8377|Jake Sim
8380|Chase Palmer
8381|Gary Dauberman
8389|Brian Delate
8391|Blair Slater
8415|Niketa Calame-Harris
8417|Rob Minkoff
8418|Jonathan Roberts
8426|Tom Sito
8428|Mark Kausler
8436|Andrew Gaskill
8437|Kevin Harkey
8443|Duane Howard
8444|Arthur Redcloud
8445|Melaw Nakehk'o
8446|Grace Dove
8460|Frank Schorpion
8479|Joséphine de Meaux
8483|Salimata Kamate
8484|Absa Diatou Toure
8486|Olivier Nakache
8536|Anthony McCarten
8545|Samantha Mahurin
8580|Nathalie Baye
8584|Frank John Hughes
8585|Steve Eastin
8596|Joanna Numata
8597|Samuel Glen
8609|Suanne Spoke
8616|Orto Ignatiussen
8621|Jonás Cuarón
8632|Thomas Jay Ryan
8637|Pierre Bismuth
8675|Mark Heyman
8676|Andres Heinz
8696|Gabe Gomez
8699|May Lindstrom
8724|Carla Juri
8738|Joe Turkel
8741|David Webb Peoples
8778|Catherine Hardwicke
8785|Claire Selby
8786|Symara A. Templeman
8789|Elina Alminas
8818|Nicoletta Braschi
8820|Giustino Durano
8821|Sergio Bini Bustric
8824|Lidia Alfonsi
8826|Amerigo Fontani
8835|Gautam Belur
8838|Ayaan Khan
8839|Mohd Abbas Khaleeli
8840|Vibish Sivakumar
8850|Lee Strasberg
8852|G.D. Spradlin
8878|Vik Sahay
8880|Rachel Majorowski
8905|Jeremy Shamos
8918|Kaden Leos
8933|Richard Kelly
8943|Frank Adu
8944|Victor Argo
8954|Samantha Spiro
8958|Scott Neustadter
8959|Jojo Moyes
8960|Michael H. Weber
8972|Aaron Sorkin
8997|Alan Ball
9007|David Marshall Grant
9008|David Frankel
9018|Zoë Soul
9019|Erin Gerasimovich
9040|Esther Garrel
9042|Vanda Capriolo
9043|Antonio Rimoldi
9044|Elena Bucci
9047|James Ivory
9055|Joe Cortese
9056|Mary Agnes Nixon
9083|Paul Herman
9084|David O. Russell
9095|Starletta DuPois
9102|Jennifer Lien
9110|David McKenna
9165|Lari White
9167|David Allen Brooks
9168|Semion Sudarikov
9169|Peter Von Berg
9205|Kent Shocknek
9206|Sharon Tay
9217|Ana Dela Cruz
9218|Randy Kovitz
9219|Toni Saladna
9224|Christopher Carley
9225|Bee Vang
9228|Geraldine Hughes
9235|Dave Johannson
9250|Sergi López
9254|Álex Angulo
9257|César Vea
9268|Ed O'Ross
9274|Gustav Hasford
9279|William Redfield
9283|Dean R. Brooks
9290|Graham Norton
9295|Donnell Rawlings
9296|Questlove
9321|Mahesh Manjrekar
9349|Tom Prior
9350|Sophie Perry
9360|Anthony Rapp
9374|Charles Walker
9384|Marcia Jean Kurtz
9387|Joanne Gordon
9389|Hubert Selby Jr.
9411|Shahadi Wright Joseph
9412|Penny Johnson Jerald
9426|Susanne Bier
9461|Milo Parker
9473|Saniyya Sidney
9475|Allison Schroeder
9485|Eileen Nicholas
9488|John Hodge
9506|Lucia Rijker
9513|F.X. Toole
9536|Michael Gracey
9537|Jenny Bicks
9543|Maureen Lipman
9547|Jessica Kate Meyer
9548|Michał Żebrowski
9549|Wanja Mues
9558|Leslie Stefanson
9592|Sean Bridgers
9593|Tom McCamus
9595|Cas Anvar
9596|Amanda Brugel
9599|Lenny Abrahamson
9600|Emma Donoghue
9608|Michael Adamthwaite
9610|Gabriel Chavarria
9618|Jay Ryan
9628|Bronisław Wrocławski
9630|Magdalena Lamparska
9631|Natasza Urbańska
9632|Grażyna Szapołowska
9633|Tomasz Stockinger
9637|Tomasz Mandes
9644|Daniel Franzese
9646|Rajiv Surendra
9649|Mark Waters
9671|Freya Wilson
9699|David Sirota
9719|Lydia Wilson
9722|Joshua McGuire
9724|Richard Curtis
9734|Adam David Thompson
9750|Melisa Wallack
9760|Jordan Rodrigues
9765|Frederic Forrest
9775|John Milius
9784|Bruce Bohne
9795|Ahna O'Reilly
9798|Eleanor Henry
9799|Emma Henry
9800|Tate Taylor
9823|Daryl Mitchell
9826|Kirsten Smith
9836|Doug Murray
9848|Simon Woods
9851|Deborah Moggach
9858|Kumar Pallana
9870|Douglas M. Griffin
9874|Frank Mottek
9883|Shane Paul McGhie
9887|Inanna Sarkis
9889|Pia Mia
9891|Jenny Gage
9892|Susan McMartin
9894|Tom Betterton
9895|Tamara Chestna
9901|Thayer David
9903|Jimmy Gambina
9904|Bill Baldwin
9905|Al Silvani
9922|Eric Johnson
9930|James Foley
9931|Niall Leonard
9950|Bryce Gheisar
9957|Jack Thorne
9970|John Lee Hancock
9984|Alexandre Rodrigues
9985|Leandro Firmino
9986|Phellipe Haagensen
9987|Douglas Silva
9989|Matheus Nachtergaele
9993|Emerson Gomes
9995|Bráulio Mantovani
10008|David Rabinowitz
10018|Sean Bott
10019|Fenton Quinn
10020|John Lawrence
10028|Akiko Takeshita
10029|Kazuyoshi Minamimagoe
10030|Kazuko Shibata
10032|Ryuichiro Baba
10033|Akira Yamaguchi
10054|Gunnel Fred
10069|Malik Bazille
10071|Aaron Covington
10083|Larry Hudson
10087|Antonia San Juan
10088|Zorion Eguileor
10089|Emilio Buale
10090|Alexandra Masangkay
10091|Zihara Llana
10094|Txubio Fernández de Jáuregui
10096|Galder Gaztelu-Urrutia
10098|David Desola
10110|Valerie Faris
10111|Jonathan Dayton
10121|Matthew McGrory
10143|Jamey Sheridan
10144|Valerie Mahaffey
10145|Delphi Harrington
10146|Ahmed Lucan
10149|Todd Komarnicki
10165|Jack Scanlon
10166|Amber Beattie
10189|Harvey Scrimshaw
10191|Lucas Dawson
10194|Sarah Stephens
10195|Daniel Malik
10209|Larry McMurtry
10210|Diana Ossana
10223|Steve Koren
10229|Alex R. Hibbert
10230|Jaden Piner
10233|Shariff Earp
10236|Tarell Alvin McCraney
10275|Anne Fletcher
10289|Charles Perrault
10310|Lúcia Moniz
10331|Hope Elizabeth Reeves
10332|Colleen Foy
10334|David Willis
10335|Hans Howes
10348|Chris Buck
10350|Noni White
10351|Bob Tzudiker
10352|Tab Murphy
10353|Paul Brizzi
10354|John Norton
10355|Mike Surrey
10356|Stephen J. Anderson
10359|Jeff Snow
10360|Chris Ure
10361|Randy Haycock
10362|Mark Walton
10363|Don Dougherty
10365|John Ramirez
10369|Frank Nissen
10370|Mark Kennedy
10371|Carole Holliday
10372|Glen Keane
10373|Kelly Wightman
10394|Edward James Hyland
10395|Stephen Kunken
10409|Scott Hunter McGuire
10423|Joe Nuñez
10424|Sarah Jane Morris
10426|Grant Nieporte
10432|Kimberly Elise
10435|Sean Blakemore
10439|Ethan Gross
10460|Robbie Sublett
10463|Kevin DeCoste
10464|Robert Degnan
10474|Hugh Ross
10477|Lee Toland Krieger
10478|J. Mills Goodloe
10480|Salvador Paskowitz
10491|Eric Davis
10497|Gerald R. Molen
10498|Jack Murdock
10499|Michael D. Roberts
10501|Lucinda Jenney
10505|Ronald Bass
10506|Barry Morrow
10513|Divian Ladwa
10514|Priyanka Bose
10516|Tannishtha Chatterjee
10519|Luke Davies
10529|Brent Briscoe
10535|Marie Richardson
10540|Sky du Mont
10541|Fay Masterson
10543|Frederic Raphael
10562|Ariane Labed
10584|Quinton Aaron
10591|Catherine Dyer
10623|Judith Ivey
10635|Samuel Joslin
10636|Oaklee Pendergast
10638|Sönke Möhring
10641|Jomjaoi Sae-Limh
10647|Frances O'Connor
10682|Leslie Dixon
10689|Jaime Winstone
10693|Ger Ryan
10695|Juliette Towhidi
10702|Jane Brucker
10703|Max Cantor
10706|Emile Ardolino
10707|Eleanor Bergstein
10766|Jason Oliver
10770|Bruce A. Evans
10772|Noah Wiseman
10775|Barbara West
10776|Ben Winspear
10777|Cathy Adamek
10779|Hachi
10780|Tim Purcell
10789|Domiziana Giordano
10791|Laure Marsac
10799|C.J. Wilson
10802|Anna Baryshnikov
10804|Ivy O'Brien
10808|Cristela Alonzo
10813|Ray Magliozzi
10820|Mike Rich
10827|Laura Michelle Kelly
10828|Jayne Wisener
10829|Ed Sanders
10830|Gracie May Weldon
10852|Carlos Andrés Gómez
10869|Isaac Aptaker
10877|Toby Regbo
10881|Jaco Van Dormael
10902|Klea Scott
10910|Rosie Shaw
10916|Robin Chalk
10918|Nathan Parker
10926|Bojana Novaković
10927|Caitlin Carver
10928|Maizie Smith
10931|Steven Rogers
10943|Tim McCanlies
10952|Christopher Sayegh
10953|David Gueriera
10958|Aitana Sánchez-Gijón
10965|Robert Long
10967|Scott Kosar
10970|Rocci Williams
10979|Ivan Atkinson
10980|Marn Davies
10989|Rick Kleber
10992|Jerry Zucker
11000|Nicholas Woodeson
11019|Leonardo Benvenuti
11021|Piero De Bernardi
11039|Parminder Nagra
11043|Sophia Bernard
11044|Emily Baldoni
11057|Jona Xiao
11059|Tom Flynn
11067|Jenny Rainsford
11069|Faye Daveney
11084|Al Reinert
11095|Boone Storm
11121|Jack Paglen
11131|Jakob Ulrich
11141|Gil Birmingham
11157|David S. Howard
11162|Ron Osborn
11163|Jeff Reno
11172|Jarlath Conroy
11184|Thekla Reuten
11186|Elizabeth Berrington
11187|Jérémie Renier
11189|Éric Godon
11196|Ashley Hinshaw
11201|Crystal-Donna Roberts
11214|Ken Medlock
11228|Olivia Hamilton
11241|Brooke Stacy Mills
11264|Samantha Barks
11265|Daniel Huttlestone
11269|Alain Boublil
11309|Aaron Stockard
11313|Louise Lombard
11322|Mario Celaya
11329|Nicholas Jones
11332|Richard Lumsden
11335|Ellar Coltrane
11339|Libby Villari
11343|Andrew Villarreal
11344|Jenni Tooley
11356|Lisa Barbuscia
11359|Andrew Davies
11360|Helen Fielding
11379|Shaun Clarke
11380|Pierre Richard
11381|Preston Hudson
11382|Jeff Cruts
11383|Sully Seagull
11408|Julian Sergi
11412|Jason Smilovic
11431|Justin Randell Brooke
11436|Robert D. Siegel
11441|Charles Kimbrough
11444|Paul Kandel
11468|Kirk Hanson
11477|Alison Eastwood
11484|Janelle Bailey
11485|Sedona Legge
11486|Pablo Calva
11488|Ava Dean
11490|Angelo Josue Lozano Corzo
11492|Anthony Jaswinski
11501|Christina Pickles
11513|Keith William Richards
11514|Mike Francesa
11515|Jonathan Aranbayev
11528|Jake Wood
11529|Tom Fisher
11552|Jonathan Jackson
11554|Larry Holden
11556|Hillary Seitz
11564|Josiah Cerio
11566|Meg Crosbie
11588|Kate Butler
11591|Grace Brannigan
11592|Latham Gaines
11599|Frances Sternhagen
11603|June Christopher
11606|William Goldman
11619|Ben Coccio
11622|Darius Marder
11645|Hazelle Goodman
11651|Maia Morgenstern
11655|Mattia Sbragia
11656|Toni Bertorelli
11658|Hristo Shopov
11659|Claudia Gerini
11662|Benedict Fitzgerald
11666|Aaron Yoo
11674|Peter Steinfeld
11679|Michael Lee Gogin
11681|Brian Le Baron
11684|Craig Bierko
11697|Tom Bennett
11698|Matthew Illesley
11700|Charlie Rowe
11702|Lee Hall
11705|Rachel Hurd-Wood
11711|Sian Thomas
11712|Jessica Schwarz
11714|Andrew Birkin
11744|Mario Casas
11745|Ana Wagener
11746|Jose Coronado
11748|Francesc Orella
11749|Paco Tous
11750|David Selvas
11753|Manel Dueso
11764|Geoffrey Blake
11780|Amber Gainey Meade
11799|Chopper Bernet
11801|John Rubano
11804|Adam Paul
11805|Robert Cait
11806|Kelly Asbury
11808|John Fusco
11814|Catherine Salée
11816|Mona Walravens
11818|Jérémie Laheurte
11820|Abdellatif Kechiche
11822|Ghalya Lacroix
11840|Garry McDonald
11841|Jacek Koman
11842|Matthew Whittet
11843|Kerry Walker
11844|Caroline O'Connor
11856|Kristen Berg
11857|Katy Mixon
11877|Monique Coleman
11880|Chris Warren
11895|Ann Biderman
11901|Salvatore Cascio
11904|Pupella Maggio
11919|Michael Pataki
11920|Stu Nahan
11921|R.J. Adams
11931|Leonard Gaines
11932|Sylvia Meals
11933|Frank McRae
11945|Byrne Piven
11956|Samantha Weinstein
11958|Kimberly Peirce
11960|Lawrence D. Cohen
11968|Frank Adonis
11970|Frank Topham
11985|Peter Shaffer
11990|Mickey O'Keefe
11993|Bianca Hunter
11995|Jill Quigg
11997|Paul Tamasy
11998|Eric Johnson
12007|Staffan Kihlbom
12025|Darrell Rooney
12026|Flip Kobler
12029|Thomas Bo Larsen
12030|Annika
12031|Lasse Fogelstrøm
12032|Susse Wold
12033|Anne Louise Hassing
12036|Sebastian Bull Sarning
12037|Steen Ordell Guldbrandsen
12038|Thomas Vinterberg
12039|Tobias Lindholm
12052|Christopher Hampton
12061|Elisabetta De Palo
12062|Tommaso Tatafiore
12079|Alexander Jillings
12081|Robert B. Weide
12087|Floyd "Red Crow" Westerman
12092|Jimmy Herman
12094|Michael Blake
12107|Kieran Fitzgerald
12123|Andrea Eckert
12124|Hanno Pöschl
12125|Karl Bruckschwaiger
12128|Dominik Castell
12130|Harold Waiglein
12132|Kim Krizan
12146|Dave Eggers
12152|Ron Vawter
12153|Robert Ridgely
12155|Lisa Summerour
12158|Ron Nyswaner
12162|Jan Cornet
12164|Eduard Fernández
12165|José Luis Gómez
12167|Susi Sánchez
12172|François Truffaut
12176|J. Patrick McNamara
12178|Roberts Blossom
12179|Phil Dodds
12192|Max Perlich
12193|Ted Demme
12198|İlker Aksum
12199|Mesut Akusta
12200|Yıldıray Şahinler
12202|Sarp Akkaya
12204|Deniz Celiloğlu
12205|Ferit Kaya
12206|Mehmet Ada Öztekin
12208|Özge Efendioğlu
12212|Tony Danza
12215|Lindsey Broad
12216|Rob Brown
12217|Jeremy Luke
12225|Adrian Grünewald
12226|Edin Hasanović
12229|Devid Striesow
12230|Andreas Döhler
12233|Ian Stokell
12243|John Christopher Jones
12260|Jon Ronson
12268|Allison Altman
12269|Lance Oppenheim
12270|Grace Perkins
12272|Samuel D. Hunter
12277|Steven Ford
12278|Lisa Jane Persky
12281|Robert Alan Beuth
12282|David Burdick
12288|Nico Liersch
12296|Michael Petroni
12307|Lone Scherfig
12308|David Nicholls
12324|Abdel Ahmed Ghili
12325|Solo
12327|Héloïse Rauth
12329|Olga Abrego
12330|Laurent Labasse
12340|Hulk Hogan
12390|Michael Rubenfeld
12392|Paul McGuigan
12401|Herb Caillouet
12402|Barry G. Bernson
12428|Tim DeZarn
12445|Sophie Dalah
12458|Ripley Sobo
12477|Tony Kgoroge
12478|Patrick Mofokeng
12480|Julian Lewis Jones
12482|Marguerite Wheatley
12483|Leleti Khumalo
12487|Noah Hathaway
12491|Sydney Bromley
12492|Patricia Hayes
12494|Frank Lenart
12495|Robert Jadah
12499|Herman Weigel
12501|Jamie Blackley
12507|Jakob Davies
12508|Ali Milner
12510|R. J. Cutler
12517|Cullen Moss
12519|Jose Lucena Jr.
12520|Keith D. Robinson
12523|Jamie Linden
12550|Simon Wells
12551|Philip LaZebnik
12559|Matt Lutz
12560|Al Thompson
12561|Jonathan Parks Jordan
12562|Adam Shankman
12563|Karen Janszen
12574|Kelly Fremon Craig
12586|Michael Sucsy
12587|Marc Silverstein
12590|Stuart Sender
12594|Ulrich Matthes
12599|Ulrich Noethen
12601|Oliver Hirschbiegel
12624|Jo Eun-hyung
12637|Iris Apatow
12650|John Hillcoat
12659|Colleen Dewhurst
12663|Marshall Brickman
12668|Perry Lopez
12672|Roy Jenson
12673|Richard Bakalyan
12684|Pierre Segui
12686|Richard Kuss
12687|Michael Cimino
12689|Deric Washburn
12692|Louis Garfinkle
12696|Joseph Lee
12698|Briana McLean
12700|Connor McRaith
12701|Dominic Hoffman
12705|Sev Ohanian
12709|Neil Brown Jr.
12712|R. Marcos Taylor
12718|S. Leigh Savidge
12719|Andrea Berloff
12720|Alan Wenkus
12724|Alice Lowe
12727|Tallulah Haddon
12729|Paul Bradley
12731|A.J. Houghton
12749|Diego Cortina Autrey
12751|Marco Graf
12752|Daniela Demesa
12753|Nancy García García
12755|Fernando Grediaga
12768|Angela Bettis
12770|Lisa Loomer
12795|Anthony Minghella
12808|Mark Andrus
12817|James Marshall
12828|Stuart Wells
12829|Mike Elliot
12832|Carol McGuigan
12839|Alfonso Freeman
12840|Dawn Lewis
12843|Rowena King
12844|Annton Berry Jr.
12846|Justin Zackham
12852|Serge Houde
12856|Peter Kelamis
12857|Jonathan Levine
12858|Will Reiser
12863|Thomas Thieme
12867|Charly Hübner
12868|Herbert Knaup
12877|Fran Berenguer
12891|Brandon Caruso
12892|Luciano Rauso
12894|Carl Ellsworth
12903|Boubker Ait El Caid
12905|Nathan Gamble
12908|Guillermo Arriaga
12930|Ebbe Roe Smith
12967|JaNae Collins
12968|Jillian Dion
12981|Veronica Osorio
12994|Maddie Corman
13006|Julio Perillán
13007|Ricard Salom
13029|Gabriel Thomson
13030|Matthias Habich
13031|Alexander Schwan
13032|Jean-Jacques Annaud
13034|Alain Godard
13045|Liza Johnson
13056|Kimberlee M. Davis
13068|Nik Pajic
13079|Ernest Miller
13081|Tommy Farra
13089|Raven Scott
13103|Jeremy Blackman
13112|Amy Morton
13132|David Self
13149|Damaine Radcliff
13153|Drew Sidora
13155|Heavy D
13163|Oscar Avila
13167|Miguel Sapochnik
13168|Craig Luck
13169|Ivor Powell
13186|Wallace Wolodarsky
13187|Waris Ahluwalia
13204|Helen Ryan
13205|John Standing
13216|Hallie Eisenberg
13217|Lindze Letherman
13221|Nicholas Kazan
13231|Margaret Eginton
13248|Olivia DeJonge
13258|Jeremy Doner
13260|Sam Bromell
13269|Jillian Batherson
13270|Courtney James Clark
13272|Russell Durham Comegys
13273|Scott Hicks
13279|Michael McGlone
13286|Jeremy Iacone
13296|Joe Spano
13298|Steve Shagan
13307|Timothy Carhart
13311|Callie Khouri
13317|Brad Renfro
13321|Vittorio Gassman
13348|Bobby Moresco
13354|Taylor Hickson
13355|Danube R. Hermosillo
13357|Fiona Loewi
13366|Cameron Spurr
13377|Antonia Ribero
13378|Timothy Eulich
13380|Marika Casteel
13382|Aaron Marshall
13383|Shane Carruth
13395|James Francis Kelly III
13409|Julie Vollono
13414|Lynsey Taylor Mackay
13416|Kevin McAlinden
13418|Andrew Gorman
13419|Joe Szula
13420|Kryštof Hádek
13421|Roy Armstrong
13423|Walter Campbell
13425|Milo Addica
13432|Diabolo
13433|Denis Evrard
13434|Albert Delpy
13447|Rodney Dangerfield
13454|Richard Rutowski
13466|Luke Spill
13487|Nick Hobbs
13488|Steve Benham
13489|Elizabeth Bower
13490|Daniel Dresner
13491|Rrenford Junior Fagan
13493|Patrick Marber
13499|Ruby Jerins
13503|Chris McKinney
13504|Allen Coulter
13508|Magnus Millang
13513|Magnus Sjørup
13514|Silas Cornelius Van
13533|Érica Rivas
13534|Oscar Martínez
13535|Rita Cortese
13536|Julieta Zylberberg
13537|Darío Grandinetti
13538|María Marull
13539|Mónica Villa
13540|César Bordón
13541|Damián Szifron
13548|J.C. Currais
13551|Shane Powers
13574|Mary Stockley
13576|Daniel Cerqueira
13583|Ashton Holmes
13590|Josh Olson
13607|Nelly
13615|Albert S. Ruddy
13624|Jonathan Lipnicki
13639|Larry Karaszewski
13662|Jens Albinus
13677|Paulo Campos
13682|Alex Sharp
13723|Trace Adkins
13735|Tim Oliver Schultz
13742|Quinn Shephard
13743|Ken Tremblett
13748|Norm Misura
13749|Scott Speer
13750|Eric Kirsten
13770|Leslie Hayman
13787|Mark Mallouk
13794|Ayesha Dharker
13795|Roman Zeller
13796|Florian Zeller
13816|Sam Keeley
13823|Michael Kalesniko
13827|Elena Kampouris
13831|Erica Tremblay
13834|Ry Russo-Young
13847|Michael Werwie
13882|Pooch Hall
13885|W. Bruce Cameron
13887|Maya Forbes
13892|Joey Lauren Adams
13893|Josh Mostel
13898|Peter Dante
13909|Jen Jones
13911|Faith Wladyka
13913|James Benatti
13916|Cami Delavigne
13917|Joey Curtis
13918|Shannon Purser
13949|John Wood
13953|Joanne Harris
13954|Robert Nelson Jacobs
13968|Mariana Treviño
13969|Cameron Britton
13970|Mack Bayda
13976|John Higgins
13986|Annie Rose Buckley
13991|Sue Smith
14001|Anne Kent
14008|Robert Pugh
14010|Lee Ingleby
14011|Max Pirkis
14014|Edward Woodall
14023|Busy Philipps
14024|Adam Lazarre-White
14032|Pearl Bailey
14038|Paul Winchell
14041|Art Stevens
14048|Steve Hulett
14049|Earl Kress
14050|Larry Clemmons
14059|Kashish
14060|Dorien Makhloghi
14061|Mike Cahill
14067|Tommy Morrison
14068|Sage Stallone
14072|Delia Sheppard
14076|Agustín Pardella
14078|Esteban Bigliardi
14080|Fernando Contigiani García
14088|Jaime Marques
14109|Joseph Siravo
14111|Richard Foronjy
14130|Bobby Coleman
14132|Hallock Beals
14137|Melissa Ordway
14152|Becky Johnston
14158|Laurent Lucas
14159|Joana Preiss
14160|Bouli Lanners
14161|Marion Vernoux
14162|Thomas Mustin
14163|Marouan Iddoub
14164|Jean-Louis Sbille
14176|Rachel Farrar
14185|César Domboy
14192|Christopher Browne
14201|Claire Pakis
14202|Nick Nichols
14231|Guillermo Lasheras
14235|Pilar Castro
14236|Abel Folk
14240|Eduard Sola
14247|Lolita Davidovich
14248|Elea Oberon
14250|Tiago Riani
14280|Shiloh Fernandez
14286|Michael Hogan
14291|Hunter McCracken
14296|Will Wallace
14297|Nicolas Gonda
14298|Jessica Fuselier
14304|Carlo Buccirosso
14306|Pamela Villoresi
14307|Galatea Ranzi
14308|Franco Graziosi
14326|Kim Morgan
14329|Linda May
14330|Swankie
14331|Gay DeForest
14332|Patricia Grier
14334|Carl R. Hughes
14335|Douglas G. Soul
14336|Ryan Aquino
14359|Mamie Gummer
14370|Kevin Weisman
14372|Ryan Ketzner
14381|Penelope Allen
14385|Sandra Kazan
14387|Frank Pierson
14397|Chris McGarry
14405|Michael Lonsdale
14407|Feodor Chaliapin Jr.
14411|Gérard Brach
14417|Gregory Mann
14425|Mark Gustafson
14432|Alexis Clagett
14433|Brynn Clagett
14434|Brooke Clagett
14438|Jessica St. Clair
14440|Ian Deitchman
14449|Yoshi Oida
14462|Madisen Beaty
14472|Pat Shortt
14476|Aaron Monaghan
14487|Erin Darke
14488|Daniel Gerroll
14500|Brid Brennan
14501|Fiona Glascott
14502|Jane Brennan
14503|John Crowley
14519|Robert Ri'chard
14521|Nana Gbewonyo
14522|Antwon Tanner
14525|Texas Battle
14526|Lacey Beeman
14532|Albert Dupontel
14533|Jo Prestia
14534|Philippe Nahon
14536|Jean-Louis Costes
14537|Mick Gondouin
14538|Mourad Khima
14539|Layde Hellal
14547|Nerea Camacho
14549|Jordi Bosch
14554|Kåre Hedebrant
14555|Lina Leandersson
14556|Per Ragnar
14560|Ika Nord
14562|Karl-Robert Lindgren
14563|Anders T. Peedu
14564|Tomas Alfredson
14572|Sergio Castellitto
14575|Thomas Loibl
14585|Gustavo Escobar
14595|Ralph Waite
14597|Michele Lamar Richards
14601|Mick Jackson
14607|Peter Haber
14611|Björn Granath
14612|Ewa Fröling
14613|Niels Arden Oplev
14637|Liv Hewson
14655|Mélissa Désormeaux-Poulin
14656|Maxim Gaudette
14657|Rémy Girard
14661|Frédéric Paquet
14665|Valérie Beaugrand-Champagne
14670|Nathanael Baring
14671|Mo Zinal
14672|Affif Ben Badra
14688|Damion Poitier
14699|Lenny Venito
14710|Juan Minujín
14712|Cristina Banegas
14714|Renato Scarpa
14715|Sidney Cole
14717|Federico Torre
14728|Bud Cort
14738|Gay Hamilton
14740|Diana Körner
14741|Murray Melvin
14742|Frank Middlemass
14749|Elvis Polanski
14750|Eliot Berger
14751|Joseph Rezwin
14775|Desmond Dube
14782|Keir Pearson
14788|Rene Kirby
14798|Sean Moynihan
14803|Farrah Mackenzie
14808|Alexis Rae Forlenza
14816|Dan John Miller
14818|Shelby Lynne
14819|Tyler Hilton
14822|Gill Dennis
14844|Lizzo
14845|Mette
14849|Belén Rueda
14853|Montserrat Carulla
14856|Óscar Casas
14858|Carmen López
14868|James Martin Kelly
14869|Reid Carolin
14876|Jack Thibeau
14880|Bruce M. Fischer
14881|Frank Ronzio
14883|Don Siegel
14884|Richard Tuggle
14892|James Carpinello
14893|A. Russell Andrews
14907|Sarah Solemani
14913|Jamyang Jamtsho Wangchuk
14919|Duncan Fraser
14933|Matthew Sunderland
14939|Antoine Bertrand
14941|Clémentine Célarié
14943|Raphael von Blumenthal
14944|Ben Homewood
14945|Alice David
14946|Hugo Gélin
14949|Mathieu Oullion
14957|Lee Dong-ho
14962|Baek Chul-hyun
14963|Hah Jun-won
14970|Necro
14971|Peter Verby
14973|Gladys Mathon
14982|Robin Renucci
14985|Florian Cadiou
14986|Pierre Hancisse
14987|Valentin Merlet
14989|Gilbert Adair
14998|Tyrone Giordano
15005|Jasper Newell
15011|Leslie Lyles
15014|Rory Stewart Kinnear
15031|Lenn Kudrjawizki
15038|Tom Clancy
15046|Mela Murder
15049|Aiden Malik
15050|Edward Pagan
15053|Chris Bergoch
15059|Fernando Hernández
15074|Eli Goree
15086|Dermot Crowley
15087|Liya Kebede
15088|Hannah Britland
15089|Brigitte Christensen
15107|Kelli O'Hara
15108|Lamar Johnson
15115|Jennifer Niven
15119|Amara Miller
15122|Grace A. Cruz
15123|Kim Gennaula
15124|Karen Kuioka Hironaga
15125|Carmen Kaichi
15126|Kaui Hart Hemmings
15154|Paul Harris Boardman
15158|Ekaterina Samsonov
15161|Dante Pereira-Olson
15163|Larry Canady
15165|Neo Randall
15175|Marina Massironi
15178|Gary Winick
15180|Tim Sullivan
15189|Mathias Hjelm
15208|José Luis García Pérez
15213|Warner Loughlin
15215|Kali Rocha
15232|Mylène Jampanoï
15233|Catherine Bégin
15234|Robert Toupin
15236|Juliette Gosselin
15239|Jessie Pham
15240|Erika Scott
15241|Pascal Laugier
15248|Luna Sofía Miranda
15263|Corin Redgrave
15271|Willeke van Ammelrooy
15276|Kevin M. Brennan
15277|Alejandro Agresti
15278|David Auburn
15281|Tom T. Tran
15288|Juney Smith
15292|Alice Englert
15319|Hanns Zischler
15333|Miya Cech
15336|Grace DeAmicis
15349|Mary Nighy
15359|Jacob Smith
15363|Joel Cohen
15364|Alec Sokolow
15365|Sam Harper
15378|Peter A. Dowling
15400|Geneviève Lemon
15403|Kenneth Radley
15405|Jane Campion
15422|Dylan Schmid
15425|Tanya Champoux
15464|Natasha Gregson Wagner
15467|Lucy Butler
15469|Barry Gifford
15478|John Heffernan
15480|Jack Kehoe
15481|George Roy Hill
15482|David S. Ward
15484|Adèle Haenel
15485|Luàna Bajrami
15488|Armande Boulanger
15489|Guy Delamarche
15490|Clément Bouyssou
15491|Céline Sciamma
15498|Craig Kirkwood
15500|Kip Pardue
15504|Gregory Allen Howard
15523|Bill Milner
15552|Bridget O'Connor
15563|Courtney-Mae Briggs
15576|Gio Perez
15577|Daniel Barnz
15583|Ekaterina Chtchelkanova
15591|Emilio Echevarría
15593|Vanessa Bauche
15596|Jorge Salinas
15599|Humberto Busto
15600|Gerardo Campbell
15609|Kat Cunning
15610|Nicholas Duvernay
15612|Kendall Chappell
15613|Elizabeth Allen Rosenbaum
15614|Kyle Jarrow
15615|Liz W. Garcia
15621|Shane Dean
15624|Chad Bruce
15627|Alan B. McElroy
15630|Pat Healy
15634|Sharon Bajer
15636|Joanne Rodriguez
15637|Ernie Foort
15641|Anne Dorval
15643|Antoine Olivier Pilon
15644|Patrick Huard
15646|Michèle Lituac
15647|Viviane Pacal
15648|Natalie Hamel-Roy
15649|Isabelle Nélisse
15659|José Benavidez Jr.
15661|Selenis Leyva
15664|Keenan Coogler
15674|Alexis Thorpe
15678|Chase Sprague
15680|Jerome Bixby
15686|Oakley Bull
15691|Felix van Groeningen
15697|Michael Vartan
15698|Lennie James
15716|Jordy Benattar
15718|Karey Kirkpatrick
15731|Kirsten Sheridan
15734|Paul Castro
15754|Gordon Tootoosis
15759|Susan Shilliday
15760|William D. Wittliff
15767|Themo Melikidze
15769|Vincent Curatola
15770|James Colby
15784|Ruth Nelson
15788|George Martin
15806|Javier Godino
15808|Carla Quevedo
15809|Bárbara Palladino
15810|Alejandro Abelenda
15812|Rudy Romano
15813|Juan José Campanella
15815|Eduardo Sacheri
15818|Storm Acheche Sahlstrøm
15850|Domenico Toledo
15857|Abraham Marder
15868|Frank Pietrangolare
15873|Juancho Hernangómez
15875|Anthony Edwards
15876|Kenny Smith
15883|Taylor Materne
15897|Charley Parlapanides
15907|Jean-Luc Bilodeau
15908|Lisa Azuelos
15913|Charlbi Dean
15914|Dolly de Leon
15917|Vicki Berlin
15918|Henrik Dorsin
15919|Iris Berben
15932|Joris Jarsky
15945|Ronnie Gene Blevins
15953|G.J. Echternkamp
15954|Cori Bright
15960|Angela Winkler
15961|Ingrid Caven
15966|Christine Leboutte
15968|David Kajganich
15976|Chelsea Zhang
15978|Katherine Hughes
15991|Castille Landon
15997|Jay Tavare
15999|Roger Willie
16024|Peter Siragusa
16026|Della Reese
16032|John Harrison
16043|Yessica Borroto Perryman
16046|Rod Barr
16050|Marcin Kowalczyk
16052|Natassia Malthe
16057|Nashon Douglas
16060|Dan Wiedenhaupt
16074|Jack Nance
16079|Laurel Near
16082|Thomas Coulson
16083|John Monez
16107|Jon Tenney
16132|Joanna Newsom
16133|Jordan Christian Hearn
16143|Sara Tanaka
16146|Dipak Pallana
16155|Saul Williams
16158|Ajay Naidu
16159|Tracy Vilar
16173|Beau Willimon
16185|Seann Conway
16195|Maggie Castle
16202|Keene McRae
16214|Sharman Joshi
16219|Rahul Kumar
16221|Farida Dadi
16222|Rajkumar Hirani
16225|Abhijat Joshi
16229|Seamus Davey-Fitzpatrick
16231|Charlotte Prior
16233|Walter Lassally
16244|Milhem Cortaz
16245|Fernanda Machado
16247|Fábio Lago
16248|Erick Oliveira
16249|Marcello Escorel
16250|Roberta Santiago
16256|Aomi Muyock
16257|Klara Kristin
16258|Ugo Fox
16261|Isabelle Nicou
16280|Matt King
16284|Amanda Burton
16291|Brock Norman Brock
16310|Donna W. Scott
16312|Stephen Monroe Taylor
16316|Nikki Blonsky
16336|Aidy Bryant
16347|I. Gusti Ayu Puspawati
16348|Hadi Subiyanto
16349|A. Jay Radcliff
16360|Nicholas Rose
16361|Vlasta Vrana
16363|Janine Theriault
16364|Juan Diego Solanas
16383|Alexander Beyer
16384|Burghart Klaußner
16393|Hendrik Handloegten
16404|Hugh Welchman
16405|DK Welchman
16407|Jacek Dehnel
16411|Ilenia Pastorelli
16414|Daniele Trombetti
16415|Francesco Formichetti
16416|Joel Sy
16418|Gianluca Di Gennaro
16419|Gabriele Mainetti
16421|Menotti
16428|Griffin Robert Faulkner
16429|David Pendleton
16430|Mikey
16432|Mick O'Rourke
16438|Mariel Hemingway
16440|Anne Byrne Hoffman
16443|Gary Weis
16444|Kenny Vance
16455|Mary Elizabeth Ellis
16476|Marie Bunel
16477|Jean-Baptiste Maunier
16478|Maxence Perrin
16479|Grégory Gatignol
16481|Cyril Bernicot
16482|Christophe Barratier
16483|Philippe Lopes-Curval
16506|Giles Matthey
16507|Joshua Michael Stern
16508|Matt Whiteley
16520|James Kearns
16538|Johnny Messner
16546|Alex Lasker
16551|Gordon Brown
16553|Byron Gibson
16555|Charlie Ruedpokanon
16556|Wannisa Peungpa
16562|Lorenzo Ausilia-Foret
16563|Anne Marivin
16564|Philippe Duquesne
16566|Line Renaud
16568|Stéphane Freiss
16572|Franck Magnier
16584|Dustin Lance Black
16597|Jeff Arch
16606|Trey Tucker
16607|Scott Takeda
16609|Sarah Minnich
16611|Stewart Schill
16621|Michael Jibson
16625|Roger Donaldson
16639|Peter Tolan
16648|Lou Brown
16649|Loretta Tupper
16650|Peter Potulski
16652|Paul D. Zimmerman
16686|Kieran Bew
16687|Lexi Alexander
16689|Dougie Brimson
16690|Josh Shelov
16707|Armin Rohde
16712|Julia Lindig
16719|Linda Sorensen
16721|Dania Nassar
16722|Vincent Gale
16725|Hany Abu-Assad
16732|Ferdia Walsh-Peelo
16738|Sian Heder
16744|Annie Corley
16754|Johann Karthaus
16755|Luis Noah Witte
16756|Nele Ahrensmeier
16758|Anastazja Drobniak
16761|Medusa Knopf
16786|John M. Watson Sr.
16810|Harsh Nayyar
16812|John Briley
16815|McColm Cephas Jr.
16816|Kenneisha Thompson
16817|Grover Coulson
16819|Barlow Jacobs
16821|Dagger Salazar
16842|Joe Stapleton
16847|Allison Gallerani
16872|Joseph Rosenberg
16877|Giulio Berruti
16878|Kurt McKinney
16884|Mary Pocrnic
16906|Dulé Hill
16914|Pietro Notarianni
16915|Gaetano Aronica
16916|Gilberto Idonea
16918|Gabriella Di Luzio
16919|Pippo Provvidenti
16924|François Damiens
16926|Roxane Duran
16927|Ilian Bergala
16928|Luca Gelberg
16929|Mar Sodupe
16930|Stéphan Wojtowicz
16931|Jérôme Kircher
16932|Eric Lartigau
16933|Victoria Bedos
16958|Choi Hiu-Yan
16984|Mario Correa
16986|Nathaniel Rich
16996|Zhang Yakun
17018|Brett Rice
17019|Jackson Frazer
17022|E. Max Frye
17026|Klaus Wennemann
17027|Hubertus Bengsch
17029|Bernd Tauber
17032|Heinz Hoenig
17043|Malachy Cleary
17048|Bryan Sipe
17056|Raimo Rendi
17075|Sean Gullette
17079|Stephen Pearlman
17083|Espher Lao Nieves
17087|Eric Watson
17102|Laurence Dworet
17108|Alex Shaffer
17115|Meaghan Oppenheimer
17116|Richard Silverman
17125|Bernard White
17141|Jonas Åkerlund
17142|Jayson Rothwell
17146|Izzy Meikle-Small
17153|Mark Romanek
17175|Marc McClure
17176|Wendie Jo Sperber
17177|George DiCenzo
17190|Elie Docter
17191|Jeremy Leary
17205|John Morris
17231|Peter Dennis
17234|Bobby Block
17239|Joe Stillman
17241|Roger S.H. Schulman
17262|Sasha Barrese
17284|Phil Johnston
17311|Jeff Pidgeon
17313|Lee Unkrich
17348|Doug Chamberlin
17361|Michael Berg
17398|Louise Bush
17400|Troy Polamalu
17401|John Musker
17402|Ron Clements
17406|Pamela Ribon
17409|Jordan Kandell
17424|David N. Weiss
17451|Elle Alexander
17453|Chris Burns
17463|Raymond S. Persi
17465|Jamie Elman
17496|Gerry Bamman
17497|Hillary Wolf
17502|Rufus
17503|Serge Merlin
17509|Artus de Penguern
17511|Guillaume Laurant
17553|Mark Burton
17597|Scot Armstrong
17606|Richard Jeni
17609|Nancy Fish
17610|Johnny Williams
17614|Michael Fallon
17615|Mark Verheiden
17637|Hari Nef
17690|Carlos Saldanha
17691|Gerry Swallow
17692|Peter Gaulke
17695|Jim Hecht
17712|Kristen Anderson-Lopez
17713|Robert Lopez
17714|Marc Smith
17716|María Cecilia Botero
17719|Jess Darrow
17720|Carolina Gaitán
17722|Ravi Cabot-Conyers
17723|Mauro Castillo
17733|Nancy Kruse
17792|Bob Shaw
17804|Slavitza Jovan
17816|Aaron W Reed
17818|Camille Kostek
17834|Bob Fisher
17835|Steve Faber
17858|Dylan Moran
17859|Jessica Hynes
17894|Todd Durham
17895|Kevin Hageman
17896|Peter Baynham
17904|Alex Hyde-White
17907|Judith Baldwin
17912|Emma Berman
17913|Saverio Raimondo
17915|Marco Barricelli
17918|Lorenzo Crisci
17923|Simon Stephenson
17940|Yoni Brenner
17951|Robin Duke
17953|Danny Rubin
17963|Emilija Baranac
17966|Susan Johnson
17967|Sofia Alvarez
17978|Joel Crawford
17980|Paul Fisher
17981|Tommy Swerdlow
17998|Kristen Connolly
18022|Ben Queen
18029|Tori Kelly
18061|Nolan Gould
18062|Shaun White
18064|Keith Merryman
18066|David A. Newman
18069|Harley Peyton
18084|Larry Wilson
18091|Brennan Brown
18092|Robert Taylor
18094|Dotan Bonen
18114|Thomas Ian Nicholas
18118|Eddie Kaye Thomas
18134|Steve Martino
18164|Martha MacIsaac
18166|Aviva Baumann
18195|Samantha Eggar
18214|Josh Klausner
18230|Li Hong
18231|Radford Sechrist
18232|Chen-Yi Chang
18236|Robert Koo
18242|Carla Bruni
18283|Jeff Conaway
18286|Kelly Ward
18290|Randal Kleiser
18291|Bronté Woodard
18301|Ray Shirley
18313|Cheri Oteri
18315|Tanja Reichert
18316|Keenen Ivory Wayans
18317|Phil Beauman
18321|Buddy Johnson
18331|Kirk DeMicco
18339|Joel Courtney
18342|Stephen Jennings
18343|Carson White
18346|Nathan Lynn
18347|Byron Langley
18359|Nina Zoe Bakshi
18388|Bert V. Royal
18398|Molly Sims
18402|Andrew Mogel
18408|Jerrod Carmichael
18414|Andrew J. Cohen
18420|JoJo Kushner
18426|Nancy Meyers
18433|Kellyann Kelso
18434|Eli Russell Linnetz
18446|Romany Malco
18452|Shelley Malil
18469|Joshua Sternin
18470|Todd Jones
18471|Earl Richey Jones
18473|Jennifer Ventimilia
18477|Nick Moran
18480|Nicholas Rowe
18481|Nick Marcq
18483|Lenny McLean
18490|Kevin McDonald
18511|James Ward Byrkit
18525|Phyllida Lloyd
18526|Catherine Johnson
18536|Polly Holliday
18549|Jason Moore
18555|Kirby Bliss Blanton
18556|Brady Hender
18557|Nick Nervies
18558|Alexis Knapp
18560|Peter MacKenzie
18561|Nima Nourizadeh
18562|Matt Drake
18578|Michael Markowitz
18587|Richard McCabe
18590|Roger Michell
18604|Bennett Yellin
18627|Ebony Jo-Ann
18630|Fred Wolf
18649|Blaine Kern III
18681|Lilimar
18682|Grace Lu
18706|Susie Essman
18709|James Lipton
18724|Bobb'e J. Thompson
18727|Al Roker
18736|Manner Washington
18738|Penny Bae Bridges
18743|Joe Pytka
18746|Timothy Harris
18755|Vincent Leclerc
18756|Daniel Rindress-Kay
18768|Rocky Citron
18769|Liam Campora
18770|Larry Charles
18772|Alec Berg
18774|Jeff Schaffer
18784|Phyllis George
18787|John Hamburg
18788|Greg Glienna
18789|Mary Ruth Clarke
18790|Graham Chapman
18797|Carol Cleveland
18798|Neil Innes
18799|Bee Duffell
18808|Thomas Malory
18820|Jack Bernstein
18830|Kylie Bunbury
18836|Mark Perez
18848|David Guion
18850|Mark Friedman
18871|Avan Jogia
18875|Victoria Hall
18882|Jeff Cohen
18887|John Matuszak
18898|Amanda Donohoe
18904|Paul Guay
18905|Stephen Mazur
18909|Charles Fleischer
18911|Stubby Kaye
18913|Richard LeParmentier
18914|Lou Hirsch
18915|Betsy Brantley
18937|Joey Gaydos Jr.
18938|Kevin Alexander Clark
18940|Robert Tsai
18941|Maryam Hassan
18958|Robin Hurlstone
18976|Aimee Carrero
18979|Reed Birney
18980|Mark Mylod
18985|Luenell
18987|Bob Barr
18988|Alan Keyes
18989|Carole De Saram
18992|Jean-Pierre Parent
19011|Tom Jones
19014|Rosalie Chiang
19017|Hyein Park
19027|Julia Cho
19035|Rachel Covey
19048|Charlie Korsmo
19049|Amber Scott
19053|Malia Scotch Marmo
19063|Emma Pritchard
19104|Judy Morris
19105|Warren Coleman
19114|Benjamin Whitrow
19122|Phil Harris
19127|Lord Tim Hudson
19128|Vito Scotti
19129|Thurl Ravenscroft
19130|Dean Clark
19131|Liz English
19133|Ken Anderson
19134|Frank Thomas
19136|Eric Cleworth
19137|Julius Svendsen
19158|Mia Sara
19176|Vicki Pepperdine
19192|John J. Strauss
19193|Ed Decter
19200|Kara Hoffman
19215|Robert Schwartzman
19234|David H. Steinberg
19245|Simon J. Smith
19254|Shila Ommi
19257|Mason Wertheimer
19262|John Hoberg
19265|Kat Likkel
19274|Maisie Richardson-Sellers
19278|Bianca Bosch
19289|Elyse Levesque
19291|John Ralston
19303|Spencer Pickren
19304|Bradley Pickren
19310|Marc Hyman
19336|Alyson Fouse
19337|Michael Anthony Snowden
19339|Craig Wayans
19340|Greg Grabianski
19348|André Roussimoff
19351|Peter Cook
19358|Carel Struycken
19360|Jimmy Workman
19367|Robert Hays
19374|Lorna Patterson
19375|Jill Whelan
19377|Jim Abrahams
19416|Joe Nipote
19419|Chauncey Leopardi
19435|Lowell Ganz
19437|Ron Mita
19439|Babaloo Mandel
19449|Neil deGrasse Tyson
19452|Aubrey Solomon
19461|Terence Bayler
19492|Alex Mallari Jr.
19494|Kasra Wong
19508|Haley Higgins
19513|Don Roos
19540|Lorne Cameron
19550|Jean Speegle Howard
19552|Sara Magdalin
19573|David Walliams
19596|Neil Fanning
19601|Charles Stan Frazier
19605|Craig Titley
19608|Cameron Richardson
19613|Allison Karman
19615|Kira Verrastro
19619|Jon Vitti
19638|Shari Headley
19641|Madge Sinclair
19647|David Sheffield
19669|Ellen Albertini Dow
19728|Greg Brooker
19753|Mila Brener
19754|Neda Margrethe Labba
19755|Sydney Brower
19757|Zach Lewis
19758|Jim Mahoney
19768|Mo Collins
19778|Danielle Bourgon
19781|Ian Ho
19807|Del Pentecost
19809|J.R. Horne
19843|Bianca A. Santos
19846|Chris Wylde
19856|Simon Kunz
19873|Danny Daniels
19874|Sam Phillips
19885|Jessica Cauffiel
19898|Tobit Raphael
19916|Michael Colton
19937|Andrew McElfresh
19938|Xavier Cook
19945|Lilla Crawford
19960|Pharrell Williams
19962|Sam Lavagnino
19967|Michael LeSieur
19978|Spencer Wilding
19982|Michael Gilio
19994|Robert Klein
19997|Kristen Buckley
20011|Pat Proft
20032|Dan Ewing
20035|Tre Hale
20036|Pacharo Mzembe
20037|Senie Priti
20041|Matthew Robinson
20049|Nancy Marchand
20050|Raye Birk
20051|Jeannette Charles
20082|Christopher Hagen
20096|Molly Cheek
20108|Delta Burke
20113|Diane Drake
20118|Calah Lane
20123|Tom Davis
20127|Paul King
20128|Simon Farnaby
20142|Rob Schrab
20153|Emjay Anthony
20176|Evan Arnold
20177|Mark Christopher Lawrence
20189|Meera Syal
20193|Michael Kiwanuka
20194|Karma Sood
20198|Jack Barth
20213|Cedric Joe
20221|Malcolm D. Lee
20222|Terence Nance
20228|Celeste Ballard
20239|Lisa Stewart
20245|Todd Wilderman
20255|Cam Neely
20281|Colin Askey
20283|Juno Rinaldi
20312|Steve Bencich
20313|Ron J. Friedman
20324|Kailey Crawford
20342|David Bowers
20346|Joe Keenan
20353|Lise Mayer
20363|Duncan Marjoribanks
20365|Don Paul
20371|Jonathan Winters
20424|Fergal Reilly
20426|John Cohen
20427|Mikael Hed
20428|Mikko Pöllä
20432|Steele Stebbins
20438|Catherine Missal
20451|Jacob Young
20452|Brian Kolodziej
20454|David Wagner
20455|Stuart Blumberg
20461|Lisa Lu
20482|Anthony Newley
20487|Cori Gonzalez-Macuer
20488|Stu Rutherford
20491|Elena Stejko
20492|Jason Hoyte
20493|Karen O'Leary
20511|Harry Collett
20520|Stephen Gaghan
20523|Doug Mand
20524|Thomas Shepherd
20534|Aino Jawo
20546|Abdoulaye N'Gom
20547|Jessica Lowe
20559|Chris Williams
20567|Claude Rich
20570|Édouard Baer
20573|Dieudonné
20584|Bonnie Somerville
20597|Bernardo de Paula
20619|Kate Upton
20625|Victor Cruz
20630|Andrew Barth Feldman
20638|Jordan Mendoza
20660|Ian Richardson
20665|Tom Stoppard
20696|Don Ameche
20702|Kristin Holby
20728|Todd Strauss-Schulson
20737|Atticus Shaffer
20740|James Hiroyuki Liao
20751|Jean Stapleton
20756|Delia Ephron
20780|Max Barbakow
20782|Andy Siara
20792|Jessica Keenan Wynn
20794|Ol Parker
20799|Chantal Lauby
20800|Ary Abittan
20803|Noom Diawara
20804|Frédérique Bel
20808|Philippe de Chauveron
20809|Guy Laurent
20842|Nathanael Saleh
20843|Joel Dawson
20851|John DeLuca
20862|Kris Pearn
20874|Richard Grove
20875|Michael Earl Reid
20876|Timothy Patrick Quill
20893|Trish Sie
20902|Sonny Castillo
20903|Kevin McAfee
20904|Robert Musgrave
20922|Larry Stuckey
20925|Dan Hicks
20926|Kassie DePaiva
20929|Richard Domeier
20930|John Peakes
20931|Lou Hancock
20932|Snowy Winters
20935|Scott Spiegel
20941|Owen Vaccaro
20948|Brian Burns
20974|David Dorfman
20978|Rachel Melvin
20982|Paul Blackthorne
21008|Marty Feldman
21009|Madeline Kahn
21015|Danny Goldman
21029|Mark Rosman
21049|Andrea Savage
21051|Lurie Poston
21052|Elizabeth Yozamp
21061|Odiseas Georgiadis
21069|Chris Nelson
21071|Steve Bloom
21096|Joe Bays
21103|Daphne Zuniga
21104|Dick Van Patten
21107|Joan Rivers
21108|Lorene Yarnell Jansson
21111|Thomas Meehan
21147|Ronald Lee Clark
21150|Marc Klein
21159|Carl Steven
21162|Ed Naha
21164|Stuart Gordon
21189|Amanda Shepherd
21201|Robert Hoffman
21206|Ewan Leslie
21215|Kristen Wilson
21217|Kyla Pratt
21220|Betty Thomas
21221|Nat Mauldin
21227|Frances Bay
21231|Bob Barker
21232|Richard Kiel
21244|Michelle Krusiec
21256|Patsy Ferran
21263|Faith Ford
21279|Jennifer Rae Daykin
21280|Raphaël Coleman
21281|Samuel Honywood
21282|Holly Gibbs
21293|Michael Arden
21297|Greg DePaul
21387|Aaron Springer
21403|Ted Griffin
21455|Zhihua Dong
21463|Wesley Singerman
21464|Matthew Josten
21472|Jon Bernstein
21473|Michelle Bochner Spitz
21475|Nathan Greno
21476|Aurian Redson
21498|Patricia Wilson
21499|Jamal Mixon
21511|Patricia Quinn
21526|Jon Freda
21530|Ted Arcidi
21537|Jesse Moss
21538|Philip Granger
21541|Chelan Simmons
21542|Travis Nelson
21543|Alex Arsenault
21546|Morgan Jurgenson
21551|Emma de Caunes
21555|Adrien Rodrigue
21556|Bams Betga-Tchouni
21557|Steve Bendelack
21572|David Kidd
21574|Ron Burch
21576|Tim Federle
21582|Nicholas Smith
21586|Vincent Ebrahim
21591|Bob Baker
21628|Beeban Kidron
21632|Adam Brooks
21658|Nunzio Randazzo
21681|Arthur Conti
21682|Nick Kellington
21693|Jahzir Bruno
21697|Charles Edwards
21698|Morgana Robinson
21744|Jill Culton
21753|DJ Khaled
21757|Carla Jimenez
21758|Nick Bruno
21761|Lloyd Taylor
21769|Jon Lajoie
21784|Indio Falconer Downey
21804|David Fane
21805|Awhimai Fraser
21806|Khaleesi Lambert-Tsuda
21810|David G. Derrick Jr.
21812|Dana Ledoux Miller
21830|David Arnott
21832|Adam Leff
21862|Donovan Scott
21863|George Gaynes
21866|Leslie Easterbrook
21868|Hugh Wilson
21869|Neal Israel
21878|Ian Ogilvy
21879|Adam Storke
21889|Mia Artemis
21890|Nat Buchanan
21896|Deborah Faye Lee
21898|Ilana Wolpert
21910|Barbara Lukešová
21925|Jorge R. Gutierrez
21927|Doug Langdale
21936|E.J. De la Pena
21938|Brian Levant
21939|Randy Kornfield
21950|Pat O'Brien
21962|Sara Sheen
21994|Channing Gibson
22006|Katia Gomez
22009|Jay Martel
22025|P.J. Hogan
22031|Ravi Patel
22036|Braxton Herda
22052|Charles S. Haas
22059|Victoria Ruesga
22064|Sarah Haskins
22079|Alexandre Rockwell
22080|Allison Anders
22097|Jay Lavender
22105|Dani Popescu
22107|Miroslav Tolj
22108|Alin Popa
22110|Nicolae Gheorghe
22111|Marcela Codrea
22115|Dan Swimer
22119|Jena Friedman
22120|Lee Kern
22124|Nina Pedrad
22128|Joan Smalls
22132|Jon Rudnitsky
22133|Tituss Burgess
22135|Claire Scanlon
22148|Hubbel Palmer
22152|Gavin James
22153|Neil Widener
22187|Allen Garfield
22194|Robert D. Wachs
22200|Jonny Pasvolsky
22203|Michael Culkin
22207|Eric Aronson
22208|Kyril Bonfiglioli
22235|Chris Butler
22248|Tracey Jackson
22250|Kayla Alpert
22260|Evelina Turen
22271|Jason Connery
22297|Scott Schiaffo
22298|Al Berkowitz
22299|Walt Flanagan
22311|Connor Wise
22320|Mike Birbiglia
22321|Evan Brinkman
22337|David Kerr
22346|Kelly Slater
22350|Ash Brannon
22357|Christian Darren
22361|Jordan Fisher
22369|Michael Fimognari
22382|Steve Pink
22383|Josh Heald
22411|Gérard Pirès
22420|Roger Hammond
22421|David Ryall
22424|David Andrew Goldstein
22440|Stanley Shapiro
22441|Dale Launer
22450|Jacqueline Brookes
22452|Lloyd Bochner
22464|Lila Kaye
22466|Sean Baker
22479|Jeremiah S. Chechik
22492|Bryony Kimmings
22494|Greg Wise
22499|Edward Janda
22500|Nicholas Lombardi
22501|Chris Milan
22503|Kenny Hotz
22530|Liane Balaban
22564|Lester Speight
22569|Anthony Russell
22586|Tom McGowan
22595|Ashley Hoelck
22601|Douglas Wick
22609|Nancy Olson
22613|Jodi Benson
22614|Les Mayfield
22625|Gabriella Wright
22626|Alice McMillan
22628|Phillip Murphy
22630|Brandon Murphy
22637|Grant Bowler
22639|Milo Cawthorne
22661|Max Charles
22664|Stephen Colbert
22668|Joshua Rush
22669|Adam Alexi-Malle
22671|Craig Wright
22694|Jerry Tondo
22700|Chris Parker
22704|Alex Hassell
22705|Alexis Louder
22715|Katie Crown
22724|Doug Sweetland
22742|Stevie Long
22770|Lo Mei
22795|James DuMont
22800|Sean O'Keefe
22834|Nick Sampson
22846|Chloe Webb
22847|Bonnie Bartlett
22849|Trey Wilson
22851|Hugh O'Brian
22885|Robert LoCash
22895|Nicole Prescott
22898|Darryl Quarles
22911|Don Jakoby
22912|David Weissman
22921|Kevin Heffernan
22922|Dee Jay Daniels
22926|Bob Schooley
22927|Paul Hernandez
22936|Kate Simses
22940|Gabrielle Allan
22943|Olympia Dukakis
22947|Twink Caplan
22948|Jason Schaller
22949|Jaryd Waterhouse
22950|Jacob Haines
22958|Donna Dixon
22961|Michael DeLuise
22963|Penelope Spheeris
22965|Bonnie Turner
22966|Terry Turner
22971|Mark McKenna
22975|Ian Kenny
22976|Percy Chamburuka
23006|Fann Wong
23012|Constantine Gregory
23027|Angela Robinson
23056|Jonathan Hilario
23060|Tom S. Parker
23061|Jim Jennewein
23062|Neil Tolkin
23069|Lily Mo Sheen
23082|Jim Kaplan
23084|Andrew Garman
23087|David Hemingson
23111|Dwayne L. Brown
23138|Tom Georgeson
23143|Charles Crichton
23153|Stefania LaVie Owen
23155|Lolo Owen
23156|Queenie Samuel
23160|Todd Casey
23179|Augustus Prew
23181|Madison Cook
23182|Jordan Cook
23208|Vella Lovell
23209|Lauren Collins
23219|Dean J. West
23222|Daryn Kahn
23223|Peter Jaymes Jr.
23228|Cameron Bright
23252|Justin Kanew
23273|Nancy O'Dell
23275|Gaston Morrison
23276|Jocelyn Blanchard
23327|Terry Zwigoff
23340|John Whitesell
23341|Tiffany Paulsen
23351|Veronica Alicino
23376|Matt O'Leary
23387|Jack Gilpin
23400|Amanda Fairbank-Hynes
23415|Graham Parker
23425|Rhett Miller
23426|Murry Hammond
23427|Ken Bethea
23437|Kim Shaw
23440|Jim Field Smith
23451|Samantha Huskey
23467|Bob DeRosa
23472|Sari Lennick
23473|Aaron Wolff
23476|Brent Braunschweig
23477|David Kang
23478|Benjamin Portnoe
23491|T.J. Kuhn
23492|Lynne Kitei
23512|Suanne Braun
23516|Amy Griffiths
23517|Robin Soans
23528|Lorenza Izzo
23530|Vanessa Anne Williams
23541|Wendy Schaal
23547|Adam Rifkin
23565|Eric Lloyd
23585|Howard Zieff
23586|Laurice Elehwany
23595|George Clinton
23596|Mary J. Blige
23602|Elizabeth Tippet
23609|Tioreore Ngatai-Melbourne
23611|Stan Walker
23634|Joey Fatone
23637|Christina Eleusiniotis
23639|Joel Zwick
23647|Tom Costello
23654|Clu Gulager
23657|Thom Mathews
23659|Brian Peck
23666|John A. Russo
23667|Russell Streiner
23668|Rudy Ricci
23678|Jason Lewis
23679|Michael Patrick King
23685|Izabella Miko
23691|David McNally
23730|Adam Jay Epstein
23742|Jamison Newlander
23745|Janice Fischer
23746|James Jeremias
23752|Guz Khan
23755|Christian Steyer
23757|Tonya Graves
23768|Mark Blankfield
23770|Matthew Porretta
23771|Megan Cavanagh
23773|J.D. Shapiro
23774|Evan Chandler
23787|Laura Kightlinger
23788|Steve Carr
23789|Geoff Rodkey
23800|Robert Iscove
23812|Danny Leiner
23824|Jon Bon Jovi
23836|Leeon Jones
23848|Lilia Perno
23849|Gennaro Nunziante
23862|Nancy Carell
23870|Wiley Wiggins
23873|Sasha Jenson
23882|Christopher Castile
23889|Amy Holden Jones
23894|Malik Yoba
23900|Charles Hyatt
23903|Lynn Siefert
23906|Michael Goldberg
23918|Dana Olsen
23929|Julie Forsyth
23930|Christopher Massey
23936|Tresi Gazal
23943|Benjamin Renner
23971|Josh Gordon
23972|Will Speck
23975|Laura Solon
23998|Joseph Badalucco Jr.
24008|Robert Seethaler
24011|Tom Lipinski
24025|Patrick Gilmore
24029|Meaghan Jette Martin
24035|Jasmine Richards
24036|Jordan Francis
24040|Paul Brown
24049|Jamal Duff
24053|Kathryn Price
24063|Erica Leerhsen
24071|Giovanni Storti
24075|Maria Pia Casilio
24078|Margherita Antonelli
24079|Saturno Brioschi
24091|Giorgio Gherarducci
24093|Lucio Martignoni
24098|Tenzing Norgay Trainor
24110|James Frecheville
24119|John White
24124|Ross Thomas
24125|Jake Siegel
24127|Maria Ricossa
24130|Erik Lindsay
24137|Olivia Burnette
24138|Carol Bruce
24139|Diana Douglas
24147|Zion Broadnax
24149|Karla Souza
24154|Tyler Tice
24165|Ryan Milkovich
24178|Chris Rehmann
24179|Ben Carr
24182|D.V. DeVincentis
24197|Sara Parriott
24218|Maritza Murray
24220|Tom Brady
24231|Stuart F. Wilson
24234|R.J. Stewart
24241|Noel O'Donovan
24242|Tony Rohr
24243|Pat Laffan
24244|Alan Devlin
24247|Anand Tucker
24248|Deborah Kaplan
24258|Tom Green
24272|Ming Zhao
24278|Vanilla Ice
24286|David Caspe
24294|Freddie Benedict
24295|Mathew Horne
24297|Jorge Blanco
24311|Michael J. Leeson
24322|Leung San
24323|Zhiming Huang
24324|Liang Zhen
24335|Aree Davis
24342|Mike Moh
24371|Drew Seeley
24374|Emily Perkins
24376|Marcus T. Paulk
24379|Alex Zahara
24381|Jessica Scott
24382|Erik Patterson
24392|Jimmy Bellinger
24394|Jim Kehoe
24405|Abdul Alshawish
24434|David Schneider
24435|Ian Martin
24447|Dan Berendsen
24458|David Wain
24471|Hiram A. Murray
24478|Carrie Lee Wilson
24497|Marc Alaimo
24498|Philip Tan
24506|Ilana Glazer
24509|Ryan Cooper
24513|Lucia Aniello
24523|Lawrence Dane
24524|Michael Louis Johnson
24526|Ronny Yu
24527|Don Mancini
24536|Alessandro Tiberi
24537|David Pasquesi
24547|Eugene Collier
24564|Tom Holland
24584|Larry Joe Campbell
24590|Pete Jones
24591|Kevin Barnett
24600|Michael Straka
24603|Richard C. Castellano
24648|Peter Billingsley
24658|Ritchie Singer
24659|Maggie Blinco
24664|Ken Shadie
24665|John Cornell
24677|Elan Mastai
24686|Bess Rous
24698|Patrice Cossonneau
24699|Zac Abbott
24711|Perrey Reeves
24714|Court Crandall
24732|Larry Gelbart
24765|Marie-Anne Chazel
24766|Christian Bujeau
24768|Gérard Séty
24769|Didier Pain
24770|Jean-Paul Muel
24772|Jean-Marie Poiré
24792|Marissa Matrone
24796|Priscilla Lopez
24797|Wayne Wang
24807|Britt McKillip
24816|Dan Shor
24818|Rod Loomis
24820|Jane Wiedlin
24825|Jacques Villeret
24827|Francis Huster
24828|Daniel Prévost
24829|Alexandra Vandernoot
24830|Catherine Frot
24831|Edgar Givry
24833|Benoît Bellal
24834|Jacques Bleu
24856|Dominic Liriano
24858|Trevor Parham
24867|Burton Gilliam
24868|Alex Karras
24872|Andrew Bergman
24875|Norman Steinberg
24877|Alan Uger
24884|Hal Sparks
24890|Cecilia Roth
24896|Fernando Fernán Gómez
24897|Fernando Guillén
24898|Toni Cantó
24899|Eloy Azorín
24908|Liana Mendoza
24910|Marlene Forte
24911|Affion Crockett
24914|Rick Alvarez
24923|Kaipo Dudoit
24933|Laetitia Casta
24934|Claude Piéplu
24936|Pierre Palmade
24948|David Wohl
24958|Daniel Pilon
24959|Ramona Pringle
24963|Michael Davis
24983|Victor Pagan
25018|Chelsea Marguerite
25019|Masasa Moyo
25022|Phil Hendrie
25033|Hugh Hefner
25038|Kiely Williams
25048|Jackie Hoffman
25056|Vincent Desagnat
25062|Clotilde Courau
25064|Nicolas Benamou
25088|Frank Harper
25090|Shaznay Lewis
25091|Ameet Chana
25092|Gurinder Chadha
25093|Paul Mayeda Berges
25095|Guljit Bindra
25099|Zack Norman
25101|Manuel Ojeda
25116|Danny Jones
25119|Amy Harris
25123|James Greer
25124|Jonathan Bernstein
25136|Jean-Philippe Vine
25147|Bradford Anderson
25148|Lexie Galante
25149|Andrew Waller
25153|Brady Noon
25158|Josh Caras
25160|Mariessa Portelance
25172|Tamir Kapelian
25173|Elana Dunkelman
25175|Éric Warin
25178|Laurent Zeitoun
25188|Al Whiting
25196|Jack Warden
25197|Glynis Johns
25203|Fredric LeBow
25204|Daniel G. Sullivan
25228|Tommy O'Haver
25232|Jennifer Heath
25273|Ava Michelle
25277|Clara Wilsey
25278|Paris Berelc
25283|Nzingha Stewart
25287|Courtney Love
25290|Peter Bonerz
25294|Greyson Erik Pendry
25302|Rosie Taylor-Ritson
25303|Eros Vlahos
25331|Enrique Arce
25337|Andreas Cahling
25338|Helene Ahlson
25339|Eos Karlsson
25340|Eleni Young
25341|Erik Hörnqvist
25342|Per-Henrik Arvidius
25343|Sebastian Sahin
25351|Daniel Cosgrove
25370|Nicholas Griffin
25372|Brian Tochi
25378|Kevin Clash
25379|David McCharen
25380|David Forman
25381|Martin P. Robinson
25388|Lauryn Hill
25397|Judi Ann Mason
25399|James Orr
25409|Larry Wilmore
25431|Berto Colon
25432|Josh Salatin
25447|Adelynn Spoon
25449|Peggy Holmes
25463|Amber Anderson
25464|Autumn de Wilde
25469|John Cassini
25470|Peter Crombie
25473|Daniel Zacapa
25475|George Christy
25485|Anne Jackson
25506|Jessica Sula
25508|Izzie Coffey
25511|Neal Huff
25512|Ukee Washington
25549|Jorja Fox
25563|Kirk Baltz
25564|Edward Bunker
25591|Kyla Deaver
25593|Carey Hayes
25654|Susan Backlinie
25679|Jean-Yves Berteloot
25681|Jean-Pierre Marielle
25704|Joey Perillo
25718|Craig Thomas
25719|Gordon Masten
25727|Rhys Wakefield
25765|Milly Shapiro
25767|Mallory Bechtel
25768|Brock McKinney
25769|Jake Brown
25770|Morgan Lund
25771|Christy Summerhays
25777|Megan Burns
25803|Daniel Zovatto
25804|Emma Bercovici
25806|Christian Zagia
25807|Katia Bokor
25809|Olivia Gillies
25812|Rodo Sayagues
25855|Okieriete Onaodowan
25857|Zachary Golinger
25882|Corbett Tuck
25888|James Bentley
25893|Renée Asherson
25900|Riley Griffiths
25914|Madeleine West
25915|Jim Knobeloch
25916|Freya Stafford
25917|Elise Jansen
25918|Tyler Coppin
25919|Christopher Stollery
25945|Carl Reiner
25947|David Levien
25948|Brian Koppelman
25980|Tim Post
25984|Megan Mane
26001|Storm Reid
26003|Harriet Dyer
26007|Renee Lim
26008|Sam Smith
26021|Lanny Flaherty
26026|Nancy Kyes
26027|P. J. Soles
26031|John Michael Graham
26032|Nancy Stephens
26049|Chip Miller
26067|Clare Foley
26070|Blake Mizrahi
26071|Cameron Ocasio
26107|Robin Greer
26108|Tom Morton
26120|Rosemary Dunsmore
26130|Mackintosh Muggleton
26135|Juan Carlos Fresnadillo
26137|Jesús Olmo
26142|Maurice Dean Wint
26145|Wayne Robson
26148|André Bijelic
26150|Graeme Manson
26152|Ed Oxenbould
26153|Deanna Dunagan
26156|Celia Keenan-Bolger
26157|Samuel Stricklen
26160|Steve Annan
26165|Andi Matichak
26166|James Jude Courtney
26170|Rhian Rees
26171|Jefferson Hall
26176|Jeff Fradley
26185|Russell Crous
26186|Bart Fouche
26187|Adam Robitel
26206|Shawnee Smith
26208|Bahar Soomekh
26213|Barry Flatman
26215|Darren Lynn Bousman
26226|Lisa Thoreson
26227|Florence Kastriner
26228|Natalie Carter
26259|Tyler Patrick Jones
26272|Hank Harris
26282|Darrell Dennis
26286|Joseph Mann
26287|Scott Mann
26325|Daniel Pyne
26326|Glenn Gers
26329|Amy Irving
26335|Priscilla Pointer
26336|Sydney Lassick
26346|Landon Liboiron
26350|Michael Reisz
26351|Jillian Jacobs
26373|Troy Garity
26383|Ali Fazal
26399|John Enos III
26410|Simon Reynolds
26421|Lorna Raver
26434|James Russell
26436|Diana Hardcastle
26440|Stephanie Lemelin
26455|Mary Laws
26465|Adalyn Jones
26466|Bryce Harper
26468|Jamie Flanagan
26481|Matt Holland
26500|Marion Lambert
26505|Emy Lévy
26506|John Erick Dowdle
26519|David Hackl
26526|Hope Lange
26528|George Dickerson
26531|Jack Harvey
26552|Hayley Kiyoko
26561|Gabrielle Echols
26564|Jayden Daniels
26567|Noah Paul
26578|Roger Davies
26579|Clover Nee
26591|Tanedra Howard
26604|David Stifel
26607|Fernley Phillips
26614|James Marlowe
26616|Ruta Gedmintas
26623|Leo Burmester
26624|Todd Graff
26629|Pierce Oliver Brewer, Jr.
26636|Jose Palma
26638|Anson Boon
26641|Srna Vasiljević
26644|Michael Rasmussen
26649|Elizabeth Gracen
26651|Alex Manugian
26678|José López Rodero
26681|Willy Holt
26684|John Brownjohn
26685|Enrique Urbizu
26694|Dragicia Debert
26695|Murray Smith
26721|Michael Cuesta
26722|Stephen Schiff
26738|Paul Bernbaum
26748|Maria Grazia Cucinotta
26761|Avy-Berry Worrall
26762|Ronnie Le Drew
26763|Benjamin Wong
26782|Milo Machado-Graner
26786|Saadia Bentaïeb
26788|Anne Rotger
26789|Sophie Fillières
26811|Tim Minchin
26828|Aleque Reid
26836|Matthew Patrick Davis
26840|Rachel Fowler
26865|Tito Larriva
26866|Angel Aviles
26872|Alex Essoe
26877|Ryan O'Grady
26879|Carrie Munro
26880|Julius Avery
26907|Matthew Weisman
26908|Jeph Loeb
26917|Anthony Azizi
26919|Lynn Cohen
26921|Dan McDermott
26933|Caroline Dhavernas
26935|Zoie Palmer
26943|Rhys Yates
26945|Bobby Schofield
26955|Jasmin Savoy Brown
26971|David Otunga
26978|Nicole D'Ovidio
26980|Richard D'Ovidio
26987|Abby Quinn
26988|Kristen Cui
26991|Denise Nakano
27021|Shawn Christensen
27035|Rafael Yglesias
27043|Garry Robbins
27044|James Downing
27046|Rob Schmidt
27064|Lera Abova
27067|Anna Krippa
27078|Diana R. Lupo
27084|Andrew Knauer
27095|Xosha Roquemore
27099|Dalan Musson
27128|Kai Lennox
27129|Jeremy Saulnier
27134|Catherine Corcoran
27135|Pooya Mohseni
27136|Matt McAllister
27138|Gino Cafarelli
27139|Cory DuVal
27159|Thomas Dekker
27164|Julianna Damm
27165|Samuel Bayer
27175|Michael McElhatton
27194|Scott Teems
27203|Hannah Love Lanier
27207|Charles Mondry
27210|R. Lance Hill
27220|Asif Ali
27230|Yani Gellman
27231|Santiago Segura
27233|Axel Mansilla
27242|Harry Hadden-Paton
27252|Emayatzy Corinealdi
27255|Lindsay Burdge
27273|Marcus Nispel
27278|Mark Wheaton
27281|Sean Chapman
27282|Robert Hines
27284|Oliver Smith
27285|Anthony Allen
27287|Michael Cassidy
27288|Frank Baker
27298|Justin Howell
27304|Sofia Black-D'Elia
27306|Allen Evangelista
27310|Macsen Lintz
27312|Michelle DeFraites
27314|Jason Pagan
27315|Andrew Deutschman
27330|Madelyn Grace
27338|Diaana Babnicova
27346|Tahlia Sturzaker
27350|Jacob Nolan
27352|Grant Sputore
27367|Pablo F. Fenjves
27382|Kyle Allen
27386|Jude Hill
27387|Ali Khan
27402|Paul Grimstad
27409|Jim Brown
27413|Gus Rethwisch
27414|Professor Toru Tanaka
27422|Jess Weixler
27428|Matthew Newton
27434|Joey Slotnick
27447|Kerry O'Malley
27448|Sophie Charlotte
27450|Gabriel Polanco
27459|Grace Palmer
27460|Tami Ashcraft
27463|Lei-Ming Caine
27464|Neil Andrea
27473|Claire Geare
27476|Tanapol Chuksrida
27488|John Mitchum
27489|Mae Mercer
27491|Ruth Kobart
27495|Harry Julian Fink
27514|Ariel Donoghue
27519|Mark Bacolcol
27522|Russ
27535|Everardo Gout
27545|Rob Moran
27546|Barbara Crampton
27558|Todd Lasance
27565|Catherine Chan
27577|Kip Weeks
27581|Peter Clayton-Luce
27582|Nick Barghini
27583|Shawn McClellan
27589|David Della Rocco
27591|David Ferry
27592|Brian Mahoney
27593|Bob Marley
27595|William Young
27606|Gil Perez-Abraham
27607|Tonatiuh
27609|T.J. Fixman
27619|Jamie Giddens
27623|Crystal Reed
27629|Adam Hurtig
27630|Alicia Johnston
27644|Katarina Witt
27653|Evan Dane Taylor
27657|Kelly Gale
27660|Charles Cumming
27661|J.P. Davis
27671|Friederike Kempter
27672|Niels-Bruno Schmidt
27680|Janine Turner
27684|Craig Fairbrass
27685|Gregory Scott Cummins
27686|Denis Forest
27697|Ramsey Moore
27716|Ryu Yong-jae
27719|Tio Pakusadewo
27720|Oka Antara
27721|Alex Abbad
27724|Very Tri Yulisman
27749|Mollie Milligan
27751|Amber Dawn Landrum
27760|Terry Press
27773|Alistair Sewell
27774|Amelia Reid
27785|Austin P. McKenzie
27791|Derrick Borte
27797|Elle Young
27799|Haylie Hansen
27801|Hanna Huffman
27818|Sebastian Gutierrez
27822|Éanna Hardwicke
27824|Côme Thiry
27828|Fionn Lockett
27834|Lauren LaVera
27840|Amelie McLain
27869|James Lesure
27889|Mimi Kirkland
27893|Red West
27894|Juan Piedrahita
27905|Caroline Chikezie
27918|Tim Preece
27923|Robert Harris
27927|McKaley Miller
27931|Dante Brown
27935|Scotty Landes
27957|Giuseppe Bonifati
27965|Jackson White
27966|Olivia Stambouliah
27967|Moses Ingram
27989|Beau Mirchoff
27993|Jacob Soley
27996|Peter Filardi
28009|Lea Carpenter
28011|Gaspard Ulliel
28012|Aaran Thomas
28018|Stephen Walters
28020|Helena-Lia Tachovská
28022|Thomas Harris
28025|Avery Whitted
28026|Will Buie Jr.
28028|Rachel Wilson
28029|Tiffany Helm
28036|Adrian Lester
28041|Philip Cabrita
28043|Ray Wright
28054|Afonso Poyart
28070|David Sullivan
28071|Casey Gooden
28072|Anand Upadhyaya
28073|Carrie Crawford
28076|Juan Tapia
28077|Ashley Warren
28078|Samantha Thomson
28090|Enrique Iglesias
28129|Zachary Sklar
28147|Khalid Abdalla
28155|Rajiv Chandrasekaran
28159|Billie Whitelaw
28163|Robert Rietti
28167|David Seltzer
28177|Yasmine Akram
28186|JR Bourne
28189|Matthew Harrison
28190|Jacob Rupp
28193|Neal Marshall Stevens
28195|Robb White
28217|Regina Taylor
28218|Bruce Beatty
28220|Kevin Fox
28225|Danny Sapani
28226|Matt Cross
28227|Wahab Sheikh
28228|Mark Poltimore
28231|Michael Shaeffer
28234|Joe Ahearne
28246|J.J. Connolly
28253|Ava McCarthy
28254|Juliet Doherty
28260|Jill St. John
28262|Lana Wood
28267|Norman Burton
28269|Guy Hamilton
28270|Richard Maibaum
28281|Garrick Hagon
28283|Michael Frost Beckner
28291|Richard Sammel
28292|Marc Andréoni
28293|Bruno Ricci
28298|Adi Hasak
28300|Marcello Fonte
28303|Adamo Dionisi
28307|Laura Pizzirani
28308|Giancarlo Porcacchia
28309|Aniello Arena
28321|Aden Young
28329|Ranulph Fiennes
28331|Matthew Finlan
28337|Alec Carlos
28343|David Coggeshall
28361|Mía Maestro
28376|Sandra Echeverría
28384|Dania Ramirez
28388|Henry O
28389|Christopher Place
28390|Sean Kennedy
28391|Kym Perfetto
28424|Bing Yin
28427|François Bredon
28428|Chems Dahmani
28429|Sami Darr
28444|David Rabe
28446|David Rayfiel
28451|Nathalie Cox
28456|Chris Carey
28457|Stuart Hazeldine
28464|Marion Zinser
28465|Maxine Barnett
28466|Fahnlohnee R. Harris
28488|Geoffrey Holder
28490|Gloria Hendry
28491|Bernard Lee
28499|Hervé Villechaize
28509|Mélanie Thierry
28517|Joel Kirby
28529|Douglas Henshall
28532|Toby Finlay
28537|Thomas Cocquerel
28538|Carlito Olivero
28542|Tanya van Graan
28547|Christine Lavaf
28548|Fritz Böhm
28554|Devon Gearhart
28555|Boyd Gaines
28557|Robert LuPone
28558|Susi Haneke
28559|Linda Moran
28569|Rodney Rowland
28595|Pamela Susan Shoop
28597|Dick Warlock
28599|Gloria Gifford
28600|Rick Rosenthal
28607|Annie Ilonzeh
28608|Jeff Hephner
28610|Eddie Shin
28612|Tyson Ritter
28623|Arianna Veronesi
28624|Andrea Calligari
28648|David Furr
28658|Mike Houston
28673|Rocco Haynes
28707|Walter Gotell
28708|Geoffrey Keen
28711|Michael Billington
28712|Lewis Gilbert
28714|Christopher Wood
28729|Louis Jourdan
28730|Kristina Wayborn
28736|Robert Brown
28740|Michael G. Wilson
28750|Toshirô Suga
28764|Alan Parker
28766|Manuela Velasco
28767|Jonathan D. Mellor
28768|Óscar Zafra
28769|Ariel Casas
28770|Alejandro Casaseca
28772|Rafa Parra
28773|Pep Molina
28776|Jaume Balagueró
28778|Manu Díez
28796|Grace Jones
28800|Fiona Fullerton
28801|Manning Redwood
28815|Stephanie Koenig
28821|Reda Kateb
28828|Antonin Baudry
28841|Barry Levy
28850|Robert A. Silverman
28851|Kris Lemche
28862|Mariah Bozeman
28872|Gabriel Strong
28873|Flynn MacArthur
28886|Jacques Boudet
28887|Jean Bouise
28903|Carey Lowell
28920|Molly Jackson
28921|Sara Sanderson
28922|Michael Nardelli
28925|Aaron Hann
28926|Mario Miscione
28931|Brendan Meyer
28945|Yasmin Kassim
28952|Justin Monjo
28962|Elvis Nolasco
28984|Juanin Clay
28986|Dennis Lipscomb
28987|Joe Dorsey
28988|Irving Metzman
28990|Lawrence Lasker
29003|Kevin Macdonald
29016|Gordon Michaels
29030|Jon Amiel
29039|Ann Dusenberry
29041|Barry Coe
29043|Jeannot Szwarc
29051|Marcel Bozzuffi
29052|Frédéric de Pasquale
29053|Bill Hickman
29054|Ann Rebbot
29056|Arlene Farber
29058|Ernest Tidyman
29065|Walter Koenig
29067|Nichelle Nichols
29069|Merritt Butrick
29071|Jack B. Sowards
29073|Harve Bennett
29076|Leah Ayres
29082|Pierre Rafini
29085|Christopher Cosby
29086|Mel Friedman
29121|John Cunningham
29126|Chuck Pfarrer
29139|Tony Gayton
29151|Tiffany Espensen
29161|Robert Racki
29177|David R. Ellis
29181|Kevin Janssens
29182|Vincent Colombe
29185|Barbara Gateau
29193|Beau Starr
29197|Carmen Filpi
29198|Dwight H. Little
29215|Jamie Renée Smith
29216|Jeremy Foley
29217|Elizabeth Hoffman
29220|Kirk Trutner
29223|Leslie Bohem
29229|James Burrows
29240|Stefan Clapczynski
29242|Christoph Bantzer
29244|Susanne Meneghel
29245|Monika Zallinger
29263|Lou Frizzell
29264|Gene Dynarski
29265|Lucille Benson
29267|Alexander Lockwood
29268|Shirley O'Hara
29271|Richard Matheson
29275|Chaim Topol
29279|Jill Bennett
29280|Michael Gothard
29282|Jack Hedley
29291|Brawley Nolte
29295|Nancy Ticotin
29298|Alexander Ignon
29324|Marcel Rodriguez
29345|Kim Hawthorne
29348|Michael Moriarty
29350|Marc Moss
29362|Lee Anthony Smith
29381|Gerrit Graham
29401|Sarah Kernochan
29422|Charles Berling
29428|Vimala Pons
29430|David Birke
29434|Ed Ackerman
29435|Rileah Vanderbilt
29438|Chris York
29448|Ken Sagoes
29450|Jennifer Rubin
29456|Bruce Wagner
29490|Jesse C. Boyd
29492|Destiny Mone
29496|Paul Brad Logan
29497|Chris Bernier
29507|Christopher Adamson
29511|Jay Wolpert
29545|Melissa Errico
29558|Patrick Olivier
29559|Samir Guesmi
29560|Azad
29568|Lance E. Nichols
29585|Mark Tankersley
29586|Anne-Solenne Hatte
29588|James Mather
29600|Michael Milhoan
29601|Scott Burkholder
29606|Adriana Ugarte
29607|Chino Darín
29608|Javier Gutiérrez
29611|Miquel Fernández
29625|David Wilson Barnes
29628|Chuck Shamata
29634|Tova Stewart
29636|Robert Longstreet
29651|Peter Macdissi
29652|Peter Francis James
29661|Dan Hough
29663|Motaz Malhees
29700|Ursula Parker
29702|Ian Fried
29709|Sinclair Daniel
29714|Peter Dager
29724|Gates McFadden
29732|Rick Berman
29741|Daphne Rubin-Vega
29743|Carrie Snodgress
29746|Stephen Peters
29796|Nina Axelrod
29803|Trevor St. John
29804|Annie Thurman
29807|Ron Ostrow
29809|Scott Stewart
29829|Alan Bates
29834|Phil Alden Robinson
29839|Dominik Garcia
29850|Karla Sofía Gascón
29852|Adriana Paz
29855|Eduardo Aladro
29856|Emiliano Hasan
29858|Tirso Pietriga
29866|Kristina Tonteri-Young
29869|Brady Dowad
29870|Alexandra Szucs
29874|Rowan Athale
29882|Cliff Haby
29883|Steven Chester Prince
29895|James Thomas
29896|Craig Eldridge
29897|Mark Tonderai
29898|David Loucka
29909|Mikey Holekamp
29929|Margaret Anne Florence
29933|Mason Mecartea
29946|Adam Butcher
29949|Russell Todd
29951|John Furey
29953|Kirsten Baker
29955|Warrington Gillette
29958|Tom McBride
29960|Ron Kurz
29963|Marcus Thomas
29969|BJ Verot
29980|Domenico Fiore
29982|Jeanie Calleja
29984|Roger Towne
29986|Mitch Glazer
29995|Joe Reisig
29996|Luca Fiamenghi
29997|Tom Harper
30021|Devon Diep
30022|Herlin Navarro
30023|James Milord
30026|Steve Allrich
30034|Sam Oz Stone
30038|Mark S. Cartier
30053|Christopher Leitch
30072|Sheaun McKinney
30073|Selina Lo
30079|Chris Borey
30080|Eddie Borey
30086|Bugzy Malone
30101|Eric Loren
30114|Dylan Smith
30116|Paul Kim Jr.
30130|David Klass
30143|Earl W. Wallace
30153|Mishu Vellani
30155|Laura de Carteret
30156|Tiffany Lyndall-Knight
30177|Andrea Bang
30180|William Belleau
30181|Lachlan Quarmby
30191|Victoria Bewick
30192|Christian Brassington
30198|Dane Cook
30205|Yasmine Delawari
30210|Simone Landers
30216|Bruce R. Carter
30218|Andy Rodoreda
30247|Max Adams
30250|Tad Daggerhart
30258|Alana Fagan
30259|Rebecca Makar
30261|Michael Carman
30265|Tom Vaughan
30269|Jessica Dinnage
30270|Omar Shargawi
30271|Johan Olsen
30273|Katinka Evers-Jahnsen
30274|Jeanette Lindbæk
30276|Laura Bro
30277|Morten Suurballe
30289|Erin Pitt
30300|Al Mancini
30302|Richard Woods
30315|Jean-René Ouellet
30318|Lem Dobbs
30319|Kario Salem
30320|Daniel E. Taylor
30329|Patrick Davidson
30331|Timothy Holmes
30333|Carlyle Eubank
30334|David Frigerio
30340|Dick Bradsell
30342|Jennifer Angel
30343|Nicolas Carlotti
30344|Darren Ormandy
30345|Guy Greenway
30351|T.J. Lowther
30378|Landon Gordon
30422|Nicholas Campbell
30423|Sean Sullivan
30456|Cokey Falkow
30468|Anthony Piccininni
30470|Morgan Flynn
30474|Joe Starr
30483|Nicola Harrison
30486|Myra Kathryn Pearse
30497|Ban Hye-ra
30532|Annika Hallin
30533|Per Oscarsson
30534|Sofia Ledarp
30535|Micke Spreitz
30537|Paolo Roberto
30539|Jonas Frykberg
30551|Ellen Brown Furman
30556|Adam Hann-Byrd
30563|Matt Greenberg
30564|Robert Zappia
30576|Elliott Lester
30587|Trew Mullen
30603|Javier Sánchez Donate
30604|Igor Legarreta
30613|Jim Curley
30614|Sally Hughes
30616|Jeff Maguire
30621|Ed Ramey
30622|Billy Redden
30623|Seamon Glass
30624|Randall Deal
30626|Herbert 'Cowboy' Coward
30628|James Dickey
30634|DeJuan Guy
30636|Stanley DeSantis
30648|Tom Braidwood
30651|Rob Bowman
30662|LaTanya Richardson Jackson
30664|Irène Jacob
30675|Jennifer Ellison
30678|Andrew Lloyd Webber
30681|Richard Stilgoe
30683|Kevin Hernandez
30684|Daniel Giménez Cacho
30713|Ricky Catter
30717|Stan Wong
30728|Rebecca Spence
30731|Win Rosenfeld
30740|Malcolm David Kelley
30774|Brigid Brannagh
30781|Brent Bonacorso
30782|Ben Epstein
30788|Marshall Allman
30793|Florent-Emilio Siri
30812|Sho Kosugi
30817|Kai Fung Rieck
30825|Sean A. Rosales
30826|Jose Vasquez
30828|Alfredo Quiroz
30831|Robert Lorenz
30833|Danny Kravitz
30834|Chris Charles
30841|Joanne Boland
30843|Jennifer Baxter
30845|George A. Romero
30856|André Lacoste
30864|Dean Jacobson
30868|Burke Byrnes
30874|Mark Paguio
30875|Tess Haubrich
30893|Michael Raymond-James
30905|Afiya Bennett
30906|Morgan Allen
30907|Jeffrey Men
30916|Diane Delano
30919|Jason Weaver
30933|Dinesh Kumar
30939|Iyana Halley
30941|Martin Munro
30943|Daniel Hadebe
30946|Chris Gxalaba
30955|Phoebe Fox
30961|Guy Hibbert
30974|Glen Morgan
30979|Rob LaBelle
30985|Ole Bornedal
31003|Verna Bloom
31012|Joseph Minion
31032|Sarah Livingston
31037|Calvin Lee Reeder
31039|Kentucker Audley
31044|Sophia Takal
31049|Justin Martinez
31051|Chad Villella
31054|Glenn McQuaid
31059|Nicholas Tecosky
31068|Summer H. Howell
31074|Kally Berard
31078|Carl Anton Koch
31086|Leonie Brill
31089|Stefan Holtz
31092|Wotan Wilke Möhring
31096|Stephan Kampwirth
31097|Leopold Hornung
31099|Marten Borgwardt
31105|Susanne Wuest
31107|Elfriede Schatz
31111|Christian Schatz
31112|Erwin Schmalzbauer
31113|Severin Fiala
31121|Karim Belkhadra
31125|François Levantal
31133|Anatoli Davydov
31138|Kai Wulff
31139|Kerry Skalsky
31158|Andrew Bovell
31179|Hirotaka Renge
31182|Umair Aleem
31186|Erik Per Sullivan
31192|Dominic Chianese
31201|Colton James
31205|Musetta Vander
31211|Nina Belforte
31213|Dalene Young
31216|Brian Sutherland
31217|David Knell
31228|Dempsey Bryk
31231|Barbara Gordon
31232|John R. Leonetti
31290|Tom Brennan
31294|James Dearden
31297|Courtney Taylor Burness
31298|Shyann McClure
31302|Laurel Whitsett
31325|Jacqueline Kim
31330|Marcello Thedford
31332|Jerome Armstrong
31346|Marc Rocco
31348|Tom Bleecker
31369|Marc Kudisch
31371|Myra Lucretia Taylor
31387|Vincent Lindon
31388|Agathe Rousselle
31390|Laïs Salameh
31394|Myriem Akheddiou
31395|Bertrand Bonello
31396|Céline Carrère
31421|Richard Stanley
31429|John Aquino
31431|Deborah Everton
31436|Bill Mesce Jr.
31450|James Ellroy
31461|Harold Becker
31472|Lee Yoon-Mi
31481|Taj Atwal
31486|Mia Sanchez
31487|Daniel de Bourg
31488|Natalie Anderson
31490|Dario Scardapane
31508|Merwin Mondesir
31511|Arthur Corber
31512|Luis Javier
31514|Bob Rathie
31525|Karley Scott Collins
31528|Haley Pullos
31553|Charles Malik Whitfield
31565|Allison Robertson
31569|Grant Harvey
31581|Tyson Beckford
31584|Matt Johnson
31593|Jeremy Gladen
31594|Allison Gabriel
31596|Devon Graye
31597|J.J. Johnson
31598|Gary Commock
31599|Polly Adams
31600|Opal Alladin
31601|Starla Benford
31602|Trish Gates
31603|Nancy McDoniel
31605|Richard Bekins
31626|Mark Casella
31629|Caryn Mower
31630|Meegan E. Godfrey
31634|Alexis Manenti
31635|Djebril Zonga
31639|Al-Hassan Ly
31641|Nizar Ben Fatma
31642|Raymond Lopez
31643|Ladj Ly
31645|Giordano Gederlini
31649|Amy Hargreaves
31650|Kevin Kolack
31651|Eve Plumb
31652|Stacy Rock
31653|David Thompson
31655|Sandy Barnett
31656|Sidné Anderson
31664|Terry Alexander
31667|Michael Potts
31668|Jim Sterling
31680|Michael Braun
31695|Deborah Neumann
31697|Van Brooks
31698|Señor Marco
31705|Loan Chabanol
31708|Wenxia Yu
31720|Flex Alexander
31734|Hervé Pierre
31735|Wladimir Yordanoff
31736|Didier Sandre
31747|Amila Terzimehić
31751|Akie Kotabe
31764|Michael Yare
31767|Seth W. Owen
31768|Richard Brooker
31769|Dana Kimmell
31770|Catherine Parks
31771|Tracie Savage
31772|David Wiley
31774|Anne Gaybis
31776|Paul Kratka
31779|Carol Watson
31780|Martin Kitrosser
31782|Daria Nicolodi
31783|Gabriele Lavia
31786|Giuliana Calandra
31787|Piero Mazzinghi
31788|Glauco Mauri
31790|Aldo Bonamano
31792|Bernardino Zapponi
31795|Klaus Maria Brandauer
31797|Barbara Carrera
31799|Bernie Casey
31802|Pamela Salem
31805|Lorenzo Semple Jr.
31808|Danny Hassel
31810|Tuesday Knight
31812|Lisa Wilcox
31815|Toy Newkirk
31820|William Kotzwinkle
31839|Dora Romano
31840|Giulia Heathfield Di Renzi
31842|Betti Pedrazzi
31843|Giuseppe Lo Piccolo
31849|A. J. Langer
31853|Georges Corraface
31869|Matt McKenzie
31896|Scott Walker
31909|Brian Tucker
31920|Erik Van Looy
31924|Elissa Knight
31940|Bob Peck
31956|Bolaji Badejo
31957|Helen Horton
31978|Carl Duering
31979|Michael Bates
31982|Michael Tarn
31983|Miriam Karlin
31984|Adrienne Corri
32007|K.C. Martel
32009|Sean Frye
32014|Jason Cope
32015|Nathalie Boltt
32021|Greg Melvill-Smith
32037|Dante Harper
32060|Haruka Kuroda
32061|Camiel Warren-Taylor
32073|Peter Maloney
32106|Jeff Jensen
32129|Jihae
32130|Ronan Raftery
32162|George Chuvalo
32166|Shawn Hewitt
32179|Barbie Ferreira
32190|Lori Dungey
32234|Soma Simon
32236|Viktor Orizu
32247|Tomas Norström
32248|Ashok Mandanna
32258|Dale Soules
32261|Mary McDonald-Lewis
32263|Angus MacLane
32292|Abraham Clinkscales
32298|Helen Buday
32300|Angelo Rossitto
32301|Adam Cockburn
32303|Paul Larsson
32342|Paul Braunstein
32345|Jørgen Langhelle
32347|Matthijs van Heijningen Jr.
32358|Mitchell Butel
32382|Iain De Caestecker
32467|Audrina Miranda
32469|Bechir Sylvain
32500|Cindy Morgan
32503|Peter Jurasik
32504|Tony Stephano
32527|Jacqueline McKenzie
32535|Duncan Kennedy
32545|Jack Hahn
32581|Laura Kirk
32583|John W. Momrow
32585|Jeffrey M. Meyer
32589|David Duncan
32606|Debbie Harry
32607|Sonja Smits
32611|Lynne Gorman
32619|Delphine Chanéac
32625|Simona Măicănescu
32628|Antoinette Terry Bryant
32629|Doug Taylor
32632|David Emge
32638|Richard France
32639|Howard Smith
32650|Nathan Ellison
32651|Sarah Surh
32652|Haeun Hannah Cho
32653|Joe Costa
32680|David Wechter
32685|David Acord
32694|Steven Melching
32695|Scott Murphy
32701|Sophia Tatum
32703|Henry G. Sanders
32724|Fisayo Akinade
32727|Joe Lomas
32729|Eli Lane
32731|Mike Carey
32740|Harriet Minto-Day
32741|Tiffany Lamb
32754|Liz Carr
32757|Ian Shorr
32763|David Jensen
32780|Cho Il
32797|Caoilinn Springall
32817|Jim Krieg
32824|Mojean Aria
32842|Harold Livingston
32848|Annie Ross
32871|Ravi Narayan
32872|Michael Homick
32873|Stefan Grube
32874|Reuben De Jong
32875|Cameron Brown
32890|Jordan Lund
32909|Donatas Banionis
32910|Jüri Järvet
32917|Tatyana Malykh
32925|AJ Diana
32928|Paul S. Mezey
32929|Ana Valle
32930|Jeffrey Goldenberg
32939|Stephanie Paul
32941|Michael Cullen
32943|Ben Siemer
32949|Clayton Watson
32972|Ferdia Shaw
32980|Nikesh Patel
32995|Boots Riley
33040|Bob Goodman
33050|Haig Sutherland
33062|Kesha Reed
33066|Bruce Abbott
33068|David Gale
33070|Carolyn Purdy-Gordon
33073|Bunny Summers
33074|Al Berry
33076|H.P. Lovecraft
33078|William Norris
33114|Jane Wyatt
33117|Steve Meerson
33118|Peter Krikes
33131|Holliston Coleman
33134|Michael LaBash
33136|Alexa Junge
33138|Eddie Guzelian
33141|Suzanna Hamilton
33143|Gregor Fisher
33144|James Walker
33157|Marianne Oldham
33159|Robert Bathurst
33168|Ticky Holgado
33173|Chick Ortega
33175|Marc Caro
33177|Gilles Adrien
33184|Brian McNamara
33187|John Garber
33211|Lauren Carlos
33235|Rudi Dharmalingam
33237|Quincy Kirkwood
33238|Philippa Domville
33240|Jim Mickle
33241|Gregory Weidman
33269|Sam Reid
33270|John Waters
33271|Kerry Armstrong
33272|Richard Davies
33277|Paul Currie
33279|Todd Stein
33287|Kavan Smith
33295|Lowell Cannon
33298|Micah Abbey
33335|Suzanne Snyder
33346|Laura Boujenah
33348|Anie Balestra
33350|Cathy Cerda
33351|Lyah Valade
33352|Marie Hélène Lemiale
33363|Jon Bailey
33378|Briella Guiza
33393|Sebastián Cordero
33416|Barbara Sukowa
33418|Tracy Tweed
33419|Robert Longo
33424|Larry Drake
33425|Nelson Mashita
33426|Jessie Lawrence Ferguson
33427|Rafael H. Robledo
33436|Joshua Goldin
33445|Robin Curtis
33456|Ron McClary
33459|Tim Janis
33469|Steven Schub
33470|Jeremy Roberts
33474|Josef Rusnak
33475|Ravel Centeno-Rodriguez
33482|Aria Lyric Leabu
33485|Amber Rivera
33486|Jeffrey Holsman
33508|Linda Harrison
33512|David Watson
33515|Mort Abrahams
33521|Bel Powley
33527|Drake Doremus
33535|Ionie Olivia Nieves
33537|Kelly Frye
33564|Victoria Shaw
33568|Michael T. Mikler
33579|Shane Skelton
33580|Donna Kimball
33604|Dylan Hartigan
33605|Fallon Brooking
33621|Karra Elejalde
33625|Juan Inciarte
33637|Jonathan Melo
33640|Adelina Anthony
33644|Elizabeth Kaluev
33645|Zack Duhame
33646|Lauren L. Murray
33647|Geraldine Singer
33648|Dane Rhodes
33649|Evangeline Rose
33650|Dari Lynn Griffin
33651|Emani White
33652|Daniel Rigamer
33673|Brock Peters
33674|Paula Kelly
33677|Mike Henry
33678|Lincoln Kilpatrick
33680|Stanley R. Greenberg
33693|Denny Martin Flinn
33703|Maureen Stapleton
33704|Jack Gilford
33708|Tom Benedek
33715|Cliff Saunders
33718|Bailey Maughan
33719|Petra Prazak
33727|Bastien Ughetto
33734|Egoitz Moreno
33744|Emma Cleasby
33745|Caryn Peterson
33757|Harold Sylvester
33760|Chip Proser
33764|Aidan Delbis
33765|Stavros Halkias
33767|J. Carmen Galindez Barrera
33768|Marc T. Lewis
33770|Cedric Dumornay
33771|Momma Cherri
33776|George Finn
33778|Amin Joseph
33780|Sharon Maughan
33781|David Figlioli
33783|Mark C. Hanson
33784|Bradley King
33786|B.P. Cooper
33790|Fiston Barek
33791|Ivana Živković
33794|Sharon D. Clarke
33797|Federico D'Alessandro
33798|Noga Landau
33805|Omid Djalili
33808|Julian Curry
33835|Steph Lady
33843|Andrew Fiscella
33850|Luiso Berdejo
33858|DeeDee Rescher
33873|Annette Azcuy
33888|Michael Piller
33890|Kiana Tom
33895|Justin Lazard
33897|James Black
33898|Karis Paige Bryant
33899|Mic Rodgers
33900|John Fasano
33901|William Malone
33903|Jennifer O'Neill
33909|Mavor Moore
33911|Murray Cruchley
33931|Richard Kiley
33932|David Gallagher
33933|Ashley Buccille
33937|Gerald Di Pego
33938|Andrew Wilson
33944|Hans Marrero
33946|Jocelyn Kay
33947|Chris Sturgeon
33948|Mark Dennis
33949|Ben Foster
33961|Peter Hyams
33970|Laurence Luckinbill
33974|David Loughery
33984|Lelia Goldoni
33987|Tom Luddy
33993|Jacob Neayem
34003|Diego Tinoco
34009|Katie Moy
34010|Kaylan Teague
34011|Tomek Bagiński
34029|Aaron Moorhead
34030|Justin Benson
34033|Shane Brady
34035|Kira Powell
34038|Emily Montague
34044|Grace Park
34046|Lexy Kolker
34048|Michelle Harrison
34051|RJ Fetherstonhaugh
34065|Denise Capezza
34080|Erica Beeney
34101|Lauren Tempany
34104|Kim Fupz Aakeson
34106|Laurie Faso
34115|Michael Pressman
34117|Alex Neustaedter
34120|Dominic Rains
34123|Patricia De Leon
34124|Niko Guardado
34125|Marie-Françoise Theodore
34150|Matthew Pleszewicz
34173|Helen Daniels
34176|Adam Lazarus
34179|Mark Denton
34180|Jonny Stockwood
34183|Alexander Goodwin
34187|Alix Koromzay
34190|Javon Barnwell
34193|Matthew Robbins
34203|Victor Banerjee
34207|Geoff Cox
34211|Natalie Trundy
34216|Jason Evers
34222|Judith Vittet
34225|Geneviève Brunet
34235|Will Friedle
34242|Mathew Valencia
34243|Andrea Romano
34258|Sean Higgs
34259|Roel Reiné
34285|Tom Petty
34286|Scott Bairstow
34300|Kal-El Cage
34312|Jim Breuer
34314|Thomas A. Chantler
34317|Gary Goldman
34318|Hans Bauer
34326|Fele Martínez
34329|Jorge de Juan
34335|Mateo Gil
34342|Salli Saffioti
34343|Michelle Ruff
34344|Mary Elizabeth McGlynn
34348|Yoshiaki Hirabayashi
34357|Bonnie Bentley
34359|Rachael Ma
34385|Mark Raso
34387|Joseph Raso
34400|Jesse Wigutow
34403|Sierra McCormick
34404|Jake Horowitz
34406|Gail Cronauer
34407|Cheyenne Barton
34408|Mark Banik
34409|Gregory Peyton
34411|Mallorie Rodak
34413|Andrew Patterson
34417|Aristotle Athari
34422|Timm Sharp
34434|Jordan Gonzalez
34439|JT Mollner
34453|Damon Peoples
34454|Grant Cramer
34456|John Allen Nelson
34460|Michael S. Siegel
34461|Peter Licassi
34463|Karla Sue Krull
34465|Charles Chiodo
34467|Edward Chiodo
34475|Oh Ji-yul
34477|Nas Brown
34481|Yoo-kang Seo-ae
34483|Matt Ryan
34494|Ernie Altbacker
34495|J. M. DeMatteis
34498|Stephanie Moore
34504|Michael Riley
34529|Caroline Bossi
34530|Antony Hoffman
34534|Anushka Sharma
34537|Sushant Singh Rajput
34540|Reema Debnath
34547|Craig Warnock
34552|Tiny Ross
34565|Michael Kai Sui
34567|Zhang Yichi
34571|Gong Geer
34590|Nicole Tompkins
34592|Stephanie Panisello
34595|Daman Mills
34612|Kiyoto Takeuchi
34615|Jean Valmont
34616|Jennifer Drake
34617|Yves Barsacq
34618|Jeanine Forney
34619|Éric Baugin
34620|Jean Topart
34621|William Coryn
34622|Sylvie Lenoir
34623|Philippe Ogouz
34624|René Laloux
34625|Roland Topor
34631|Doug Cockle
34634|Jeff Leach
34635|Cherami Leigh
34636|Alessa Luz Martinez
34639|Micho Rutare
34645|Elena Franklin
34649|Kid Rock
34668|Billy Green Bush
34671|Don Keith Opper
34678|Domonic Muir
34686|Arif S. Kinchen
34709|Alexia Ioannides
34710|Ramiz Monsef
34711|Bill Oberst Jr.
34712|Betsy Holt
34735|Severn Darden
34741|J. Lee Thompson
34744|Olivia Holt
34748|Kelcey Mawema
34749|Jonathan Potts
34756|David Matalon
34790|Henri Young
34791|Regan Young
34793|Gillian Vigman
34794|John Schultz
34796|Adam F. Goldberg
34800|Richard Marcus
34802|Lance Kerwin
34803|Bumper Robinson
34804|Jim Mapp
34805|Scott Kraft
34806|Lou Michaels
34808|Edward Khmara
34815|Douglas Rain
34818|Taliesin Jaffe
34831|Gary Alan Marsh
34844|Bobby Porter
34845|Noah Keen
34847|Joyce Hooper Corrington
34848|John William Corrington
34858|Jake T. Austin
34871|Randolph Roberts
34873|Gary Morgan
34874|Michael Anderson
34884|James Handy
34887|Paul De Meo
34888|Danny Bilson
34891|William Dear
34892|Jack Gore
34894|Benjamin Flores Jr.
34895|Alessio Scalzotto
34906|Donovan Leitch
34909|Joe Seneca
34910|Del Close
34928|Stephen McPherson
34932|Francis Chapman
34933|Joshua Wilson
34936|Michaël Kahya
34937|Marianne Bourg
34939|Éric Gigout
34951|Gage Graham-Arbuthnot
34985|Petr Papánek
34986|Marian Roden
34988|Sinéad Phelps
34989|Johan Renck
35002|Heath Corson
35012|Jeffrey Garcia
35018|Crystal Scales
35019|John A. Davis
35044|Noa Zatta
35047|Assil Kandil
35048|Filippo Valese
35049|Enea Barozzi
35050|Riccardo Gasparini
35051|Gabriele Salvatores
35075|Robert Duncan McNeill
35078|Gary Goddard
35099|Blair Brown
35102|Rand Ravich
35109|Val Tasso
35112|Michael McConnohie
35147|Tony Edwards
35148|John Walter Davis
35165|Egor Abramenko
35179|John Patrick Shanley
35183|Isabel Glasser
35188|Robert Hy Gorman
35189|Michael A. Goorjian
35209|Viveik Kalra
35213|Madison Hu
35221|Anwan Glover
35223|Arthur Deranleau
35227|Christopher Caldwell
35233|Matilda Firth
35234|Andrew Whipp
35235|Atanas Srebrev
35238|Euan Macnaughton
35239|Max Kraus
35240|SK Dale
35257|Jean Carmet
35259|Christine Dejoux
35260|Claude Gensac
35261|Henri Génès
35263|Max Montavon
35291|Matt MacManus
35292|Michael Burton
35350|Jedidiah Goodacre
35377|Tom Mercier
35382|Iliana Khelifa
35383|Paul Muguruza
35384|Thomas Cailley
35402|Brianne Tju
35407|Jay DeVon Johnson
35409|Sarah Vattano
35412|Whit Anderson
35416|Pete O'Herne
35423|Robin Griggs
35424|Michael Gooch
35445|Pippa Pearthree
35447|Constance Forslund
35450|David Himmelstein
35457|Greg Chun
35459|William Salyers
35467|Rachel Nicks
35469|Tyler Grey
35470|Drexel Malkoff
35472|Mike Hickman
35474|Kenny Ryan
35475|Jacob Roman
35483|Ian Matthews
35485|Gavin Fox
35501|Stanislav Kisilevskiy
35508|Amy Lalonde
35510|Scott Wentworth
35511|Philip Riccio
35514|Todd Schroeder
35518|Nick Damici
35521|Gregory Jones
35522|Traci Hovel
35523|Marianne Hagan
35524|James Godwin
35525|Tim House
35532|Fantine Harduin
35534|Anna Gaylor
35539|Robin Barde
35541|Mathieu Delozier
35542|Guillaume Lemans
35551|Jon Barinholtz
35552|Tim Trobec
35553|Sarah Schreiber
35554|Louis D'Esposito
35556|Caity Lotz
35560|Pooneh Hajimohammadi
35561|Jonathan Byrne
35563|John-Paul Macleod
35564|Helen Griffin
35565|Siwan Morris
35569|Will Rogers
35570|Michael Beasley
35575|Frank Deal
35585|Ellen McElduff
35587|Christopher Murney
35588|Holter Graham
35593|Deedee Magno
35594|Estelle
35597|Tom Scharpling
35600|Jennifer Paz
35603|Joe Johnston
35605|Ian Jones-Quartey
35607|Hilary Florido
35608|Kat Morris
35609|Matt Burnett
35610|Ben Levin
35627|Brandon Moon
35630|Jake T. Getman
35643|Ben Winchell
35651|Stewart Hendler
35673|Kiana Ledé
35678|Joe Ksander
35679|Wang Nima
35683|John Beck
35684|Mary Gregory
35689|Spencer Milligan
35704|Matt Peters
35707|Tom Taylor
35720|Lee Ki-cheol
35728|Colleen Coffey
35731|Brett Leonard
35732|Gimel Everett
35740|April Parker Jones
35741|Leander Suleiman
35742|Jeffrey Vincent Parise
35743|Diany Rodriguez
35749|Kiara Pichardo
35750|Oscar Wahlberg
35751|Jared Reinfeldt
35753|Jon F. Merz
35755|Linnea Gardner
35767|Sean Cameron Michael
35793|Nyambi Nyambi
35795|Jake Castorena
35797|Peter Tomasi
35818|Alan Coates
35825|Vincent Klyn
35826|Alex Daniels
35828|Dayle Haddon
35831|Terrie Batson
35832|Jackson 'Rock' Pinckney
35833|Albert Pyun
35839|Alejandra Howard
35840|Patrick Criado
35841|Celia Freijeiro
35842|Lola Dueñas
35856|Rebecca Marshall
35859|Cary Murnion
35860|Jonathan Milott
35876|Cal Brunker
35879|Gary Rydstrom
35880|Maxwell Brace IV
35892|Trevor Goddard
35897|Andrew Sensenig
35898|Thiago Martins
35899|Carolyn King
35901|Myles McGee
35902|Ashton Miramontes
35903|Andreon Watson
35904|Frank Mosley
35911|Nuala Fitzgerald
35912|Cindy Hinds
35927|Derek Thompson
35933|Jean-Yves Cylly
35934|Nancy Murillo
35935|Lina-Rose Djedje
35936|Victor van der Woerd
35937|Léo Poulet
35940|Jérémie Guez
35949|Doug McGrath
35950|Murray Matheson
35956|George Clayton Johnson
35967|Michael Carmine
35971|John DiSanti
35989|Adam Mason
35990|Simon Boyes
35997|Yao Wen-Xue
36000|Huang Lei
36015|Richard Glover
36016|Hans Peterson
36017|Hadisha Sovetova
36018|Imre Csók
36040|Jon Pertwee
36055|Bobs Gannaway
36058|Jess Winfield
36061|Rachel Kerbs
36065|Toby Wilkins
36066|Kai Barry
36073|Vinny Curran
36074|Holly Hawkins
36075|Vanessa Bednar
36077|Kenzo Lee
36137|George Mitchell
36140|Kermit Murdock
36143|Nelson Gidding
36144|A. Michael Baldwin
36145|Bill Thornbury
36146|Reggie Bannister
36147|Kathy Lester
36148|Angus Scrimm
36149|Terrie Kalbus
36151|Susan Harper
36152|Lynn Eastman-Rossi
36153|David Arntzen
36156|Ivan Labanda
36158|Rafa Calvo
36159|José García Tos
36160|José Luis Mediavilla
36161|Graciela Molina
36163|Pablo Berger
36198|Bob Joles
36209|Rachel Quaintance
36228|Jong-Sik Nam
36240|Steve Cardenas
36241|Jason David Frank
36243|David Yost
36249|Arne Olsen
36261|Evan Manoukian
36262|Yoann-Karl Whissell
36263|François Simard
36264|Anouk Whissell
36272|Stephanie Romanov
36273|Genevieve Buechner
36284|Alex Neuberger
36291|Craig A. Williams
36308|Stanley Mann
36324|Chris Hebert
36329|Barbara Bosson
36330|Norman Snow
36333|Jonathan R. Betuel
36336|Quinn McColgan
36338|Clara Lago
36344|Miguel Ángel Vivas
36347|James Morosini
36348|Brittany O'Grady
36351|Gavin Leatherwood
36356|Myhraliza Aala
36387|Charles Haid
36389|Miguel Godreau
36390|Dori Brenner
36391|Peter Brandon
36395|Paddy Chayefsky
36413|Barbara Steele
36421|Richard Robinson
36431|Tom Choi
36432|Brin Hill
36438|Alexis Whelan
36441|Kate Vickery
36442|Kiana Madeira
36452|Iván González
36455|Jennifer Blanc
36458|Karl Mueller
36460|Sophie Lowe
36464|Abhi Sinha
36469|John Huddles
36473|Loryn Locklin
36480|Alan Zitner
36490|Lee Richardson
36493|Ann Marie Lee
36496|Harley Cross
36497|Matthew Moore
36498|Chris Walas
36510|Ronin Cara
36512|Crystal Pite
36513|Lorne Cardinal
36514|Patricia Rozema
36530|Kristin Bauer
36546|Tamberla Perry
36547|Eric Robinson Jr.
36569|Tyrone Keogh
36572|Jeremy Yong
36580|Joe Silver
36581|Lynn Lowry
36582|Allan Kolman
36583|Susan Petrie
36588|Hanna Poznanska
36617|Duane Capizzi
36620|Lisa Houle
36621|Georgina Reilly
36627|Hannah Fleming
36628|Laura Nordin
36629|Bruce McDonald
36630|Tony Burgess
36638|Aubrey Morris
36641|Tobe Hooper
36642|Olaf Pooley
36647|Shawn Christian
36652|Barry Livingston
36655|Billy Rieck
36668|Wang Ruoxi
36684|Kostja Ullmann
36685|Corinna Kirchhoff
36686|Marlene Tanczik
36688|Lisa-Marie Koroll
36689|Lorna Ishema
36690|Alina Levshin
36692|Lisa Loven Kongsli
36693|Cornelia Heyse
36694|Boris Kunz
36697|Simon Amberger
36710|Tim Sheridan
36712|Raffiella Chapman
36717|Melanie Gaydos
36718|Markas Eimontas
36719|Matijus Adomavičius
36720|Markas Sagaitis
36721|Marijus Demiskis
36723|Bruno Samper
36726|Brian Clark
36732|Moe Jeudy-Lamour
36733|Akiel Julien
36734|Natalie Liconti
36736|Sammy Azero
36741|Jesse LaVercombe
36745|Salber Lee Williams
36746|Murathan Muslu
36748|Axel Werner
36750|Josef Berousek
36751|Daniele Rizzo
36762|Nicholas Barnes
36776|Rob Lieberman
36777|Tracy Tormé
36786|Bill Nye
36787|Slavoj Žižek
36808|Fox Harris
36810|Del Zamora
36818|Gerald Downey
36819|Karla Droege
36824|Patrick Horvath
36831|Susan Burke
36832|Dallas Richard Hallam
36841|Meredith MacNeill
36842|Ray Gardner
36843|Nick Ewans
36844|Arthur Nightingale
36846|Gareth Carrivick
36847|Jamie Mathieson
36851|Jean-Pierre Rambal
36852|Guy Grosso
36853|Michel Modo
36855|Jean-Roger Caussimon
36856|Mario David
36859|Jacques Vilfrid
36861|Gérard Beytout
36868|Ron O'Neal
36875|David Ambrose
36876|Thomas Hunter
36878|Peter Powell
36885|Cynthia Gibb
36887|Dee McCafferty
36888|David Hemblen
36890|Damon D'Oliveira
36891|Tito Núñez
36902|Del Russel
36904|Andrew Lord Miller
36910|Yael Grobglas
36912|Yon Tumarkin
36913|Tom Graziani
36914|Moran Zelma
36915|Gita Ben Nevat
36916|Yael Hakshurian
36917|Merav Eisenthal
36918|Sarel Piterman
36920|Doron Paz
36921|Yoav Paz
36932|Richard Epcar
36941|Tom McKay
36945|Osi Okerafor
36948|Steven Gomez
36951|Mitch Cohen
36952|Jennifer Prichard
36953|Cindy Manion
36955|Gary Schneider
36959|Chris Liano
36961|Michael Herz
36965|Cliff Potts
36968|Mark Persons
36969|Steven Brown
36970|Cheryl Sparks
36971|Larry Whisenhunt
36973|Roy Engel
36974|Douglas Trumbull
36979|Cal Kuniholm
36982|Adam Beckenbaugh
36984|Joe Saunders
36986|Alan Sheretz
37025|Kristina Nicoll
37029|Timothy Webber
37031|Joseph Scoren
37032|Stephen Brown
37035|Brian King
37038|Reese Hartwig
37039|Ella Wahlestedt
37043|Cassius M. Willis
37048|Andrew Panay
37052|Olwen Fouéré
37053|Jack Hickey
37054|Elie Bouakaze
37081|D.A. Obahor
37116|Melissa Jones
37118|Sarah Habel
37119|Chantel Giacalone
37120|Hugh Maguire
37121|Kevin Yon
37123|Seth Grossman
37124|Holly Brix
37126|Josh Cooke
37127|Bre Blair
37131|Jason Benjamin
37144|Skye Arens
37149|Gail Simone
37150|Bruno Lawrence
37153|Pete Smith
37154|Tom Hyde
37156|Geoff Murphy
37157|Bill Baer
37165|Leythum
37181|David Huffman
37185|Klaus Löwitsch
37187|Stefan Schnabel
37188|Thomas Hill
37191|Wendell Wellman
37211|Benjamin Haigh
37214|Bonnie Aarons
37228|Lee J. Cobb
37229|William O'Malley
37230|Kitty Winn
37231|Jack MacGowran
37233|Peter Masterson
37245|Noelle Sheldon
37264|Ingrid Bisu
37269|Sandra Teles
37279|Lili Sepe
37280|Bailey Spry
37283|Charles Gertner
37301|Kerr Smith
37302|Kristen Cloke
37305|Chad Donella
37315|Ward Horton
37321|Ivar Brogger
37335|Lou Lou Safran
37342|Franky G
37346|Noam Jenkins
37355|Sadie Frost
37366|Ronee Blakley
37372|Ed Call
37376|Micah Sloat
37379|Ashley Palmer
37380|Crystal Cartwright
37383|James Piper
37384|Oren Peli
37390|Michael C. Williams
37391|Bob Griffin
37392|Jim King
37393|Sandra Sánchez
37394|Ed Swanson
37395|Patricia DeCou
37396|Mark Mason
37423|Stephen Butterworth
37434|Selena Anduze
37446|Noah Lee Margetts
37449|Margot Leicester
37457|David Vert
37458|Carlos Lasarte
37462|María Lanau
37463|Jorge-Yamam Serrano
37473|James Kirk
37475|Keegan Connor Tracy
37476|Jonathan Cherry
37489|Tanya Allen
37492|Maxine Dumont
37501|Jane Perry
37502|Mark Phoenix
37504|André Øvredal
37505|Ian B. Goldberg
37506|Richard Naing
37523|Sam Easton
37528|Yan-Kay Crystal Lowe
37533|Ellen Sandweiss
37535|Betsy Baker
37536|Theresa Tilly
37537|Philip A. Gillis
37539|Cheryl Guttridge
37541|David Horton
37550|Morgan McGarry
37553|David Fox
37560|Shauna Macdonald
37562|Alex Reid
37567|Oliver Milburn
37569|Craig Conway
37575|Alexander DiPersia
37576|Alicia Vela-Bailey
37579|Maria Russell
37581|Lotta Losten
37598|Miles Fisher
37614|Matt Keeslar
37627|Gillian Zinser
37633|Matt Passmore
37644|Josh Stolberg
37645|Pete Goldfinger
37648|Eythor Gudjonsson
37649|Barbara Nedeljakova
37650|Jana Kaderabkova
37651|Jennifer Lim
37653|Jana Havlickova
37654|Keiko Seiko
37666|Stephanie Honoré
37667|Lara Grice
37679|Paul Dean
37687|Rita Tushingham
37690|Pauline McLynn
37693|Aimée Cassettari
37714|Paul A. Partain
37718|Jim Siedow
37720|John Dugan
37721|Robert Courtin
37727|Alexandra Jensen
37729|Otis Dhanji
37732|Chris Alosio
37735|Ari McCarthy
37741|Heather Sossaman
37743|Matthew Bohrer
37744|Moses Storm
37747|Courtney Halverson
37761|Milena Konstantinova
37768|Hugo Lavoie
37770|Obssa Ahmed
37775|Kevin Kölsch
37776|Jeff Buhler
37779|Robert James-Collier
37782|Matthew Needham
37783|Jacob James Beswick
37785|Hilary Reeves
37798|Alan Wilder
37806|Beatrice Straight
37811|Richard Lawson
37812|Martin Casella
37817|Mark Victor
37820|Betsy Palmer
37822|Jeannine Taylor
37824|Laurie Bartram
37825|Mark Nelson
37826|Peter Brouwer
37828|Rex Everhart
37829|Sean S. Cunningham
37840|Naomi Snieckus
37844|Gina Philips
37850|Peggy Sheffield
37852|Patrick Cherry
37854|Victor Salva
37856|Jessica Harper
37858|Flavio Bucci
37859|Miguel Bosé
37875|James Lafferty
37878|Scott Graham
37884|Emma Lung
37887|Joshua McIvor
37888|Henry Nixon
37890|Bryan Probets
37891|Christopher Smith
37902|Callie Schuttera
37925|Kathleen Pollard
37942|Peter Schink
37950|David Kopp
37956|Ariel Aberg-Riger
37957|Lee Stetson
37965|John Walcutt
37972|Jaynee-Lynne Kinchen
37973|Marisol Ramirez
37977|Aiden Lewandowski
38012|Parker Mack
38017|Halle Charlton
38026|Brian Boland
38030|Seth Ginsberg
38031|William Juan Prieto
38032|Jackson Xenia Prieto
38033|David Bierend
38035|Tod Williams
38038|Michael R. Perry
38041|Olivia Scott Welch
38048|Noah Bain Garret
38049|Darrell Britt-Gibson
38053|Phil Graziadei
38078|Bill Moseley
38094|Min-Woo Hyung
38102|Lauren Acala
38104|Maïla Hosie
38105|Jason William Day
38112|Katelyn Rose Downey
38114|Anouk Darwin Homewood
38115|Sarah Pachoud
38116|Suzanne Bertish
38127|Laura Regan
38130|Dmitry Chepovetsky
38132|Steve Adams
38140|Christopher Nicholas Smith
38142|Jessica Tyler Brown
38146|Maria Olsen
38156|Blaze Berdahl
38158|Mara Clark
38159|Kavi Raz
38170|Brendan Donaldson
38171|Annabel Armour
38172|Andrew Douglas
38173|Sandor Stern
38178|Kiddy Smile
38180|Giselle Palmer
38182|Thea Carla Schøtt
38184|Lea Vlamos
38191|Renata Vaca
38192|Joshua Okamoto
38194|Paulette Hernández
38195|Jorge Briseño
38205|Lea Coco
38209|Laila Haley
38214|Cricket Brown
38218|Diogo Morgado
38219|Bates Wilder
38222|Dustin Tucker
38227|Uberto Paolo Quintavalle
38229|Caterina Boratto
38232|Sonia Saviange
38233|Sergio Fascetti
38234|Bruno Musso
38237|Pupi Avati
38243|Dan Petronijevic
38244|Richard Zeppieri
38245|Patrick McManus
38246|Edie Inksetter
38247|Thomas Mitchell
38268|Dana Ashbrook
38271|Eric DaRe
38273|Pamela Gidley
38277|Robert Engels
38280|Alexandra Paul
38283|Christine Belford
38286|David Spielberg
38289|Bill Phillips
38299|Seth Adkins
38304|Bijou Phillips
38309|Petr Vančura
38311|Stanislav Yanevski
38336|Antony Sher
38339|David Sterne
38351|Clément Baronnet
38352|Alexis Julemont
38354|Aaron Stewart-Ahn
38357|Casper Kelly
38359|Mark Patton
38368|Jack Sholder
38369|David Chaskin
38373|Rachel True
38377|Nathaniel Marston
38379|Assumpta Serna
38380|Andrew Fleming
38398|Miles Gutierrez-Riley
38401|Dylan Gelula
38412|Arika Gluck
38413|Ioana Abur
38414|Mary Beth Peil
38416|Tim Ahern
38435|Fayssal Bazzi
38437|Rhys Auteri
38439|Josh Quong Tart
38440|Steve Mouzakis
38441|Paula Arundell
38451|Elizabeth Scopel
38457|Kate Trefry
38464|Ella Smith
38469|Valerie Koch
38470|Marjane Satrapi
38480|Martin Furulund
38481|Nikolai Nikolaeff
38498|Bruna González
38500|Iván Chavero
38501|Ana Torrent
38503|Ángela Fabián
38505|Chema Adeva
38506|Miranda Gas
38525|Luca Barbareschi
38526|Salvatore Basile
38527|Ricardo Fuentes
38528|Carl Gabriel Yorke
38531|Luigina Rocchi
38532|Ruggero Deodato
38539|Brenda Kendall
38542|Elizabeth Brimilcombe
38561|Dan Lagana
38562|Brad Morris
38569|Uriah Shelton
38570|Dana Drori
38572|Melissa Collazo
38577|Michael Kennedy
38578|Travis Schiffner
38581|Al Santos
38585|Tom Tarantini
38586|Josh Hammond
38587|Luke Edwards
38606|Redman
38607|Hannah Spearritt
38611|Tony Gardner
38631|Hayley Carmichael
38634|Christian Lees
38658|Otto Jespersen
38661|Tomas Alf Larsen
38662|Hans Morten Hansen
38663|Urmila Berg-Domaas
38664|Knut Nærum
38666|Eirik Bech
38667|TomTom Jorgensen
38676|Ty Mitchell
38687|Stocker Fontelieu
38689|Michael Higgins
38690|Elizabeth Whitcraft
38691|Eliott Keener
38703|Molly Grant Kallins
38704|David Chandler
38707|Samuel Le Bihan
38713|Jean Yanne
38714|Jean-François Stévenin
38715|Johan Leysen
38718|Stéphane Cabel
38721|Trini Alvarado
38722|Peter Dobson
38728|Jim Fyfe
38736|Andrew Lees
38737|Connor Del Rio
38738|Stephanie Nogueras
38739|Savira Windyani
38750|Tilly Walker
38754|Kíla Lord Cassidy
38764|Aleks Mikic
38769|Georgia Holland
38770|Beau Andre
38777|Caleel Harris
38793|Maya Massar
38799|Charles Guard
38800|Thomas Guard
38806|Vincent Gardenia
38807|Levi Stubbs
38810|Michelle Weeks
38815|Howard Ashman
38816|Edward Woodward
38819|Diane Cilento
38822|Lesley Mackie
38823|Walter Carr
38825|Lindsay Kemp
38827|Anthony Shaffer
38837|Kendle Coffey
38845|Harley Morenstein
38848|Harley Quinn Smith
38870|Michael Dempsey
38872|Samantha Robinson
38874|Quei Tann
38875|Daniel Goldhaber
38876|Isa Mazzei
38882|Sky Ferreira
38883|Ramón Llao
38886|Paz Bascuñan
38887|Magda Apanowicz
38888|Nicolás Martínez
38891|Guillermo Amoedo
38897|David Newsom
38901|JF Davis
38912|Richard Elfyn
38913|Catrin Aaron
38914|John Weldon
38928|Joe Gangemi
38930|Samuel Leakey
38932|Jessica De Gouw
38935|Donncha Crowley
38937|Beatrix Perkins
38940|Rob Hayes
38947|Keith Jochim
38950|Caroline Struzik
38969|Jalen Thomas Brooks
38970|Tomaso Sanelli
38971|Jenna Warren
38972|Gabriel Davenport
38977|Jeff Rendell
38980|William Ragsdale
38987|Stewart Stern
38988|Nick Savage
38996|Steve Braun
38998|Kimberly Caldwell
39003|Turi Meyer
39007|Oliver Finnegan
39008|Alistair Brammer
39009|John Lynch
39010|Siobhan Hewlett
39012|Emily Dargan
39013|Joel Figueroa
39014|Ishana Night Shyamalan
39017|Corinne Foxx
39024|Khylin Rhambo
39035|Austin Foxx
39036|Parker Lovein
39039|David Chirchirillo
39057|Al Williams
39074|Damian Maffei
39076|Lea Enslin
39077|Mary Louise Casanta
39078|Ken Strunk
39079|Rachel Kuhn
39082|Ben Ketai
39087|Lucy Cohu
39088|Cal MacAninch
39094|Stephen Volk
39099|Barbara Howard
39101|Erich Anderson
39102|Peter Barton
39108|Barney Cohen
39118|David Silverman
39122|Kirby Johnson
39123|Grey Damon
39127|Larry Eudene
39128|James A. Watson, Jr
39130|Mickey Gilmore
39131|Diederik Van Rooijen
39144|Barbara Marshall
39148|Christian Distefano
39150|Elizabeth Whitmere
39152|Lucas Kelly
39153|Emily Burley
39159|Logan Browning
39161|Alaina Huffman
39162|Molly Grace
39166|Graeme Duffy
39167|Marie Maskell
39168|Richard Shepard
39169|Nicole Snyder
39171|Eric C. Charmelo
39172|Graham Verchere
39179|J. Alex Brinson
39181|Harrison Houde
39185|Stephen J. Smith
39186|Matt Leslie
39190|Andrei Finti
39194|Jean-Claude de Goros
39202|Michelle Ang
39204|Anne Bedian
39208|David Hains
39209|Lee Spencer
39215|Rebecca Gayheart
39223|Jamie Blanks
39227|Sam Strike
39229|James Bloor
39241|Giuseppe Andrews
39242|James DeBello
39244|Julie Childress
39246|Darcy Martin
39247|Heather Simmons
39250|Randy Pearlstein
39260|Patricio Almeida Rodriguez
39273|Sarah DeLappe
39277|Yavor Baharov
39286|Neil Elman
39293|Elisabeth Rosen
39294|Zak Santiago
39304|Sally-Anne Upton
39306|Kathryn Adams
39307|Brian Godfrey
39308|Brendan Bacon
39314|Nassim Lyes
39315|Léa Léviant
39316|Sandra Parfait
39317|Aksel Üstün
39318|Aurélia Petit
39319|Marvin Dubart
39321|Ibrahima Ba
39325|Yannick Dahan
39347|Angela Trimbur
39348|Tory N. Thompson
39350|M.A. Fortin
39353|Demián Salomón
39356|Marcelo Michinaux
39358|Virginia Garófalo
39359|Paula Rubinsztein
39361|Isabel Quinteros
39362|Demián Rugna
39371|Danny Keough
39372|Lola Reid
39382|Titikarn Tongprasearth
39383|Sivagorn Muttamara
39384|Chachchaya Chalemphol
39385|Kachornsak Naruepatr
39386|Apichart Chusakul
39387|Binn Kitchachonpong
39396|Secun de la Rosa
39399|Alejandro Awada
39400|Tony Lam
39402|Daniele Fileti
39405|Jorge Guerricaechevarría
39408|Joseph Pilato
39410|Anthony DiLeo Jr.
39412|Sherman Howard
39421|Charlie Potter
39426|Nora Connolly
39427|Rose English
39428|Nicolas Roeg
39447|Humberly González
39449|Larsen Thompson
39451|Sunčica Milanović
39452|Alan Wells
39455|Nicholas Adams
39458|Katie Stevens
39460|Lauryn McClain
39463|Schuyler Helford
39467|Justin Marxen
39480|Gale Gordon
39487|Thomas Ian Griffith
39498|Federico Luppi
39499|Fernando Tielve
39500|Íñigo Garcés
39501|Irene Visedo
39502|José Manuel Lorenzo
39505|Berta Ojea
39509|David Muñoz
39518|Randi Klein
39519|Terey Summers
39520|Ellory Elkayem
39522|Jesse Alexander
39527|Jennifer Cooke
39531|Temi Epstein
39540|Zachary David Cope
39542|Conor O'Farrell
39545|Stephen Eugene Walker
39546|Mary Kay Cook
39560|Simon Verhoeven
39579|Zak Rothera-Oxley
39585|Belmont Cameli
39590|Zsófia Temesvári
39594|Blair Butler
39597|Christopher Convery
39610|Emma Dumont
39611|Dylan McTee
39614|Vardaan Arora
39615|Adrian Favela
39622|Betsy Rue
39628|Joy de la Paz
39631|Zane Smith
39637|David Abeles
39640|Crystal Swann
39641|Catherine Weidner
39643|Ben Collins
39653|Michael J. Reynolds
39654|Jessika Williams
39655|Jon Harris
39667|D.R. Anderson
39668|Susanna Burney
39675|Heinz Bennent
39678|Shaun Lawton
39679|Michael Hogben
39681|Thomas Frey
39682|Andrzej Żuławski
39684|John Jarratt
39687|Nathan Phillips
39690|Phil Stevenson
39691|Geoff Revell
39700|Samuel Bottomley
39701|Deborah Wastell
39703|Daniel Hill
39716|Gil Kolirin
39720|Declan O'Brien
39723|Paco Manzanedo
39725|Ismael Fritschi
39726|Críspulo Cabezas
39728|María Alfonsa Rosso
39729|Carlos Zabala
39730|Cristian Aquino
39739|María Caballero
39742|Nicole Sorace
39744|Andrea Arcangeli
39745|Arkasha Stevenson
39747|Tim Smith
39748|Ben Jacoby
39749|Keith Thomas
39756|Krzysztof Majchrzak
39764|Olivia O'Neill
39768|Okwui Okpokwasili
39774|Peter Sattler
39785|Nesbitt Blaisdell
39786|Bill Laing
39797|Barbie Wilde
39798|Simon Bamford
39810|Barbara Eve Harris
39822|Janet Wright
39823|Ferne Downey
39828|José María Yázpik
39832|Amalia Gómez
39836|Yaiza Macías
39838|Ángel Agudo
39847|Rosemary Murphy
39848|Laurel Bryce
39849|Agnieszka Wojtowicz-Vosloo
39851|Jakub Korolczuk
39858|Sawyer Jones
39861|Cody Davis
39864|Henry Chaisson
39870|Lasse Valdal
39871|Evy Kasseth Røsten
39872|Jeppe Beck Laursen
39873|Jenny Skavlan
39876|Ørjan Gamst
39903|Rupert Wainwright
39904|Tom Lazarus
39905|Rick Ramage
39909|Malaika Wakoli-Abigaba
39912|Yvonne Campbell
39916|Maureen Casey
39917|Remi Weekes
39919|Felicity Evans
39920|Toby Venables
39921|Jennifer Pudavick
39936|Petra Martínez
39942|Margarita Roset
39961|Rutina Wesley
39963|Clyde Jones
39966|Sharon Smith
39967|Daniel Stamm
39976|Ty Wood
39980|Peter Cornwell
39981|Adam Simon
39990|Predrag Bjelac
39992|Bohumil Švarc
40001|Scott Peat
40002|Blair Hickey
40005|Peter Sullivan
40006|Kraig Wenman
40011|Massimo Serato
40014|Giorgio Trestini
40016|David Tree
40017|Ann Rye
40019|Chris Bryant
40023|L.C. Holt
40027|Hannah Hughes
40029|Hannah Al Rashid
40030|Fachry Albar
40034|Gregg Hale
40043|Jamie Nash
40055|Michael Rymer
40057|Scott Abbott
40060|Irán Castillo
40063|Juan Ignacio Aranda
40064|Evelia Di Gennaro
40065|Raquel Rojas
40067|Jesse Celedon
40068|Alejandro Hidalgo
40069|Santiago Fernández Calvete
40086|Carrie Nye
40101|Danny Mora
40104|Xavier Palud
40108|Tyler Young
40111|Priscilla Quintana
40123|William Ainscough
40130|Lisa Blount
40132|Jameson Parker
40134|Susan Blanchard
40136|Ann Yen
40137|Ken Wright
40141|Blanchard Ryan
40143|Saul Stein
40146|John Charles
40149|Emma Fitzpatrick
40155|Erin Way
40157|Eaddy Mays
40164|Eleanor De Swaef-Roels
40166|Stephanie Cole
40168|David Peacock
40169|Barnaby Pilling
40170|Jarvis Cocker
40172|Niki Lindroth von Bahr
40186|Emelia Burns
40187|Nicholas Bell
40190|Bruce Gleeson
40197|Mãdãlina Anea
40198|Daniel Nuta
40200|Cristina Deleanu
40202|Florian Ghimpu
40203|Flaviu Crisan
40206|Zack Ford
40208|Danny Pintauro
40212|Kaiulani Lee
40214|Mills Watson
40218|Don Carlos Dunaway
40221|Emily Tosta
40224|Chris Warner
40227|Jonathan Mercedes
40230|Kevin Lewis
40231|G.O. Parsons
40235|John Franklin
40240|Jonas Marlowe
40242|Fritz Kiersch
40256|Thomas F. Duffy
40259|Roxane Mesquida
40262|Ethan Cohn
40263|Charley Koontz
40264|Daniel Quinn
40266|Quentin Dupieux
40269|Ashley Bell
40270|Iris Bahr
40275|Justin Shafer
40286|Ariel Gade
40291|Walter Salles
40297|Jeremias Amoore
40298|Manuel Pacific
40299|Grace Nettle
40300|James Carroll Jordan
40301|David J Biscoe
40302|David Samartin
40303|Claudio Fäh
40304|Andy Mayson
40311|Ken Baker
40313|Brandon Maggart
40314|Amalie Collier
40321|Lysette Anthony
40329|Steve Haberman
40332|Camille Rowe
40333|Éric Savin
40335|Marie Caffier
40336|Carolina Massey
40337|Alexis Servaes
40354|J.S. Cardone
40368|Jemma Moore
40369|Emma Louise Webb
40370|Radina Drandova
40374|Alan Emrys
40376|James Swanton
40378|Gemma Hurley
40380|Jed Shepherd
40385|Walter Ladengast
40387|Carsten Bodinus
40388|Beverly Walker
40389|Jacques Dufilho
40390|Clemens Scheitz
40393|Morten Burian
40395|Fedja van Huêt
40396|Karina Smulders
40397|Liva Forsberg
40398|Marius Damslev
40399|Hichem Yacoubi
40402|Sieger Sloot
40403|Christian Tafdrup
40405|Mads Tafdrup
40411|Ralf Chiu
40429|Shari Springer Berman
40436|Peter Mooney
40437|Oluniké Adeliyi
40438|Elisa Moolecherry
40439|Paula Boudreau
40440|Paul Fauteux
40441|David Kohlsmith
40458|Vivien Lyra Blair
40465|Leeann Ross
40476|Benedict Wall
40479|Liam Legge
40480|Asher Bridle
40495|Daniel Gilboy
40498|Peppino Mazzotta
40507|Paolo Strippoli
40508|David Bellini
40509|Milo Tissone
40510|Lucio Besana
40515|Chris Gartin
40517|Marcelo Tubert
40519|Marco Hernández
40534|Keith Brava
40536|Ian McEwan
40541|Luke Busey
40542|Aleksandra Dragova
40543|Jay Rincon
40545|Steffanie Sampson
40546|Jivko Mihaylov
40547|Samuel Bodin
40553|Niall Greig Fulton
40556|Denna Thomsen
40557|Barbara Marten
40580|Jon Van Ness
40584|Robert Harmon
40588|Björn Hlynur Haraldsson
40591|Sigurður Elvar Viðarson
40592|Theodór Ingi Ólafsson
40593|Arnþruður Dögg Sigurðardóttir
40594|Gunnar Þor Karlsson
40595|Lára Björk Hall
40599|Kathryn Aboya
40601|Astrida Auza
40603|Lance Rankin
40604|Jon Hyatt
40609|Don Stroud
40614|Meeno Peluce
40615|Michael Sacks
40616|Stuart Rosenberg
40620|America Olivo
40621|Zoe Aggeliki
40622|Jan Broberg Felt
40623|Joshua De La Garza
40641|David Guy Levy
40643|Jon Finch
40645|Barbara Leigh-Hunt
40648|Vivien Merchant
40655|Jacqueline Byers
40658|Lisa Palfrey
40659|Nicholas Ralph
40672|Stephen Gevedon
40686|Dylan Playfair
40688|Howie Lai
40693|John Poliquin
40704|Om Puri
40710|Caroline Williams
40711|Bill Johnson
40715|Ken Evert 
40716|Harlan Jordan
40720|L.M. Kit Carson
40721|Susan Lanier
40723|Martin Speer
40725|Russ Grieve
40727|James Whitworth
40728|Virginia Vincent
40735|Heidi von Palleske
40739|Nick Nichols
40741|Damir Andrei
40742|Miriam Newhouse
40745|Norman Snider
40764|Marque Richardson
40766|Lily Cowles
40767|Tongayi Chirisa
40768|Gerard Bush
40779|Chase Barker
40789|Sasha Frolova
40795|Jessica Matten
40797|David Prior
40804|Aoife Hinds
40807|Kit Clarke
40817|Danielle Hampton
40819|Peter Keleghan
40821|Jimmy MacInnis
40822|John Fawcett
40831|Danny Bolero
40832|Jeffrey Hutchinson
40835|Yara Martinez
40839|Jake Wade Wall
40849|Brynn Baron
40852|Mark Brinker
40860|Chris Robson
40862|Tina Landini
40871|Janell Cox
40873|Roger Rose
40877|Cecilia Aranovich
40881|Avery Tiiu Essex
40883|Lowri Ann Richards
40908|Braeden Lemasters
40909|Nelson McCormick
40911|Carolyn Lefcourt
40918|John C. MacDonald
40922|Michal Bernstein
40923|Glenn Odero
40928|Moray Treadwell
40930|Denis Kostadinov
40932|Skye Little Wing Dimova-Saw
40933|Dylan Beam
40934|Sarah Sarandos
40935|Zainab Azizi
40939|David White
40949|Dick Beebe
40956|Kimberley Nixon
40964|Dario Poloni
40970|Alana Boden
40971|Stephanie Corneliussen
40972|Tian Chaudhry
40974|Scott Alexander Young
40975|Jessica M. Thompson
40981|Jack Roth
40982|Stefanie Yunger
40983|Teodora Djuric
40984|Lili Rich
40987|Jason Carvey
40993|Rome Shadanloo
40995|Reza Sixo Safai
41003|Joe Tippett
41005|Conor William Wright
41009|Thomas Francis Murphy
41030|James Edmond
41035|Roy Moore
41039|Xabier Elorriaga
41040|Miguel Picazo
41043|Paco Hernández
41044|Rosa Ávila
41074|Yukako Kukuri
41081|Sam Jaeger
41091|Alysson Paradis
41093|Nathalie Roussel
41095|Jean-Baptiste Tabourin
41097|Claude Lulé
41098|Hyam Zaytoun
41100|Emmanuel Guez
41105|Morgana O'Reilly
41107|Glen-Paul Waru
41108|Ross Harper
41110|Millen Baird
41112|Ryan Lampp
41113|Ian Mune
41114|Wallace Chapman
41122|Dalila Di Lazzaro
41125|Alberto Cracco
41126|Kaspar Capparoni
41133|J. Trevor Edmond
41136|James T. Callahan
41139|Julian Scott Urena
41140|Pía Reyes
41143|John Penney
41147|Mia Morrissey
41148|Karl Richmond
41149|Jack Kenny
41150|Francesca Waters
41152|Sarah Lang
41153|Rob Brown
41176|Graham Abbey
41184|Flo Fagerli
41187|Ralph Carlsson
41189|Katarzyna Herman
41200|Julian Grey
41201|Charles Vandervaart
41202|Donald MacLean Jr.
41207|Sofia Rosinsky
41212|Vijay Gupta
41213|Anup Kumar Sharma
41233|Kyle Field
41235|Jeff Man
41250|Park Sang-min
41255|Laurence Fox
41259|Kelly Hunter
41261|Jemma Powell
41264|Caroline Ip
41273|Yvonne Landry
41274|Samuel Garland
41278|Brian Rousso
41280|Christian James
41281|Reign Edwards
41284|Matt Mercurio
41286|Cynthea Mercado
41287|Stephen Conroy
41288|George Howard Adams
41292|William Penick
41304|Elisabeth Brooks
41309|Jake Watkins
41310|Katie McKenna
41311|Gus Fithen
41313|Simon Manley
41314|AJ Blackwell
41315|Venetia Cook
41316|Amy Blackthorne
41317|Jenna Harris
41318|Heather Jackson
41319|Louisa Warren
41320|Tom Jolliffe
41323|Lily Frazer
41324|Lily Knight
41327|Marcus Hutton
41338|Sarah Strange
41339|Nicholas Elia
41342|Brad Sihvon
41344|Niall Johnson
41353|Bryan Batt
41361|Struan Rodger
41362|Emma Fryer
41363|Esme Folley
41369|Amy Jump
41376|Evan Turner
41377|Theodore Turner
41385|Lluís Homar
41386|Pablo Derqui
41388|Joan Dalmau
41389|Julia Gutiérrez Caba
41391|Dani Codina
41392|Andrea Hermosa
41394|Guillem Morales
41399|Ken Olandt
41400|Mark Holton
41403|John Voldstad
41404|John Sanderford
41405|Pamela Mant
41407|Mark Jones
41409|Adrian Pasdar
41416|Marcie Leeds
41417|Kenny Call
41418|Edward Corbett
41426|Nicol Williamson
41445|Glenn Leopold
41446|Davis Doi
41454|Heather Robb
41455|Darryl Nau
41456|Brenda Cooney
41462|Kevin Bernhardt
41463|Ken Carpenter
41477|Ken Campbell
41481|Strapper
41482|Kathryn Gilfeather
41483|Grant Ibbs
41494|Eugenia Kuzmina
41495|Duke Mollner
41505|Laith Nakli
41506|Babak Tafti
41507|Nicole Kang
41511|Robin McLeavy
41513|Richard Wilson
41514|Victoria Thaine
41517|Suzi Dougherty
41518|Victoria Eagger
41519|Anne Scott-Pendlebury
41523|Suzy Kendall
41526|Umberto Raho
41530|Pino Patti
41531|Gildo Di Marco
41541|Shelly Lipkin
41542|Emily Sahler
41544|Brenton Montgomery
41552|Ellie Araiza
41553|Rahnuma Panthaky
41555|Jodi Long
41561|Frankie Muniz
41568|Nicole Oppermann
41570|Matthew Peterman
41574|Robyn Nevin
41577|Catherine Glavicic
41580|John Browning
41581|Robin Northover
41583|Christian White
41589|Rod Mullinar
41590|Joshua Tilden
41591|Michael Long
41592|Lisa Collins
41593|Paula Hudson-Brinkley
41594|Sharon Cook
41603|Joe Dixon
41604|Daire McMahon
41608|Peter Feeney
41609|Danielle Mason
41611|Min Windle
41612|Tammy Davis
41614|Oliver Driver
41622|Sean Lin
41629|Zhang Zhe Wai
41636|John Hensley
41638|James Kyson
41642|Luke Dawson
41644|Richard Brancatisano
41650|Lincoln Lewis
41652|Dan Wyllie
41653|Kimble Rendall
41656|S.P. Krause
41659|Dean Waite
41660|Jael Elizabeth Steinmeyer
41661|Kara Wang
41662|Brittany Hingle
41663|Carolina Sabate
41664|Trigve Hagen
41665|Rudy Galvan
41667|Michael Goi
41677|Lucas Donat
41678|Elizabeth Shepherd
41683|Rodolfo Sancho
41684|Ramón Barea
41685|Nerea Barros
41686|Belén Fabra
41688|Lucas Blas
41691|Ángel Gómez Hernández
41694|Víctor GaDo
41695|Juan Moreno
41712|Jonathan Freeman
41717|Lea Salonga
41725|Daan Jippes
41729|Sue C. Nichols
41735|Patrick A. Ventura
41740|James Fujii
41741|Paige O'Hara
41749|Bradley Pierce
41758|Tom Ellery
41774|Taliyah Blair
41808|Michael-Leon Wooley
41810|Jennifer Cody
41811|Peter Bartlett
41822|Jason Oremland
41824|Irene Bedard
41829|Judy Kuhn
41834|Mike Gabriel
41835|Eric Goldberg
41837|Carl Binder
41841|Joe Grant
41847|Rob Gibbs
41860|Melanie Hill
41875|Alan Zaslove
41880|Mirith J. Colao
41882|Steve Roberts
41883|Dev Ross
41884|Bob Roth
41885|Jan Strnad
41886|Brian Swenlin
41909|Riana Duce
41911|Miles Jupp
41930|Danny Kamekona
41931|Nobu McCarthy
41934|Joey Miyashima
41936|Marc Hayashi
41937|Charlie Tanimoto
41960|Adam Sevani
41961|Black Thomas
41965|Alison Faulk
41968|Karen Barna
41974|Eric MacLennan
42001|Slimane Dazi
42005|Ali Amine
42028|Ariel Waller
42029|Patrick Louis
42032|Cliff Hollingsworth
42041|Torri Higginson
42050|Jim Haynie
42051|Sarah Zahn
42055|Richard Lage
42067|John Putch
42074|Rory McDonald
42078|Sean Jones
42090|Matt Ward
42091|Miles Chalmers
42094|Lewis Colick
42103|Logan Macrae
42104|Bill Kelly
42108|Lucy Alibar
42114|Helen Carey
42129|Oliver Coleman
42131|Justin Chadwick
42153|Madhav Sharma
42160|Michael Hertzberg
42174|Lori Singer
42188|Patricia Reyes Spíndola
42196|Gregory Nava
42198|Clancy Sigal
42199|Anna Thomas
42202|André Dussollier
42205|Audrey Lamy
42213|Kathryn McCormick
42215|Misha Gabriel
42216|Stephen 'tWitch' Boss
42221|Steve Zurk
42222|Mia Michaels
42225|Jenny Mayer
42247|Luis Rosado
42255|Kendra Andrews
42257|Daniel 'Cloud' Campos
42262|Emily Meyer
42265|Leo McKern
42269|Elva Josephson
42271|Bradley Pryce
42272|Chad Timmerman
42279|JT Neal
42284|Michelle Giroux
42295|Brad James
42308|Marcel Borràs
42332|Pat Perkins
42341|Johnny Pacar
42342|Linzey Cocker
42345|Sophie Wu
42357|Doris Belack
42360|Murray Schisgal
42361|Don McGuire
42388|Jymn Magon
42420|Mark Kassen
42421|Daniel Spink
42422|Elijah Moreland
42426|Fenton Lawless
42430|Jen Smolka
42435|Blanca Portillo
42436|Yohana Cobo
42437|Chus Lampreave
42438|Antonio de la Torre
42441|Neus Sanz
42451|Mathilda Gianopoulos
42452|Meg Millidge
42459|Thibault Verhaeghe
42460|Joséphine Lebas-Joly
42461|Emmanuelle Grönvold
42463|Julia Faure
42465|Élodie Navarre
42466|Frédéric Geerts
42467|Yann Samuell
42488|Missy Doty
42490|Alysia Reiner
42515|Isabela Ferrer
42525|Ramón Langa
42532|Mojca Tirš
42533|Blanka Lipińska
42553|Imogen Stubbs
42568|Lou Myers
42575|Pamela Falk
42585|Sean Boyd
42586|Marcus Lyle Brown
42596|Clio Chiang
42597|Kendelle Hoyer
42607|Patrick Godfrey
42608|Saul Dibb
42609|Jeffrey Hatcher
42616|Brooke Tansley
42620|Nick Bacon
42634|Paul Weiland
42658|Amy Matysio
42661|Wendy Anderson
42663|Adam 'Tex' Davis
42678|Emmanuelle Riva
42680|Alexandre Tharaud
42682|Ramon Agirre
42683|Rita Blanco
42686|Laurent Capelluto
42700|Joshua Safran
42704|Herbert Nordrum
42708|Maria Grazia Di Meo
42710|Karen Røise Kielland
42718|David Alvarez
42738|Anya Kochoff
42756|Mae LaBorde
42757|Carlos Mencia
42776|Paige Butcher
42777|Tanya Sweet
42790|Charles Herman-Wurmfeld
42791|Kate Kondell
42793|Eve Ahlert
42794|Dennis Drake
42815|James Greene
42816|Ben Scholfield
42818|Elizabeth Chandler
42820|William Douglas-Home
42822|Kenny Wormald
42839|Diana Bracho
42859|Randy Brown
42867|Alexandra Artrip
42869|Caprice Benedetti
42881|Sianoa Smit-McPhee
42887|Michael Arlen Ross
42899|C. Jay Cox
42900|Douglas J. Eboch
42910|Paul Butler
42913|David Scearce
42919|Ian Lake
42923|Andres Joseph
42924|Simon Curtis
42936|Charlie Bean
42938|Andrew Bujalski
42950|Robert Ramsey
42953|Matthew Stone
42973|Lonny Ross
42976|Mackenzie Mowat
42978|Caroline Ford
42979|Mark Helfrich
42983|Erdil Yaşaroğlu
42984|Sabrina Elba
42987|Aamito Lagum
42992|Augusta Miller
43003|David Fonteno
43011|Kim Adams
43013|Stuart Regen
43025|Isabelle Candelier
43038|Heather McMahan
43040|Hernán Jiménez
43041|Daniel Mackey
43042|Rebecca Ewing
43063|Kerry Rossall
43066|Michael Browning
43074|Rip Taylor
43076|Joel Brooks
43081|Sunny Johnson
43082|Kyle T. Heffner
43086|Lilia Skala
43095|Alexxis Lemire
43098|Catherine Curtin
43099|Becky Ann Baker
43102|Alec Tincher
43103|Alice Wu
43122|Erykah Badu
43126|Phoebe Robinson
43128|Tina Gordon
43130|Jas Waters
43132|Alex Gregory
43135|Borys Szyc
43137|Cédric Kahn
43140|Adam Ferency
43141|Adam Szyszkowski
43145|Janusz Głowacki
43166|Tammin Sursok
43167|Roy Billing
43168|Julia Blake
43171|Jessica Bendinger
43176|Ricki Lake
43179|Darren E. Burrows
43187|Alexis Dziena
43192|Brian Hooks
43195|John Claflin
43196|Daniel Zelman
43203|Yasmin Paige
43205|Steffan Rhodri
43207|Osian Cai Dulais
43209|Otis Lloyd
43233|Judy Parfitt
43237|Rick Parks
43251|Moira Buffini
43254|James Andrew Fraser
43258|Sahar Bibiyan
43259|Cedric Cannon
43276|Marc Perrier
43277|Jacques Mayol
43287|Mary Louise Wilson
43288|Andre B. Blake
43289|Herbert Russell
43291|Gigi Levangie
43303|Evan Holtzman
43305|Mike Markoff
43306|Bryant Carroll
43313|Jean-Pierre Lorit
43315|Marion Stalens
43317|Bernard Escalon
43318|Jean Schlegel
43319|Elżbieta Jasińska
43331|Christopher Daniel Barnes
43333|John Kafka
43335|Jule Selbo
43336|Jill E. Blotevogel
43344|Adam Bregman
43346|Albie Marber
43347|Dome Karukoski
43358|Big Boy
43362|Harris Goldberg
43366|Dwight Ewell
43382|Rachel Kempson
43386|Kurt Luedtke
43394|Alex Bejar
43399|Sofía Cuenca
43404|Rachel Hilson
43407|Thomas Flynn
43410|Matthew López
43411|Ted Malawer
43418|Alix Elizabeth Gitter
43419|Carrie Wampler
43422|Annie Tedesco
43423|Jake Newsome
43424|Mikael Salomon
43443|Emma Louise Saunders
43446|Richard Ashton
43448|Karen Schaler
43457|Tom Bosley
43461|Kate Angelo
43483|Kate McGregor-Stewart
43484|Carmen Hayward
43493|Peyton Meyer
43496|Myra Molloy
43501|Solveig Dommartin
43502|Otto Sander
43503|Curt Bois
43506|Elmar Wilms
43507|Sigurd Rachman
43509|Bruno Rosaz
43511|Peter Handke
43512|Richard Reitinger
43523|Chris McHallem
43526|Olivia Hetreed
43533|Maddie Baillio
43535|Tallulah Greive
43552|Leslie Caveny
43559|Paxton Whitehead
43560|Spalding Gray
43562|Matthew Sussman
43575|Eric Silver
43581|Armand Verdure
43583|Corinne Masiero
43585|Jean-Michel Correia
43586|Yannick Choirat
43587|Mourad Frarema
43588|Fred Menut
43596|Dody Goodman
43599|Bobby Di Cicco
43601|Tony DiBenedetto
43614|Paula Jacobs
43618|Ruth Prawer Jhabvala
43646|Josh Zuckerman
43651|Alice Greczyn
43653|Charlie McDermott
43668|Patricia Drake
43670|Jeff Lowell
43678|David Agranov
43722|Paco Cabezas
43727|Gerard Hendrick
43728|Alaistair Foley
43729|Geoff Minogue
43731|Danuse Ktrestova
43748|Allen Estrin
43766|Dana Fuchs
43769|Spencer Liff
43770|Lisa Dwyer Hogg
43783|Todd Stashwick
43785|Lance Armstrong
43789|Leonor Watling
43790|Rosario Flores
43796|Malou Airaudo
43807|Florence Clery
43809|Emily Barclay
43824|Pat O'Connor
43826|Paul Yurick
43829|Arjan Aujla
43831|Sonya Jehan
43832|Zarina Wahab
43833|Adarsh Gourav
43838|Shibani Bathija
43860|Greer Grammer
43862|William Bindley
43863|Scott Bindley
43888|John Krokidas
43901|Roxana Ortega
43908|Julie Ferrier
43911|Héléna Noguerra
43912|Jacques Frantz
43915|Elodie Frenck
43916|Pascal Chaumeil
43917|Yohan Gromb
43938|Jim Piddock
43951|Karen Holness
43956|Michael Golamco
43965|Tom Courtenay
43972|Kevin Hood
43989|Maxime Bouttier
43990|Lucas Bravo
43991|Cintya Dharmayanti
43993|Dorian Djoudi
44005|Lauren Gros
44006|James Rackley
44007|Arielle Bowden
44008|Bethany Ashton Wolf
44014|Michelle Ryan
44015|Stuart Goodwin
44016|Frank Hesketh
44042|Tommy Nohilly
44048|Gowan Didi
44049|Johnny Amaro
44050|Johan Libéreau
44053|Christelle Benoit
44054|Patrick Hauthier
44055|Léticia Belliccini
44056|Laurent Bouhnik
44059|Jeremy London
44080|Nigel Cole
44081|Colin Patrick Lynch
44087|Sasha Spielberg
44098|Brian Backer
44099|Robert Romanus
44117|Adrian Hodges
44121|Fredro Starr
44124|Vince Green
44126|Elisabeth Oas
44127|Artel Great
44131|Cheryl Edwards
44136|Jenna Boyd
44141|Michael Rady
44157|Chris D'Arienzo
44169|Gillian Armstrong
44183|Pierce Gardner
44186|Maria Michi
44187|Giovanna Galletti
44191|Luce Marquand
44192|Marie-Hélène Breillat
44211|Margaret Heidenry
44212|Colleen Millea Ventimilia
44217|Burak Yiğit
44222|Andreas Schmitka
44224|Olivia Neergaard-Holm
44225|Eike Frederik Schulz
44240|Alan Trustman
44248|Colin McCormack
44260|Alan Vint
44262|John Carter
44263|Bryan Montgomery
44265|Charles Fitzpatrick
44275|Burl Moseley
44295|Lily Hollander
44307|Jeannine Roussel
44317|Dominique Bettenfeld
44319|Jean-Pierre Darroussin
44325|Travis Tedford
44331|Sam Saletta
44332|Blake Jeremy Collins
44337|Robert Wolterstorff
44338|Mike Scott
44351|Natalia Siwiec
44367|Shekhar Kapur
44369|Michael Hirst
44390|Sean Wing
44393|Moe Jelline
44400|Eileen Pollock
44402|Douglas Gillison
44420|Erika Linder
44421|Natalie Krill
44425|Melanie Leishman
44426|Andrea Stefancikova
44428|Elise Bauman
44430|April Mullen
44431|Stephanie Fabrizi
44439|Steve Furst
44440|Trevor Allan Davies
44444|Rebecca Lenkiewicz
44477|Candice Azzara
44478|Francine Beers
44491|Justin Rice
44504|Tyler Spindel
44513|Toru Saito
44528|Valerie Gogan
44540|Michael Greyeyes
44551|Ian Renwick
44560|Paul David Magid
44561|Howard Jay Patterson
44562|Randall Edwin Nelson
44563|Samuel Ross Williams
44564|Timothy Daniel Furst
44574|Peter Egan
44576|Jolyon James
44577|C. Gerod Harris
44578|Clare Kilner
44589|Michael Fox
44602|Julian Jarrold
44604|Sarah Williams
44617|Elaine Goldsmith-Thomas
44625|Jennifer Hall
44627|J. Todd Anderson
44641|Matt Allen
44642|Caleb Wilson
44649|Susan Ursitti
44653|Jim McKrell
44655|Jay Tarses
44664|Jeong-ho Choi
44665|Lee Ju-seok
44666|Lee Mi-suk
44667|Moon Sung-hyuk
44669|Jang Jae-yong
44682|Hallie Meyers-Shyer
44702|Cornelia Köndgen
44703|Thomas Weinhappel
44705|Philipp Heiss
44716|Dan O'Connor
44719|Barbara Johns
44722|Romeo
44725|Lonette McKee
44726|Zachary Isaiah Williams
44728|Al Shearer
44729|Jull Weber
44731|Alonzo Brown
44732|Kim Watson
44742|John Henry Cox
44758|Eric Radomski
44763|Michael Reaves
44770|Nicolas Bechtel
44774|Andrew Erwin
44799|Carmine Caridi
44813|Luke Snellin
44825|Christian Pagh
44826|Martine Demaret
44830|Selton Mello
44831|Rogério Cardoso
44832|Denise Fraga
44833|Diogo Vilela
44835|Virginia Cavendish
44836|Bruno Garcia
44837|Enrique Díaz
44838|Maurício Gonçalves
44839|Guel Arraes
44841|Adriana Falcão
44843|Ariano Suassuna
44865|Kumiko Tashiro
44872|Linda Moretti
44873|Mariano Rigillo
44875|Sergio Solli
44877|Nando Neri
44885|Jeffrey Bowyer-Chapman
44886|Anna Jullienne
44887|Claire Chitham
44888|Blair Strang
44889|Jonathan Martin
44890|William Walker
44891|Daniel Watterson
44892|Simone Walker
44894|Hilary Galanoy
44897|Brigitte Fossey
44899|Denise Grey
44900|Jean-Michel Dupuis
44901|Alexandre Sterling
44902|Sheila O'Connor
44903|Alexandra Gonin
44905|Laurent N'Diaye
44908|Danièle Thompson
44961|Grace Delaney
44966|Amy Morgan
44970|Nick Payne
44978|Ty Hillman
44980|Austin Schwarz
44992|Loudon Wainwright III
45003|G. Wood
45004|Judy Engles
45026|Robert Glenister
45050|Damon Daunno
45051|Yasha Jackson
45055|Nance Williamson
45057|Christina Mengert
45069|Andrea Seigel
45073|Harry Jarvis
45075|Isabelle Franca
45079|Scott Ryan Yamamura
45080|Monika Mitchell
45081|Cara J. Russell
45089|Chelsea Bond
45091|Joe Bellan
45098|Adhir Kalyan
45100|Shannon Walsh
45101|Kara Young
45102|Meg Gibson
45103|C.J. Hoff
45113|J. Michael Oliva
45130|Joe Shrapnel
45135|Uwe Kockisch
45136|Josefine Preuß
45138|Katharina Thalbach
45139|Veronica Ferres
45141|Sibylle Canonica
45158|Raquel Castro
45174|Jackie Shultis
45178|Doug Kershaw
45181|Pif
45183|Rosario Lisma
45184|Barbara Tabita
45185|Alex Bisconti
45186|Ginevra Antona
45189|Turi Giuffrida
45190|Roberto Burgio
45203|Kwon Sung-hyuk
45209|Jeong Woo-cheol
45213|Daphné Patakia
45216|Louise Chevillotte
45219|David Clavel
45229|Mary Page Keller
45230|Keegan Boos
45233|Amanda Payton
45234|Mike Mills
45241|Stephanie Farrow
45245|Van Johnson
45264|Gregg Edelman
45281|Leslie Silva
45283|Robert Farrior
45296|Kyle Newman
45297|John D'Arco
45303|Edgar Canham
45307|Julia Ford
45313|Angélica Aragón
45318|Don Amendolia
45319|Juan Jiménez
45322|Mark Miller
45323|Harvey Weitzman
45326|Margaret Whitton
45330|Dwight Weist
45331|Roderick Cook
45333|Justine Johnston
45340|Sherry Miller
45346|Brooke D'Orsay
45351|Steve Hamilton Shaw
45359|Boo Jackson
45370|Sandra Voe
45372|Mikkel Gaup
45397|Harry Peacock
45413|Harper Dill
45415|Tami Sagher
45420|Amy Brooks
45424|Johnny Green
45435|Jill Eikenberry
45436|Jonathan Epstein
45439|Jennie Snyder Urman
45446|Julia Barrett-Mitchell
45452|Matthew Daddario
45453|Ryan Ward
45456|Danny Flaherty
45457|Gary Betsworth
45458|Dean Kapica
45484|Jamie Thomas King
45493|Annelise Hesme
45496|Romain Apelbaum
45497|François Bergoin
45506|Julie Bovasso
45508|Louis Guss
45511|Norman Jewison
45547|Richard Loncraine
45558|Coronji Calhoun
45573|Ciara Charteris
45575|Emma Jensen
45578|Claudio Bigagli
45579|Giuseppe Cederna
45582|Ugo Conti
45583|Memo Dini
45585|Luigi Montini
45586|Irene Grazioli
45598|Dylan Everett
45599|Jason Mraz
45601|Kara Holden
45603|Patrick Kopka
45613|Manu Narayan
45618|Monia Chokri
45622|Anne-Élisabeth Bossé
45623|Olivier Morin
45624|Magalie Lépine-Blondeau
45625|Éric Bruneau
45626|Gabriel Lessard
45631|Quincy Brown
45633|Ron Cephas Jones
45636|Kevin Hanchard
45637|Ali Hassan
45639|Romaine Waite
45640|Bradley Walsh
45641|Amyn Kaderali
45650|James Lally
45656|Aleisha Allen
45660|Henry Simmons
45662|Viv Leacock
45663|Sean Millington
45665|Steven Gary Banks
45666|Claudia Grazioso
45693|Matthew Shaw
45701|Eddie Campbell
45702|Brooke Williams
45704|Kalani Queypo
45705|Madeleine Sami
45718|Ben Palmer
45725|Alberta Watson
45735|Mark Amin
45752|Peter Simonischek
45773|Alison Bagnall
45775|Nick Ainsworth
45777|Beth David
45778|Esteban Bravo
45787|Emmy Wheeler
45798|Joan Severance
45799|Harry Caesar
45805|Eric Lerner
45806|Louis Venosta
45821|Tom Jankiewicz
45827|Amerie
45830|Lela Rochon
45833|Hollis Hill
45834|Ken Moreno
45867|Ahmed Hamidi
45874|Grégory Montel
45879|Christine Lenig
45892|John Fortenberry
45908|Ghilherme Lobo
45909|Fábio Audi
45910|Tess Amorim
45913|Selma Egrei
45914|Isabela Guasco
45915|Victor Filgueiras
45917|Guga Auricchio
45918|Daniel Ribeiro
45942|Andrew Jarecki
45943|Marcus Hinchey
45955|David Mirkin
45956|Robert Dunn
45967|Moey Hassan
45968|Melanie Kilburn
45985|Carter John Grout
45988|Ami Tredrea
46048|Victor Lanoux
46053|Willy Millowitsch
46056|Robert Klane
46061|Rish Shah
46063|Talia Ryder
46065|Ava Capri
46066|Jonathan Daviss
46076|Michael Maloney
46081|Richard Eyre
46088|Robert King
46089|James Lipsius
46093|Elise Durán
46102|Alano Miller
46103|Terri Abney
46113|John Guerrasio
46114|Andy Lucas
46115|Simon Dutton
46125|Michelle Grisom
46126|Desmond Robertson
46128|Shanelle Henry
46130|Deborah Dean Davis
46149|Andrea Chaparro
46156|Dennis Mojen
46157|Lisa Hagmeister
46160|Hans-Jochen Wagner
46162|Zoë Straub
46163|Bettina Hoppe
46164|Saladin Dellers
46165|Oliver Kienle
46171|Fritz Wepper
46175|Sigrid von Richthofen
46177|Bob Fosse
46179|Jay Presson Allen
46180|Joe Masteroff
46181|Fred Ebb
46185|Giulia Louise Steigerwalt
46201|Rob Kerkovich
46204|Bart Freundlich
46206|Caterina Ferioli
46207|Simone Baldasseroni
46212|Eco Andriolo Ranzi
46213|Nicky Passarella
46214|Sveva Romano Candelletta
46215|Laura Baldi
46218|Eleonora Fiorini
46226|Jeffrey Wiseman
46227|Brian Price
46228|Jamie Wild
46232|Paul Rust
46233|Jack Carpenter
46235|Lauren Storm
46237|Jared Keeso
46242|Larry Doyle
46243|Anouck Hautbois
46244|Benjamin Bollen
46246|Alexandre Nguyen
46247|Antoine Tomé
46250|Martial Le Minoux
46251|Flora Kaprielian
46252|Franck Tordjman
46255|Bettina López Mendoza
46266|Brian Marc
46290|Micah A. Hauptman
46296|Tom Jackson
46298|Nicholas Holmes
46305|Frank Baldwin
46312|Kristin Herrera
46313|Jaclyn Ngan
46314|Sergio Montalvo
46315|Jason Finn
46324|Michael Aronov
46327|Tobias Segal
46328|Michaël R. Roskam
46348|Cesare Danova
46350|George Memmoli
46369|Stanley Weiser
46390|Meta King
46405|Bryan Goluboff
46410|Barbara Eda-Young
46411|Cornelia Sharpe
46414|Allan Rich
46415|Norman Ornellas
46418|Norman Wexler
46427|Michael Jenn
46428|Carole Ann Wilson
46437|Louis Cancelmi
46449|Brian Vernel
46453|Andre Flynn
46454|Michael Noer
46458|Victor Jory
46462|Woodrow Parfrey
46465|Ratna Assan
46466|Franklin J. Schaffner
46468|Dalton Trumbo
46475|Charlotte Driscoll
46478|Stella Rae Payne
46483|Eric Deulen
46485|Elias McConnell
46486|Jordan Taylor
46489|Brittany Mountain
46490|Alicia Miles
46491|Kristen Hicks
46495|Irandhir Santos
46497|Pedro Van-Held
46501|Tainá Müller
46503|André Mattos
46524|Sally Wainwright
46534|Mark Wheeler
46537|Björk
46545|Vincent Paterson
46568|JP Karliak
46582|Mal Z. Lawrence
46583|John Dahl
46611|Anthony Harrison
46620|Brian McCardie
46634|Frédérique Tirmont
46635|Marc Faure
46636|Haruhiko Hirata
46640|Brad Davis
46648|Mike Kellin
46652|Billy Hayes
46653|William Hoffer
46661|Lance Fenton
46669|Philippe Lefebvre
46671|Saïd Amadis
46673|Claude Brosset
46675|Youssef Hamid
46690|Emily Spivey
46698|Rungrawee Barijindakul
46700|Nudhapol Asavabhakhin
46726|Sofia Stavrinou
46727|John Parshall
46734|Katherine Borowitz
46739|Christopher Kriesa
46750|Robert Clotworthy
46754|Judd Winick
46760|Bruce Mahler
46764|Art Metrano
46766|Jerry Paris
46774|Jean-Philippe Ricci
46775|Gilles Cohen
46778|Foued Nassah
46802|Kerry Sherman
46818|Kim Byeong-soon
46845|Léon-Pierre Mondini
46846|Bernard Llopis
46860|Mark Cullen
46861|Robb Cullen
46874|John Blumenthal
46875|Michael Berry
46896|Catalina Denis
46897|Ayisha Issa
46913|Harry Kleiner
46914|Troy Kennedy Martin
46925|Paul Butler
46942|A$AP Rocky
46946|Chanel Iman
46949|Tyga
46950|Rick Famuyiwa
46960|Danny Epper
46974|Anthony Mockus Sr.
46993|Dion Mucciacito
47006|Earl Cameron
47008|Michael Wright
47013|Brian Ward
47022|Luis Da Silva, Jr.
47046|Michael P. Moran
47047|Novella Nelson
47050|Maeve McGuire
47053|Frederick Knott
47065|Kathleen Rowell
47067|Louise Monot
47071|Pierre Bellemare
47075|Moon Dailly
47078|Jean-François Halin
47106|Vincent Pastore
47127|Ross Thomas
47140|Marina Hands
47146|Dennis Miller
47151|Daniel Schorr
47168|Jay Basu
47191|Ari Elizabeth Johnson
47192|Teagan Johnson
47193|Gene Jones
47219|Fernando Vargas
47231|Georgina Chapman
47240|Irina Björklund
47241|Lars Hjelm
47244|Silvana Bosi
47245|Anton Corbijn
47265|Seth Numrich
47271|Michael German
47276|Jacob Ericksson
47278|Anders Ahlbom Rosendahl
47281|Mirja Turestedt
47283|Ulf Ryberg
47286|Tracey Cherelle Jones
47290|Rappin' Granny
47291|Suli McCullough
47294|Paris Barclay
47305|Jack Gwaltney
47309|Lawrence Wright
47345|Adam Robert Worton
47353|Renoly Santiago
47360|Rafael Moreu
47365|Alicia Goranson
47366|Alison Folland
47367|Jeannetta Arnette
47368|Rob Campbell
47369|Matt McGrath
47370|Cheyenne Rushing
47372|Andy Bienen
47399|Daniel Kunka
47406|Jimmy Yuill
47411|Hannah Shakespeare
47417|Luigi Lo Cascio
47418|Bruno Cariello
47420|Rosario Palazzolo
47421|Nicola Calì
47427|Francesco Piccolo
47464|Linda Eve Miller
47467|Dennis Shryack
47483|Moses Jones
47493|Kenza Fortas
47494|Michaël Abiteboul
47495|Idir Azougli
47503|David Yow
47506|Christine Woods
47548|Naidra Ayadi
47552|Noé Debré
47582|Andrew Shim
47585|Rosamund Hanson
47587|Perry Benson
47588|George Newton
47612|Amari Cheatom
47626|Scott Wascha
47628|John Tormey
47646|Laurence Kinlan
47658|Suhail Dabbach
47671|Jerome Le Page
47673|Brian Rogalski
47692|Avery Duff
47704|Gilles Paquet-Brenner
47713|Weronika Rosati
47717|Alessandro Camon
47724|Héloïse Balster
47763|Sergio Cota Jr.
47764|Alfred Chou
47774|Tim Kazurinsky
47787|Pun Bandhu
47791|Jeff Whitty
47797|Valentina Alexeeva
47799|Eivind Sander
47801|Joachim Rafaelsen
47804|Ulf Rydberg
47814|Alexander Settineri
47825|Saidah Arrika Ekulona
47841|Robert Getchell
47847|George Hearn
47853|David Aaron Cohen
47855|Vincent Patrick
47865|Mourade Zeguendi
47866|Driss Spinosa
47876|Octavius J. Johnson
47881|Nicolas Saada
47897|Yancy Butler
47898|Sven-Ole Thorsen
47913|Jon Kit Lee
47914|Edoardo Ballerini
47918|John Jarrell
47926|Christian George
47941|John Forgeham
47943|Chris Nahon
47952|Alan Mehdizadeh
47954|Scoop Wasserstein
47955|Chiedu Agborh
47963|JoeyStarr
47966|Joséphine Berry
47970|Alexandre de La Patellière
47972|Matthieu Delaporte
47974|Claudio Amendola
47978|Giulia Elettra Gorietti
47981|Antonello Fassari
47985|Sandro Petraglia
47987|Giancarlo De Cataldo
47990|Nicolas Duvauchelle
47993|Karole Rocher
47994|Emmanuelle Bercot
47997|Arnaud Henriet
48009|Lorenzo Pisoni
48024|Cassandra Bell
48026|Wayne Kramer
48035|Darlanne Fluegel
48037|Larry Romano
48041|Richard Smith
48042|Henry Rosenbaum
48048|Jeff Michalski
48073|Levi Kreis
48074|Derk Cheetwood
48080|Gianfelice Imparato
48084|Marco Macor
48085|Salvatore Abruzzese
48087|Salvatore Ruocco
48088|Carmine Paternoster
48102|Dusan Dukic
48109|Jonathan Wakeham
48114|Mo'Nique
48118|Brian Austin Green
48119|Ian Ziering
48122|Steve Barancik
48131|Robert Baker
48133|Terry Loughlin
48158|Kieran Hodgson
48160|Tom George
48161|Mark Chappell
48181|Rosemary Forsyth
48183|Suzie Plakson
48186|Carlos Gallardo
48187|Consuelo Gómez
48190|Reinol Martinez
48191|Ramiro Gómez
48195|Poncho Ramon
48212|Stefano Fresi
48213|Paolo Calabresi
48214|Libero De Rienzo
48216|Pietro Sermonti
48217|Marco Bonini
48227|Jonas Strand Gravli
48229|Jon Øigarden
48235|Marit Andreassen
48236|Øystein Martinsen
48244|Robert Wall
48248|Little Unicorn
48253|Justin Pierce
48256|Yakira Peguero
48260|Sajan Bhagat
48262|Larry Clark
48265|Jim Lewis
48271|Preeya Kalidas
48283|Philippe Torreton
48284|Daniel Duval
48287|James Deano
48288|Laouni Mouhid
48289|Fabrice Feltzinger
48291|Patrick Alessandrin
48304|William M. Finkelstein
48317|Barney Clark
48321|Edward Hardwicke
48322|Leanne Rowe
48324|Chris Overton
48326|Teresa Churcher
48332|Jordan Garrett
48335|Stuart Lafferty
48344|William McNamara
48350|Bob Greene
48352|David Madsen
48357|Aldo Maccione
48358|Antonio Catania
48359|Giovanni Esposito
48361|Frank Crudele
48362|Giovanni Cacioppo
48363|Paolo Dell'Orto
48370|Paolo Cananzi
48375|Walter Fontana
48388|Lee Stringer
48389|Darryl Cox
48406|Steve Lemme
48410|Erik Stolhanske
48444|Jerzy Kromolowski
48445|Mary Olson-Kromolowski
48454|James Otis
48467|James Wing Woo
48468|Lou Gilbert
48469|John Schlesinger
48482|Noah Miller
48484|Andy Weiss
48493|Renee Props
48505|Whitney Goin
48514|Monique Mercure
48529|John J. Fox
48562|Cory Everson
48564|Alan Scarfe
48565|Andy Armstrong
48583|Ernesto Gómez Cruz
48599|Grant Singer
48610|Robert Urich
48613|Christine White
48614|Adele Yoshioka
48621|Lumi Cavazos
48624|Teddy Wilson
48625|Donny Caicedo
48644|Jessie Mei Li
48648|Quelin Sepulveda
48652|Michelle Waterson-Gomez
48660|Alexia Fast
48663|Arsinée Khanjian
48668|David Fraser
48684|Lee Oakes
48689|Plan B
48691|Daniel Barber
48692|Gary Young
48695|Gisele Bündchen
48700|Ana Cristina Oliveira
48701|Magali Amadei
48702|Ingrid Vandebosch
48715|Janni Brenn
48716|John Vickery
48725|Regine Nehy
48726|Jaishon Fisher
48729|Neil LaBute
48731|Howard Korder
48737|Percy Daggs III
48742|Andrea Estella
48743|Rob Thomas
48744|Diane Ruggiero
48750|Garvin Cross
48751|Morgan Lam
48754|Fred Andrucci
48756|Fibe Ma Mei-Ping
48770|Ehud Lavski
48775|Justine Waddell
48776|Nicholas Lea
48780|Damon Johnson
48790|Jamar Malachi Neighbors
48793|Peter Atencio
48794|Alex Rubens
48824|Peter Carey
48825|Barbara Coven
48827|Ryann Campos
48841|Danny A. Abeckaser
48863|Colin McCredie
48866|Frances Low
48867|Robert David MacDonald
48871|Jonathan Silverman
48886|Jacques Ciron
48891|Yorgo Voyagis
48911|William Converse-Roberts
48915|Peggy Miley
48919|Shimon Yehuda Hayut
48920|Cecilie Fjellhøy
48921|Pernilla Sjöholm
48922|Ayleen Charlotte
48924|Erlend Ofte Arntsen
48925|Natalie Remøe Hansen
48926|Felicity Morris
48961|Wes Chatham
48972|Dorien Davies
48978|Dee Austin Robertson
48987|Jacopo Olmo Antinori
48990|Donato Carrisi
48999|Jimmy Walker
49001|Erik Rondell
49003|Anthony Fingleton
49005|Jeff Dixon
49006|Scott Windhauser
49012|Jade Yorker
49013|David V. Thomas
49014|Setu Taase
49016|James Earl
49017|Phil Joanou
49023|Alexander Babara
49025|Ekaterina Baker
49027|Dylan Flashner
49055|Robert Knott
49060|Thomas Coombes
49062|Lauryn Ajufo
49064|Ross Waiton
49065|Dan Li
49074|Barry Kivel
49075|Mary Mara
49076|Susie Bright
49094|Sam Montgomery
49100|Alan North
49107|Arne Sultan
49108|Earl Barret
49109|Andrew Kurtzman
49123|Ken Lerner
49136|Raúl García Forneiro
49144|Jack Walsh
49148|Bob Davis
49149|Peter Syvertsen
49157|Ene Oloja
49160|Rafael Sardina
49163|Roderick Taylor
49164|Cynthia Mort
49165|Bruce A. Taylor
49172|Del Henney
49174|Donald Webster
49175|Ken Hutchison
49176|Len Jones
49177|Sally Thomsett
49184|Julieth Restrepo
49186|David Valencia
49189|Matthew Moreno
49218|Scott Myers
49219|Steven Siegel
49236|Skye McCole Bartusiak
49237|Guy Torry
49252|Spencer Curnutt
49253|Aislinn DeButch
49255|Olivia Wickline
49257|Andy Bellin
49261|Silvia D'Amico
49263|Alessandro Bernardini
49265|Elisabetta De Vito
49268|Claudia Ianniello
49269|Claudio Caligari
49273|Giordano Meacci
49280|Denise Dowse
49292|Salva Reina
49297|Adelfa Calvo
49298|Alberto Rodríguez
49306|Tawanda Manyimo
49307|Nash Edgerton
49319|Inma Cuesta
49320|Elvira Mínguez
49323|Sara Sálamo
49344|Bill Ackman
49345|Jonathan Alpert
49347|Daniel Alpert
49349|Gylfi Zoega
49350|Andri Snær Magnason
49351|Paul Volcker
49352|Dominique Strauss-Kahn
49353|Charles Ferguson
49376|Elisa Gallay
49393|Jasmine Trinca
49399|Mark Billingham
49401|Ade Oyefeso
49410|Richard Robichaux
49417|Skip Hollandsworth
49426|Harry O'Toole
49430|Stacy Sherman
49431|Liz Brixius
49452|Clarence Williams III
49468|Sullivan Walker
49476|Florencia Lozano
49478|Kathleen Chalfant
49488|Tsuyoshi Abe
49493|Dan Haggerty
49495|Josh Lieb
49507|Noah Haidle
49509|Mykel Shannon Jenkins
49512|Marko Zaror
49528|Michel Duchaussoy
49531|Abdel Raouf Dafri
49533|DMX
49541|Michael Jace
49546|Rémy Belvaux
49547|André Bonzel
49548|Jacqueline Poelvoorde-Pappaert
49549|Valérie Parent
49551|Jenny Drye
49552|Malou Madou
49553|Willy Vandenbroeck
49554|Nelly Pappaert
49571|Rosie Fellner
49598|Tim Rose Price
49604|Anton Rodgers
49605|Barbara Harris
49610|Nicole Calfan
49620|Audrie Neenan
49622|Michael Currie
49627|Joseph Stinson
49647|David Anthony Marshall
49648|Andrew Divoff
49661|Derek DelGaudio
49676|Shannon Kane
49680|Michael C. Martin
49698|Bernardo Badillo
49701|Kim Yarbrough
49703|John Patton Ford
49713|Jessie Ennis
49723|Isak Férriz
49724|Miquel Gelabert
49725|Florin Opritescu
49727|Àlex Monner
49728|Lluís Quílez
49749|DeVeren Bookwalter
49751|Samantha Doane
49752|Robert F. Hoy
49755|Stirling Silliphant
49757|Gail Morgan Hickman
49758|S.W. Schurr
49759|Giuseppe Cristiano
49763|Fabio Tetta
49765|Giulia Matturro
49766|Antonella Stefanucci
49767|Fabio Antonacci
49770|Niccolò Ammaniti
49771|Francesca Marciano
49776|Johnny Lewis
49781|Vincent Miller
49792|Yana Marinova
49803|Nafessa Williams
49805|Carsyn Taylor
49807|Deon Taylor
49819|Justin Copeland
49836|Nicolette Robinson
49838|Autumn Best
49840|Kelley Jakle
49843|Matt Visser
49859|Brian McElroy
49860|Frankie Acciarito
49862|Stella Keitel
49863|Dana Dee
49867|Anthony Ruggiero
49892|Platon Kamenev
49894|Oleg Negin
49899|Gérard Lanvin
49918|Greg Marcks
49923|Mélanie Doutey
49925|Guillaume Gouix
49947|Greg O'Connor
49965|Rod Paradot
49968|Arthur Aspaturian
49969|Sébastien Lalanne
49971|Alexandre Philip
49972|Stephen Scardicchio
49978|Steven Keats
49984|Fred J. Scollay
49985|Michael Winner
49988|Gerald Wilson
49993|Valeria Santaella
49994|Vinny O'Brien
49997|Alejandro De Los Monteros
49998|Robert 'Rock' Galotti
50000|Robert Archer Lynn
50008|Ronnie Claire Edwards
50010|Darwin Gillett
50011|Buddy Van Horn
50013|Durk Pearson
50014|Sandy Shaw
50021|Ashley Versher
50022|Mike Merrill
50024|Shalèt Monique
50025|Diva Tyler
50037|Winai Poonpermsiri
50039|Piyaros Thongdee
50040|Joe Wannapin
50043|Napalee
50046|Hays Wellford
50049|Sean Hartley
50051|Loi Nguyen
50053|Chuck Kull
50057|Eva Melander
50059|Jörgen Thorsson
50060|Ann Petrén
50064|Andreas Kundler
50065|Matti Boustedt
50068|Isabella Eklöf
50077|Orion Carrington
50078|Matthew Blood-Smyth
50079|David DeLao
50080|Hilary Fleming
50083|Weronika Tofilska
50118|Terry Milam
50126|John Finn
50133|David Griffiths
50134|Peter Griffiths
50148|Suzanne Heathcote
50152|Eli Danker
50156|Ivaylo Geraskov
50160|Boaz Davidson
50162|James Townsend
50169|David Haskell
50170|Rebecca Stanley
50171|Al Israel
50175|Robert J. Avrech
50180|Steve Whitmire
50181|Eric Jacobson
50184|David Rudman
50194|Jean-Pierre Malo
50196|Jean-Michel Noirey
50197|Laurent Gamelon
50199|Vincent Moscato
50234|D.L. Walker
50255|Tina Lifford
50274|Kurt McLeod
50288|Rowdy Herrington
50290|Marty Kaplan
50296|James Coco
50301|Robert Moore
50302|Neil Simon
50304|Anaïs Demoustier
50309|Sofian Khammes
50311|Stéphane Bak
50314|Olivier Demangel
50322|Henning Peker
50323|Laurens Walter
50324|Uwe Rohde
50330|Sally Yeh
50343|Amanda Redman
50345|Cavan Kendall
50346|Julianne White
50347|Álvaro Monje
50348|Robert Atiko
50349|Nieves del Amo Oruet
50351|Louis Mellis
50352|David Scinto
50363|Simon Stone
50369|Sam Wanamaker
50373|Darren McGavin
50375|Mordecai Lawner
50377|John Irvin
50380|Luciano Vincenzoni
50381|Sergio Donati
50401|Reginald Ballard
50403|Jullian Roy Doster
50406|Tyger Williams
50418|Ron Yuan
50419|Ben Ramsey
50420|Michael Andrews
50444|Yuri Zeltser
50455|Michael Taliferro
50474|Andrea Sartoretti
50475|Domenico Diele
50479|Carlo Marino Altomonte
50480|Riccardo Angelini
50482|Leonardo Valenti
50483|Barbara Petronio
50503|Tony Caprari
50504|Kate Normington
50505|Ian Bruce
50518|Gary Werntz
50525|Sierra Pecheur
50527|Kathy Larson
50528|David Milford
50529|Judson Vaughn
50530|John Zarchen
50532|Stephen Levy
50550|Luis Luque
50554|Juan Alari
50555|Fabián Arenillas
50556|Darío Levy
50559|Alex Zito
50572|Paul Zbyszewski
50608|Kyle Clements
50609|Peter Navy Tuiasosopo
50625|Jens Dahl
50633|Birdy Sweeney
50639|Percelle Ascott
50645|Marilyn Nnadebe
50646|Antonio Aakeel
50647|Paddy Wallace
50648|Babak Anvari
50650|Namsi Khan
50659|Jesse Todd
50685|Rockets Redglare
50687|Timothea
50688|L.C. Drane
50705|Joely Fisher
50707|Kim Rosen
50708|Emily Topper
50711|Liam Pileggi
50715|Manu Boyer
50716|Leslie Greif
50724|George Tchortov
50726|Phillip Forest Lewitski
50737|Ryan Winkles
50743|Sonja Richter
50744|Mikkel Boe Følsgaard
50745|Søren Pilmark
50746|Peter Plaugborg
50747|Per Scheel Krüger
50749|Øyvind Fabricius Holm
50750|Divya Das
50753|Jussi Adler-Olsen
50760|Tom Budge
50764|Marko Jovanović
50775|W.R. Brown
50776|Norm Tobin
50791|Tatum O'Neal
50795|Jessie Lee Fulton
50798|P.J. Johnson
50870|Herbert Siguenza
50896|Jessie Cave
50923|J.K. Rowling
50928|Livvy Stubenrauch
50932|Maia Wilson
50976|Delaney Rose Stein
50994|Skandar Keynes
51003|Ann Peacock
51019|Greg Taylor
51020|Jim Strain
51043|Tony Bancroft
51047|Eugenia Bostwick-Singer
51058|Tim Hodge
51174|Micah Fitzerman-Blue
51177|Raymond Ochoa
51184|Marcus Scribner
51213|Gad Elmaleh
51223|Jason Raize
51227|Joan Copeland
51243|Broose Johnson
51255|Rick Jones
51260|Susan Gauthier
51262|Bruce Graham
51269|Katelyn Mager
51302|Andy Devine
51303|Monica Evans
51305|Terry-Thomas
51307|Carole Shelley
51308|Roger Miller
51349|Shannon Tindle
51366|Ruby Barnhill
51374|Geoffrey Wade
51377|Lewis MacDougall
51382|James Melville
51383|Oliver Steer
51386|Max Gabbay
51391|Adrian Alonso
51396|Raúl Méndez
51397|Brandon Wood
51418|Céline Garcia
51427|Paul Baker
51428|John Bilezikjian
51433|Riley Osborne
51446|Irena Brignull
51456|Steven Tyler
51459|Daniel Shere
51462|William Joyce
51473|Sheila Gish
51475|Peter Diamond
51478|Peter Bellwood
51510|Harry Newell
51514|Theodore Chester
51521|Sandahl Bergman
51523|Cassandra Gava
51524|Gerry Lopez
51529|Edward Summer
51541|Ulli Ackermann
51546|Will Ryan
51554|Tony Geiss
51556|Stu Krieger
51559|Toby Froud
51560|Shelley Thompson
51561|Christopher Malcolm
51563|David Shaughnessy
51564|Ron Mueck
51570|Dennis Lee
51574|Joe Flynn
51591|Fred Lucky
51592|Dick Sebast
51597|John DeSantis
51607|Gints Zilbalodis
51608|Matīss Kaža
51616|Rebekah Kennedy
51638|Preston Nyman
51643|Billy Eichner
51652|Sarah Jeffery
51653|Brenna D'Amico
51655|Zachary Gibson
51670|John Orloff
51678|David Kennedy
51683|Gregg Chabot
51698|Harriet Owen
51703|Andrew McDonough
51707|Quinn Beswick
51708|Robin Budd
51709|Temple Mathews
51719|Aaron Jackson
51721|Toby Halbrooks
51724|Jayden Fowora-Knight
51745|Marnix Van Den Broeke
51765|Juliette Brewer
51769|Sandra Dickinson
51774|David Steven Cohen
51775|Cliff Ruby
51786|Emilie Hetland
51794|Phil Fondacaro
51811|Wolf Christian
51817|Dennis Storhøi
51818|Vladimir Kulich
51820|Anders T. Andersen
51826|Warren Lewis
51828|Max Records
51837|Pepita Emmerichs
51846|Fridtjov Såheim
51849|Yusuf Toosh Ibra
51850|Ameli Olving Sælevik
51872|Patrick Mille
51874|Julien de Saint Jean
51876|Julie de Bona
51915|Bailey Ryon
51925|Tyler McKinney
51926|Zoe Salmon
51927|Lino Facioli
51928|Eric Marshall
51939|Colin Moody
51964|Morgan Benoit
51965|Jack Posobiec
51967|Juana Collignon
51971|Harry Treadaway
51979|Lucinda Dryzek
51995|Jonathon E. Stewart
51998|Aaron Harris
52002|Dominique Jennings
52004|Skyler Stone
52007|Ray DeLaurentis
52008|William Schifrin
52013|Madeleine Madden
52018|Madelyn Miranda
52033|Horatio Sanz
52039|Ellen Rapoport
52065|Gerard Plunkett
52067|Connor Christopher Levins
52074|Dilshad Vadsaria
52076|Bianca Kajlich
52078|Samuel Johnston
52079|Jack Foley
52100|Sean Kanan
52101|Jonathan Avildsen
52108|David Henrie
52113|Jennifer Alden
52115|Jennifer Stone
52122|Pat Carroll
52131|Elizabeth Anderson
52140|Alex Ferris
52148|Candy Candido
52149|Diana Chesney
52151|Alan Young
52153|Ellen Fitzhugh
52165|Matthew O'Callaghan
52187|Jean Bejote Njamba
52203|Yongxin Wang
52214|China Anne McClain
52236|Angelique Cabral
52239|Jennifer Kumiyama
52243|Fawn Veerasunthorn
52246|Allison Moore
52266|Kyle Gass
52268|Ronnie James Dio
52299|Sally Brunski
52300|Alexandru Potocean
52335|Imogene Coca
52338|Eddie Bracken
52389|Kaya McLean
52391|Helen Sadler
52394|Nell Benjamin
52435|Ron L. Brinkerhoff
52458|Ely Henry
52480|John C. Richards
52503|Emma Volk
52504|Ian Chen
52506|Gail Mancuso
52530|Antony Hickling
52531|Dashiell Eaves
52533|Cooper Daniels
52573|Tyler Nilson
52607|John Newton
52608|David Kriegel
52610|Sam Behrens
52637|Ben Gluck
52638|Carolyn Gair
52639|Chris Otsuki
52642|Arturo A. Hernandez
52644|Nick Filippi
52658|Christina Sotta
52685|Stacey Harman
52688|Olivia Morris
52694|Twinkle Sharma
52698|Vijayendra Prasad
52718|Sami Samir
52726|Ray McAnally
52732|Bercelio Moya
52733|Sigifredo Ismare
52747|Louis Sachar
52755|Mark O'Neal
52756|Robert Orr
52757|Richard Ryan
52767|Lauri Fraser
52769|Benjamin Deters
52773|Brian Kesinger
52774|Justin Fletcher
52775|John Sparkes
52778|Kate Harbour
52779|Tim Hands
52782|Emma Tate
52783|Jack Paulson
52799|Howard Klausner
52805|Sean Gilder
52806|Julian Bleach
52807|Marcus Wesley
52808|Robin Smith
52809|Jeetu Verma
52810|Catinca Untaru
52814|Nico Soultanakis
52816|Tommy Caldwell
52818|Sanni McCandless
52819|Mikey Schaefer
52820|Cheyne Lempe
52821|Mark Synnott
52828|Jacky Nercessian
52832|Gérard Chaillou
52833|Serge Bagdassarian
52836|Jacques Tardi
52837|Roger Carel
52839|Lionnel Astier
52842|Élie Semoun
52843|Guillaume Briat
52864|John Nickle
52881|Amy Green
52887|Cathianne Blore
52895|Susan Sheridan
52896|John Byner
52902|Lindsay Rich
52903|Brandon Call
52907|Paul Terry
52913|Jane Leeves
52929|Paul Ritter
52932|Jeremy Brock
52952|Luca Zingaretti
52954|Fabrizio Rongione
52986|Ruthie Ann Miles
52999|James Aaron Oliver
53006|Tristan Rogers
53017|Byron Simpson
53039|Anthony Ruivivar
53041|Wendy Braun
53046|Tintrinai Thikhasuk
53072|Angela Bartys
53087|Nora Twomey
53088|Oliver McGrath
53090|Ross Stewart
53093|Will Collins
53097|David Bennent
53098|Alice Playten
53105|William Hjortsberg
53107|Matthieu Chedid
53112|Bruno Salomone
53114|Philippe Peythieu
53142|Bernhard Piesk
53144|Chris Salmanpour
53154|Sarah Sherman
53169|Henri Virlogeux
53170|Pierre Tornade
53171|Roger Lumont
53172|Micheline Dax
53173|Stéphane Steeman
53175|Henri Labussière
53178|Pierre Tchernia
53200|Adoni Maropis
53212|Daniel Mesguich
53213|Bernard Alane
53216|Florence Foresti
53233|Mark Lamprell
53240|Rebecca Cornford
53241|David Gant
53243|Agatino Trimarchi
53251|Callum Mitchell
53253|Douglas Russell
53254|Maarten Stevenson
53258|Roy Jacobsen
53270|David I. Stern
53273|Elle Macpherson
53280|Bart the Bear
53296|Jonathan L. Davis
53305|Armen Nahapetian
53306|Julia Antonelli
53310|Ron Pardo
53311|Will Brisbin
53312|Kingsley Marshall
53313|Keegan Hedley
53316|Shayle Simons
53317|Lilly Bartlam
53342|Emma James
53343|Jackson Barton
53345|Peter Hehir
53356|Loris Loddi
53369|Claire van der Boom
53373|Gabriella Sengos
53394|Bobby Lockwood
53400|Tim Bentinck
53403|Garrett K. Schiff
53406|Brian Smith
53407|Dan Root
53415|Brian Meehl
53416|Stephen Garlick
53417|Lisa Maxwell
53427|Vargus Mason
53434|Ford Riley
53442|Brenda Grate
53443|Connor Hutcherson
53444|Harrison Fahn
53459|Armando Polanah
53465|Ernie Dingo
53467|Hechter Ubarry
53474|Brett Hogan
53485|Steve Trenbirth
53510|Gideon Defoe
53515|Maddison Joyce
53520|Mark Brady
53523|Joseph Kwong
53524|Paula Mazur
53598|Jessica Carlson
53612|Fahri Yardım
53614|Michael Marcus
53617|Jan Berger
53628|Michael Lembeck
53631|Doudou Gueye Thiaw
53632|Maimouna N'Diaye
53633|Awa Sène Sarr
53634|Robert Liensol
53636|Sebastien Hebrant
53637|Thilombo Lubambu
53638|Rémi Bichet
53639|Marie Augustine Diatta
53640|Moustapha Diop
53646|Charlotte Lewis
53647|J.L. Reate
53651|Shakti Chen
53652|Tau Logo
53681|David Burrows
53686|Bryan Shukoff
53696|Hilary Winston
53724|Dove Sussman
53725|Michael Konyves
53732|Bruce Reitherman
53734|Timothy Turner
53735|Sebastian Cabot
53743|Xavier Atencio
53746|A.A. Milne
53747|Alex Etel
53754|Erroll Shand
53755|Joel Tobeck
53757|Jay Russell
53768|Diane Michelle
53770|Joe R. Lansdale
53807|Robert King
53815|Robert Addie
53821|Rospo Pallenberg
53834|Theresa Rebeck
53850|Robert Kraft
53856|Benj Thall
53857|Veronica Lauren
53885|Olivia Yang Avis
53886|Aaron Wang
53898|Ernie Lively
53903|Stewart Raffill
53919|Madalyn Gonzalez
53921|Liam Ferguson
53924|Justin Rupple
53927|Jon Pollack
53945|Joana Ribeiro
53948|Will Keen
53956|Jean Marsh
53959|Michael Sundin
53973|R.C. Cope
53979|Christopher Guard
53981|Michael Scholes
53988|Norman Bird
53991|Chris Conkling
54001|James Rankin
54002|Peter Lepeniotis
54012|Bruce Forsyth
54015|Ian Weighill
54017|Robert Stevenson
54031|Whip Hubley
54048|Lauren Mote
54058|Paul Germain
54063|Bob Hilgenberg
54067|Mia Skäringer
54069|Sven Lönn
54070|Bianca Cruzeiro
54072|Simon Säppenen
54078|Howard McGillin
54085|James Arrington
54086|Davis Gaines
54089|Brian Nissen
54123|Valentina Cortese
54141|David Mickey Evans
54142|Robin Kingsland
54144|Bud Luckey
54149|Bosco Ng
54150|Teddy Newton
54164|Dan Perrault
54180|Carol Lynley
54186|Pamela Sue Martin
54187|Ronald Neame
54201|Jordan Katz
54202|George Webster
54203|George Melrod
54210|Ton Pompert
54211|Glory Simon
54212|Fred van Ditmarsch
54213|Fritz Krommenhoek
54214|Dick Rienstra
54218|Lee Reynolds
54223|Giancarlo Martini
54224|Giorgio Tirabassi
54225|Max Mazzotta
54229|Anna Tenta
54243|Victor Galloway
54245|Denis O'Neill
54267|Tracy-Ann Oberman
54269|Maria von Heland
54275|Travis Oates
54279|Jack Boulter
54280|Huell Howser
54284|Nicole Mitchell
54285|Jeremy Spears
54311|David Stott
54324|Stephen Greif
54329|Kimberly Simi
54337|Sticky Fingaz
54352|Selva Rasalingam
54353|Stewart Scudamore
54354|Antonio Gil
54356|Paul Aiello
54362|Richard Libertini
54369|Bob Hathcock
54371|Elizabeth Hartman
54383|Will Finn
54385|John Pomeroy
54394|Ching Valdes-Aran
54433|Benjamin Garrad
54434|Andrew Stock
54435|Gilles de Maistre
54437|Jean-Paul Husson
54448|Jorge Moreno
54451|James Ashmore Creelman
54452|Ruth Rose
54465|Sean Bishop
54466|Theresa Cullen
54467|Bill Riling
54472|Ángela Molina
54530|Ken Page
54532|Susan McBride
54542|John Hodgman
54545|Aankha Neal
54546|George Selick
54614|Guy Bar'ely
54638|Roseanne Barr
54647|Sam Levine
54659|Danielle Darrieux
54662|Gabrielle Lopes Benites
54664|Tilly Mandelbrot
54665|Sophie Arthuys
54666|Arié Elmaleh
54667|Mathias Mlekuz
54668|Vincent Paronnaud
54685|Johnny Smith
54686|Emily Cook
54691|Kathy Greenberg
54692|Kevin Cecil
54697|Andy Riley
54750|Chiranjiv Makwana
54768|Graham Annable
54771|Adam Pava
54774|Marleik 'Mar Mar' Walker
54776|Hadley Belle Miller
54777|Rebecca Bloom
54778|Anastasia Bredikhina
54780|A.J. Tecce
54781|Mariel Sheets
54783|Craig Schulz
54784|Cornelius Uliano
54792|Johnny A. Sanchez
54801|Gary Eck
54806|Richard Mulligan
54813|George Scribner
54814|Tim Disney
54819|Michael Cedeno
54867|David Rawle
54875|Liam Hourican
54876|Kevin Swierszcz
54881|Melissa Lyons
54889|Ellen Kennedy
54890|William Lau
54893|Gaspard Schlatter
54894|Sixtine Murat
54895|Paulin Jaccoud
54897|Raul Ribera
54898|Estelle Hennard
54899|Elliot Sanchez
54900|Lou Wick
54901|Brigitte Rosset
54902|Natacha Koutchoumov
54922|Ike Amadi
54925|Darin De Paul
54953|James Levine
54956|James Algar
54962|Don Hahn
54986|Saul Blinkoff
54987|Elliot M. Bour
55001|Quentin Baillot
55011|Jo Koy
55014|Coulter Ibanez
55021|Daniel Kailin
55022|Sindy Lau
55024|Tim Zhang
55037|Russell Roberts
55040|Owen Hurley
55051|Adrienne Carter
55053|Greg Richardson
55104|Venus Terzo
55117|Céline Melloul
55122|Thierry Kazazian
55123|Thomas Astruc
55126|Sébastien Thibaudeau
55127|Frédéric/que Engel Lenoir
55128|Mélanie Duval
55129|Napua Greig
55130|Kuana Torres Kahele
55131|James Ford Murphy
55140|Colin Hay
55141|Miles Marsico
55142|Jack De Sena
55143|Steve Williams
55144|Mark Gibson
55146|Philip Halprin
55153|Vic Tayback
55154|Melba Moore
55157|Nigel Pegram
55166|David J. Steinberg
55167|Monica Parker
55168|Ken Cromar
55171|Linda Miller
55173|Ben Cox
55192|Matt Nolan
55205|French Tickner
55207|Cathy Weseluck
55210|Linda Engelsiepen
55212|Rob Hudnut
55221|Blue Chapman
55225|Brian C. Brown
55228|Lori Richardson
55241|Andrew Knight
55255|Darryl Kurylo
55256|Han Kwang Il
55266|Parker Goris
55270|Robert Reece
55281|Rob LaDuca
55300|Craig Gerber
55320|Ted Mathot
55322|Justin Wright
55323|Valerie LaPointe
55326|Brendon Baerg
55332|Makenna Cowgill
55333|Emma Rose Lima
55338|Ari Folman
55340|Ori Sivan
55342|Ronny Dayag
55343|Shmuel Frenkel
55344|Zahava Solomon
55345|Ron Ben-Yishai
55346|Dror Harazi
55350|Lina Boudreau
55351|Betty Bonifassi
55352|Michèle Caucheteux
55354|Mari-Lou Gauthier
55355|Charles Linton
55356|Monica Viegas
55358|Sylvain Chomet
55362|Clarence Nash
55365|Patricia Parris
55366|Dick Billingsley
55370|Tony Marino
55372|Don Griffith
55374|Alan Dinehart
55385|Seán Cullen
55387|Fiona Toth
55388|Islie Hirvonen
55391|Mark Stanleigh
55392|Wayne Dyer
55401|Ken Webster
55402|Charles Gunning
55404|Trevor Jack Brooks
55416|Saara Chaudry
55418|Noorin Gulamgaus
55419|Laara Sadiq
55420|Ali Badshah
55423|Kawa Ada
55427|Anita Doron
55429|Kirk Baily
55430|Ben Bledsoe
55431|David Cowgill
55436|Brandon Scott
55449|Veena Sood
55450|Lara Janine
55452|Gino Nichele
55473|Romesh Ranganathan
55475|Josie Sedgwick-Davies
55478|John O'Farrell
55481|Rachel Tunnard
55490|Selina Griffiths
55491|Johnny Vegas
55496|James Higginson
55498|Morwenna Banks
55501|Ali Liebert
55503|Madeleine Peters
55508|Elise Allen
55519|Cameron Esposito
55521|Louie Zong
55523|Charlie Parisi
55525|Sarah Sobole
55527|Kris Mukai
55528|Sooyeon Lee
55530|Quinne Larsen
55531|Yvonne Hsuan Ho
55532|Mikey Heller
55533|Manny Hernandez
55536|Andrea Corr
55558|Jeff Biancalana
55566|Artem Pyvovarov
55580|Krista Sheffler
55602|Emma Pierson
55614|Yang Wei
55615|He Yuxiang
55616|Ren Junpeng
55621|Yi Qiao
55626|Alexa Devine
55636|Luke Pasqualino
55641|Benjamin Wainwright
55643|Michael Wildman
55645|Arty Papageorgiou
55658|William Frankfather
55661|Michael David Lally
55670|Cathy Cavadini
55679|Flint Dille
55680|Charles Swenson
55685|Miranda Tapsell
55687|Keith Urban
55690|Jack Charles
55691|Claire Knight
55694|Gregory Lessans
55729|Steve Marvel
55730|Susan Roman
55734|Bets Malone
55747|Andrea Libman
55762|Ben Zazove
55768|Christen Mooney
55773|Michael McGrath
55776|Alli McCann
55778|Fabrice Ziolkowski
55785|Jacqueline Barba
55786|Pamela Blair
55788|Kristofor Brown
55789|Tony Darling
55795|Thaila Ayala
55797|Jordana Largy
55799|Adrian Glynn McMorran
55804|Daniel Altiere
55805|William Robertson
55809|Steven Altiere
55811|Seth Robert Dusky
55822|Wendy Wells
55824|Olivia Ruiz
55829|Babet
55831|Dani
55834|Stéphane Berla
55837|Ynairaly Simo
55849|Quiara Alegría Hudes
55855|Stéphane Fourreau
55860|Jules Azem
55861|Jesper Møller
55864|Jean-Luc Goossens
55875|Dylan Brown
55876|Robert Gordon
55897|Bernie Clifford
55898|Davey Thompson
55916|Kira Tozer
55925|Amy Wolfram
55938|Sean Marshall
55940|Jim Dale
55944|Jane Kean
55948|Don Chaffey
55949|Malcolm Marmorstein
55965|Graham Bushnell
55966|Pierre Mondy
55969|Nicolas Silberg
55970|Albert Augier
55971|Paul Bisciglia
55972|Bertie Cortez
55983|Shaun Fleming
55986|Jun Falkenstein
55987|Alex Mann
55991|Tom Nance
55992|Richard Cray
55993|Carter Crocker
55995|O. Henry
55996|William Dean Howells
56014|Gino La Monica
56015|Arturo Sorino
56018|Matthias De Clercq
56024|Jeff Foxworthy
56029|Hannah Farr
56043|Christian Roman
56044|Jason Katz
56053|Peter Baynton
56062|Frances Callier
56091|Akira Higashiyama
56099|Jeff Westbrook
56101|John Frink
56102|Jessica Conrad
56119|John Bennett
56121|Simon Cadell
56126|Martin Rosen
56133|Fabrice Lelyon
56134|Nicolas Justamon
56155|Pauly Shore
56157|Douglas McCarthy
56159|Hillary Carlip
56181|Gigi Perreau
56183|Domonic Paris
56188|Joe Gabler
56189|Shari Finkelstein
56191|Blake Hottle
56192|Scott Osterman
56193|Jeremy Evans
56198|Nick Paley
56210|Alexis Denisof
56211|John O'Hurley
56216|Lisa Schaffer
56219|Jim Peterson
56221|John Behnke
56223|Rob Humphrey
56245|Jean-Claude Robbe
56246|Gérard Croce
56247|Philippe Grimond
56248|Adolf Kabatek
56249|Yannik Voight
56250|Matthew J. Munn
56263|Eilidh Rankin
56264|Didier Gustin
56265|Jil Aigrot
56266|Jacques Tati
56267|Duncan MacNeil
56268|Raymond Mearns
56269|James T. Muir
56270|Tom Urie
56271|Paul Bandey
56275|Pauline Brunner
56276|Patrice Melennec
56277|Brigitte Virtudes
56278|Léonard Louf
56281|Vincent Grass
56282|Patrice Dozier
56283|Stéphane Aubier
56284|Vincent Patar
56286|Daniel Pennac
56299|Cyril Mourali
56301|Karim M'Ribah
56302|Abdelsselem ben Amar
56305|Fatma ben Khell
56306|Thissa d'Avila Bensalah
56308|Olivier Claverie
56320|Andrew Cownden
56348|Rick D. Wasserman
56356|Loren Lester
56381|Luis Sepúlveda
56382|Antonio Albanese
56383|Melba Ruffo
56384|Sofia Baratta
56385|Veronica Puccio
56386|Domitilla D'Amico
56387|Margherita Birri
56389|Luca Biagini
56390|Enzo D'Alò
56393|Peer Augustinski
56394|Ottfried Fischer
56395|Ralf Wolter
56396|Jürgen Scheller
56398|Thomas Piper
56400|Harald Juhnke
56401|Thomas Albus
56402|Alexander Allerson
56404|Thomas Platt
56412|Michel Barbey
56415|Thierry Ragueneau
56420|Jennifer Waris
56422|Tiffany Giardina
56423|Ellie King
56425|Allison Warnyca
56427|Lauren Lavoie
56431|Cydne Clark
56438|Cheryl Chase
56440|Jack Riley
56453|Jessie Lambotte
56463|Kacey Mottet Klein
56465|Laurent Gendron
56469|Urbain Cancelier
56471|Patrice Leconte
56475|Jonathan Ward
56484|Bill Kroyer
56496|Sean Charmatz
56503|Mark Deklin
56506|Jonathan Morgan Heit
56507|Anton Zetterholm
56508|Reinhard Klooss
56514|Anndi McAfee
56518|Michael Bell
56519|Ed Gilbert
56523|Dennis Marks
56550|Lauren Patel
56556|Victoria Elliott
56557|Jon Glover
56565|Ken Sansom
56576|Óscar Barberán
56583|José Corbacho
56584|Carles Canut
56585|Félix Benito
56587|Jordi Gasull
56588|Javier López Barreira
56589|Gorka Magallón
56590|Verónica Fernández
56593|Diego San José
56637|Armen Taylor
56642|Jeff Wamester
56643|Meghan Fitzmartin
56655|Peter Avanzino
56686|Andrew Jimenez
56698|Suguru Egawa
56711|Timothy Reckart
56712|Tommy Sheridan
56718|Izïa Higelin
56721|Michel Mella
56722|Fabrice Josso
56723|Patrick Poivey
56725|Benoît Allemane
56743|Drew Davis
56745|Kallan Holley
56746|Jaxon Mercey
56747|Carter Thorne
56748|Deanne Degruijter
56770|John Ingle
56772|Roy Allen Smith
56774|John Loy
56775|John Ludin
56777|Sally Lindsay
56779|Sarah Laborde
56794|Eric Horsted
56797|Patric M. Verrone
56800|Eric Kaplan
56817|Myleene Klass
56818|Robin Walsh
56819|Matt McKenna
56844|Prudence Edwards
56845|Leanne Araya
56847|Shauntia Fleming
56877|Ron Friedman
56894|David Holt
56899|Chris Morrell
56903|Jon Brown
56904|Sarah Jaffe
56965|Laila Berzins
56976|Sami Gayle
56990|Trent Correy
57017|Kunihiko Yuyama
57019|Vanessa Branch
57020|Peter Jessop
57023|Victoria Tennant
57028|Mike Disa
57031|Lee Seung-Gyu
57034|Sangjin Kim
57070|Dave Bullock
57135|Lucian Perez
57141|Meredith Anne Bull
57146|Bob Einstein
57195|Erin Mathews
57202|Conrad Helten
57213|Brian Donovan
57214|Anthony Bell
57216|Chris Denk
57224|Advah Soudack
57226|Paul Dobson
57227|Marc Worden
57229|Greg Johnson
57239|Cheng Yin
57240|Amp Wong
57242|Damao
57256|David Masajnik
57260|Gabriel Almirón
57261|Axel Kuschevatzky
57263|Diego Mesaglío
57264|Lucía Maciel
57265|Marcos Mundstock
57268|Gastón Gorali
57273|David Burgess
57311|Hamish Grieve
57347|Michael Jackson
57351|Dave Gibbons
57357|Eddie Berganza
57361|Barbara Cook
57365|Gary Imhoff
57366|Joe Lynch
57367|Charo
57403|Cassandra Lee Morris
57428|Satish Ratakonda
57429|Arne Hain
57431|David Lauer
57433|Tom Gibbons
57434|Harper Taylor
57435|Brynn Taylor
57436|Phil Tippett
57458|Robert Morse
57466|Marieve Herington
57467|Cinda Adams
57470|Joey Camen
57471|Sandy Fox
57472|Grant George
57473|Jérémie Degruson
57485|Michael Leone
57486|Katie Silverman
57487|Neil Nightingale
57490|Richard Dale
57498|Adrienne C. Moore
57533|Donald Fullilove
57556|Charlotte Newhouse
57559|Bret Marnell
57566|Anna Cummer
57584|Caroline Hjelt
57588|Jonathan Fener
57589|Josh Bycel
57590|Killian Gray
57595|Keer Zhu
57603|Romanthony
57610|Cédric Hervet
57611|Guy-Manuel de Homem-Christo
57630|Wendy Williams
57631|Lili Estefan
57651|Dean Edwards
57662|Ana Esther Alborg
57663|Luis Pérez Reina
57667|José Javier Serrano Rodríguez
57668|Aleix Estadella
57671|Juan Jesús García Galocha
57685|Boyd Kirkland
57687|Randy Rogel
57694|Kimmy Robertson
57699|Dale Case
57700|Bob Kline
57701|Alice Brown
57724|Juliet Landau
57727|Sárközi Olivér
57736|Kyle Stanger
57740|Brian Hohlfeld
57745|Sébastien Chassagne
57748|Thomas Roditi
57749|Thierry Jahn
57753|Laurent Sarfati
57763|Cissy Jones
57768|Matthew A. Cherry
57769|Bruce W. Smith
57791|Tsuyoshi Kaga
57808|Aiyanna Miorin
57809|Karee Ducharme
57810|Samantha Ho
57812|Juliana Alcaron
57813|Kevin Nolting
57825|Stig Bergqvist
57826|Paul Demeyer
57828|Jill Gorey
57830|Barbara Herndon
57831|Kate Boutilier
57849|Kim Dae-heung
57866|Pan Shulan
57874|Yang Ting
57875|Liang Xuan
57876|Zhang Chun
57904|Bayardo De Murguia
57933|Rick Copp
57945|Clive Revill
57952|Colin Goldman
57954|Jim Peronto
57955|Jim Bernstein
57965|Michael Shipley
57979|Jonathan Holmes
57985|Ty Dolla Sign
57992|Fletcher Moules
57995|Judnick Mayard
57997|Sidney Schleiff
57999|John DeCantis
58000|Suzy Wilson
58001|Hélène Giraud
58002|Thomas Szabo
58018|Marie Drion
58019|Jérémy Prévost
58020|Jean-Marc Lentretien
58021|Elias Eliot
58023|Arthur Qwak
58025|Frédéric Lenoir
58047|Judy Toll
58048|Wayne Kaatz
58049|Colette Savage
58060|Nick Carson
58070|Delilah Kujala
58073|Nanami Iwasaki
58078|Blake Shelton
58087|Alison Peck
58096|Sharon Alexander
58098|Nancy Sorel
58102|Chris Jai Alex
58103|Faye Mata
58104|Griffin Puatu
58108|Delbert Hunt
58109|Panta Mosleh
58110|Sung Jin Ahn
58114|Thom Hoffman
58116|Dino Andrade
58118|Rene Mujica
58120|Naomi Serrano
58121|Gerardo Prat
58126|Jason Cleveland
58128|Brian Cleveland
58141|Paul McEvoy
58201|Melissa Disney
58204|James Tucker
58239|Don Ho
58254|Scott Jeralds
58255|Joe Sichta
58256|George Doty IV
58258|Ed Scharlach
58277|Robert Ito
58282|Michael Chang
58284|Heather A. Maxwell
58285|David Slack
58291|Justin Michael
58292|Kaitlyn Robrock
58293|Isaac Robinson-Smith
58296|Darrell Van Citters
58298|Sebastian Jessen
58300|Morten Kerrn Nielsen
58301|Søren Sætter-Lassen
58302|Nis Bank-Mikkelsen
58303|Dick Kaysø
58304|Louise Fribo
58305|Ulf Pilgaard
58307|Paprika Steen
58312|John Stefan Olsen
58321|Lauren Sweetser
58322|Ashlee Thompson
58323|Debra Granik
58359|Lauren Poole
58392|Cindy Cheung
58403|Benjamin Weir
58419|Thaddeus Daniels
58420|Raven Dauda
58453|Sébastien Pouderoux
58456|Mehdi Djaadi
58459|Anne Azoulay
58462|Nicolas Bouvet
58463|Simon Moutaïrou
58473|Abu Bakaar Fofanah
58477|Hugo Silva
58481|Montse Guallar
58484|Oriol Vila
58507|Dell Yount
58508|Rachel Singer
58513|Clay Tarver
58519|Jack Ging
58520|Stefan Gierasch
58527|Zbigniew Zamachowski
58529|Janusz Gajos
58530|Jerzy Stuhr
58533|Aleksander Bardini
58535|Jerzy Trela
58536|Cezary Pazura
58544|Ty Olwin
58545|Hammou Graïa
58547|Benjamin Biolay
58548|Audrey Bonnet
58549|Pascal Rambert
58555|David Rysdahl
58561|Nick Davies
58587|Rick Chambers
58595|Daniel Auteuil
58598|Bernard Le Coq
58601|Walid Afkir
58604|Denis Podalydès
58612|Yuki Matsuzaki
58627|Bernard Fresson
58629|Lila Kedrova
58643|Natasha Wightman
58654|Melanie Norris
58656|Joy Behar
58679|Tim Woodward
58681|George Anton
58686|Thomás Aquino
58687|Silvero Pereira
58699|Eili Harboe
58700|Kaya Wilkins
58703|Grethe Eltervåg
58705|Anders Mossling
58706|Vanessa Borgli
58708|Ingrid Unnur Giæver
58713|Ernst Jacobi
58716|Fion Mutert
58717|Ursina Lardi
58720|Maria Dragus
58729|María Soledad Rodríguez
58733|Marcela Benjumea
58734|Mozad
58735|Andrés Baiz
58748|Ambika Mod
58755|Firmine Richard
58763|Marina de Van
58775|Patrick Sheane Duncan
58777|Freddie Thorp
58784|Magne-Håvard Brekke
58786|Antonio Negret
58795|Donovan Christie Jr.
58797|Angela Marie Rigsby
58798|Steve Mapel
58807|Naoki Ichii
58846|Gary Reineke
58850|Patrick McGrath
58865|Ernst Umhauer
58872|Catherine Davenier
58880|Allison Mackie
58882|Cordelia Richards
58883|James Haven
58884|Lisa Owen
58893|Johannes von Matuschka
58894|Johannes Silberschneider
58900|Barry Thomson
58909|I.S. Johar
58914|Rachel Roberts
58916|Helen Morse
58917|Kirsty Child
58918|Tony Llewellyn-Jones
58921|Karen Robson
58922|Jane Vallis
58923|Christine Schuler
58925|Cliff Green
58930|Gunn Wållgren
58931|Börje Ahlstedt
58933|Kristina Adolphson
58939|Pierre-Yves Cardinal
58940|Lise Roy
58941|Evelyne Brochu
58943|Jacques Lavallée
58944|Anne Caron
58946|Johanne Léveillé
58947|Mathieu Roy
58949|Michel Marc Bouchard
58972|Amanda Joy Erickson
58974|Rebecca Sonnenshine
58990|Steve Terada
58992|Phillip Andre Botello
58994|Mike Brooks
59001|Loreto Mauleón
59004|Federico Aguado
59008|Lluís Soler
59010|Guillem Clua
59020|Nealla Gordon
59021|Edrick Browne
59024|Peter Dexter
59031|Martin Dingle Wall
59035|Robert Connolly
59043|Lance Chantiles-Wertz
59044|Emma Jones
59046|Katarina Perez
59047|Mark A. Nash
59048|Duncan Skiles
59083|Mac McDonald
59085|Perlis Vaisieta
59088|Will Conroy
59093|Amar Bukvić
59098|Parth Thakerar
59100|Sarah Alderson
59103|Brittany Daniel
59124|Veena Sud
59126|Frédéric Bourdin
59127|Adam O'Brian
59129|Cathy Dresbach
59130|Alan Teichman
59132|María Jesús Hoyos
59133|Ken Appledorn
59135|Seipati Motshwane
59140|Johanna ter Steege
59141|Gwen Eckhaus
59142|Pierre Forget
59143|Bernadette Le Saché
59144|Tania Latarjet
59145|Lucille Glenn
59146|Roger Souza
59147|Caroline Appéré
59148|George Sluizer
59160|Roderick Gilkison
59161|Kristoffer Nyholm
59162|Celyn Jones
59184|Greg Ellwand
59193|Max Wrottesley
59196|Tofi Seffer
59197|Zsuzsa Szabados
59198|Gonzalo López-Gallego
59206|Jacob Robinson
59207|Gabrielle Ryan
59208|Ed Weeks
59210|Sarah McCormack
59221|Joyce Feurring
59222|Steven Rishard
59243|Kyli Zion
59246|Emerald Rose Sullivan
59247|Roland Buck III
59248|Jill Andre
59253|Dana Wheeler-Nicholson
59271|Amanda Smith
59274|Benjamin August
59275|Daniel Stisen
59276|Olga Kent
59277|Daniel Nehme
59279|Madeleine Vall
59281|Stephanie Siadatan
59282|Michael Billington
59283|Veera Seppälä
59284|Robert Follin
59285|Fansu Njie
59286|Andreas Vasshaug
59295|Mark Sivertsen
59296|Brandon Fierro
59297|Antonio Valles
59298|Clint Obenchain
59304|Mouna Soualem
59310|Paul Jeanson
59312|Gilles Marchand
59315|Nina van Pallandt
59317|Mark Rydell
59319|David Arkin
59323|Stephen Coit
59330|Alison Elliott
59332|Michael Desautels
59359|Amy Sobol
59361|Isabel Dos Santos
59364|Stacy Chbosky
59365|Ben Messmer
59366|Lou George
59369|Amy Lyndon
59371|Samantha Robson
59373|Beth Tapper
59381|Winslow Fegley
59382|Jayden Marine
59383|Gavin MacIver-Wright
59387|Alana-Ashley Marques
59388|Jacob Chase
59396|Gary Houston
59399|Leland Burnett
59411|Pedro Casablanc
59422|Joe Herrera
59423|Christina DeRosa
59426|Matthew Kennedy
59439|Nick Palatas
59446|C. Ernst Harth
59459|Isabella Margara
59461|Olga Spyraki
59462|Ferdinando Cito Filomarino
59467|Victoria Moroles
59476|Michael Goldbach
59482|Brian Davies
59484|Tom Stewart
59489|Holly Goss
59492|Ryan Hawley
59494|Nikolay Butenin
59497|Aleksey Kink
59500|Vikram Weet
59504|Claudia Coulter
59505|David Barrera
59506|Moronkę Akinola
59509|Ilinca Neacşu
59512|Fernanda Coppel
59516|Meg Tilly
59519|Hugh Gillin
59521|Claudia Bryar
59522|Robert Alan Browne
59524|Richard Franklin
59532|Andrew Ginsburg
59533|Stephanie Roth Haberle
59534|Dante Spinotti
59535|Karolina Muller
59540|Steve Wall
59543|Caroline Menton
59545|Ivan de Wergifosse
59547|Josuha Campbell
59548|Damian McCarthy
59555|Aaron Himelstein
59557|Melissa Price
59558|Adam Powell
59559|Peyton Hayslip
59573|Mitch Rouse
59574|Tom Nursall
59576|Jay Leggett
59581|Julie Cox
59594|J. LaRose
59596|Kathryn Kilger
59597|Natalie Victoria
59598|Mary Lankford Poiley
59599|Matt Doman
59600|Lindsi Jeter
59606|Joseph L. Mankiewicz
59624|Alan Cox
59627|Susan Fleetwood
59629|Matthew Ryan
59632|Patrick Newell
59639|Lazar Dubovik
59642|Aleksey Suknovalov
59647|Aleksandr Novototskiy-Vlasov
59656|Andre Jamal Kinney
59670|Martin Zandvliet
59674|Ella Joyce
59676|Bob Ivy
59681|Daniel Schweiger
59689|Elmira Bahrami
59691|Lucie Aron
59692|Nassim Avat
59694|Lara Marie Müller
59696|Shaun Grant
59701|Christian Borromeo
59703|Veronica Lario
59710|John-Paul Howard
59712|Jamison Jones
59713|Azie Tesfai
59715|Gabriella Quezada
59716|Amy Waller
59717|Tug Coker
59718|Richard Ellis
59719|Blane Crockarell
59721|Brett Pierce
59729|Sean Rosales
59731|Sheila Ivy Traister
59732|Michael Showers
59738|Taegen Burns
59743|Samuel Salary
59753|Catherine Schell
59755|Peter Arne
59756|Peter Jeffrey
59758|David Lodge
59759|Graham Stark
59760|Eric Pohlmann
59763|Frank Waldman
59768|Mark van Eeuwen
59772|Vera Van Dooren
59773|Kat Lindsay
59775|William Brookfield
59795|Maria Eduarda Lima Botelho
59809|Teruo Ono
59817|Rie Rasmussen
59818|Thierry Frémont
59820|Fiona Curzon
59821|Daniel Milgram
59836|Sam Lansky
59848|Christopher Farrar
59849|Patricia Riggen
59852|Caitlin Parrish
59853|Erica Weiss
59861|Sloane Warren
59862|Chelle Ramos
59865|Katelyn Farrugia
59866|Johnny Martin
59868|Michael Caissie
59878|Ignacio Guadalupe
59884|David Knoll
59889|Eleanor Zichy
59911|Luca Di Giovanni
59918|Michelangelo La Neve
59928|Lisa Harrow
59929|Barnaby Holm
59930|Mason Adams
59932|Leueen Willoughby
59933|Marc Boyle
59934|Milos Kirek
59938|Jane March
59945|Andrew Lowery
59948|Matthew Chapman
59952|Anjana Vasan
59961|Jonny Sweet
59970|Dorothy Loudon
59978|Yasmin Murphy
59980|Michael Pennington
59981|Daniel Ortiz
59982|Susie Trayling
59983|Lloyd F. Booth Shankley
59993|Ahd Kamel
59995|Nasser Memarzia
59998|Olen Steinhauer
60006|Christopher Murray
60007|Daniel J. Travanti
60011|Peter Stone
60021|Jack Bannon
60027|Richard Cox
60028|Don Scardino
60031|Gene Davis
60032|Randy Jurgensen
60036|Billy Warlock
60038|Ben Slack
60039|Evan Richards
60040|Patrice Jennings
60042|Charles Lucia
60044|Brian Bremer
60048|Rick Fry
60050|Leah Pipes
60058|Maxx Hennard
60065|Radhika Apte
60067|Zakir Hussain
60072|Pawan Singh
60073|Sriram Raghavan
60074|Arijit Biswas
60078|Hemanth M. Rao
60083|Amanda Collin
60085|Jakob Oftebro
60088|Olivia Terpet Gammelgaard
60096|Pauline Burlet
60097|Elyes Aguis
60098|Jeanne Jestin
60100|Babak Karimi
60101|Valéria Cavalli
60102|Aleksandra Klebanska
60105|Danny Bellini
60106|Ryan Jennifer Jones
60108|Jared Hacker
60110|Alice Bahlke
60111|Jeb Kreager
60113|Theodore Bouloukos
60115|Stephen Cognetti
60134|Chi Muoi Lo
60135|Thomas Ryan
60141|John Raffo
60147|Mick Cain
60150|Karen S. Gregan
60151|Sharon Madden
60154|Jean-Baptiste Andrea
60155|Fabrice Canepa
60158|Gabe Nevins
60159|Dan Liu
60160|Jake Miller
60162|Lauren McKinney
60163|Scott Patrick Green
60175|Ona Grauer
60177|Simon Chin
60180|Ant Timpson
60181|Toby Harvard
60188|Ryan Kennedy
60194|Mick Davis
60195|Christine Roum
60198|Harold Pinter
60199|Carmel O'Sullivan
60211|Kriv Stenders
60212|James McFarland
60215|Daniel Benzali
60235|Tony De Santis
60244|Jean-Pierre Gos
60245|Isabelle Renauld
60246|Jean-Pol Dubois
60247|André Penvern
60257|Gioia Libardoni
60259|Alexandra Klim
60262|Justin Stanley
60271|Anton Shvarts
60273|Samvel Tadevossian
60284|Lynn Gilmartin
60298|Steve Hytner
60325|Garrett Bennett
60333|Clara Rosager
60338|Christoffer Boe
60340|Bo Hr. Hansen
60354|Stephanie Garvin
60355|Mino Mackic
60356|Eugenio Mira
60363|Crystal Lucas-Perry
60364|Matt Sobel
60365|Kyle Warren
60374|Anna Maria Sturm
60375|Maria Leite
60376|Régis Roinsard
60378|Romain Compingt
60379|Daniel Presley
60382|David Labiosa
60384|Margaret Blye
60386|Richard Brestoff
60387|Michael Alldredge
60406|Jenny Runacre
60407|Ian Hendry
60412|Manfred Spies
60413|Jean-Baptiste Tiémélé
60416|Mark Peploe
60420|Enrico Sannia
60426|Diana Vladu
60427|Florian Voicu
60430|Olivia Niță
60439|Beverly Sanders
60441|Brad Morris
60442|Patrick Babbitt
60446|Catherine Walker
60449|Susan Loughnane
60450|Nathan Vos
60452|Breffni O'Connor
60453|Sheila Moloney
60458|Valentina Bellè
60461|Caterina Shulha
60463|Filippo Dini
60464|Sergio Grossini
60474|Cory Buck
60475|Michael McGrady
60478|Ulu Grosbard
60485|Thom Fell
60486|Zoe Thorne
60499|Nina Arvesen
60500|Nick Barbaro
60501|Lou Bonacki
60508|Karl Geary
60509|Dee Noah
60510|Lucy Lawton
60512|Raymond Brandstrom
60516|Christopher Hyde
60517|Cristina Marsillach
60519|Urbano Barberini
60521|Coralina Cataldi-Tassoni
60522|Antonella Vitale
60535|Dakota Bright
60537|Mark Steger
60541|Jack Cruz
60543|Emily Stofle
60544|Toototabon
60551|Brigitte Roüan
60552|Camille Chamoux
60554|Noémie Lvovsky
60555|Leonello Brandolini
60569|Srbo Markovic
60581|Corie Berkemeyer
60582|Trenton Perez
60584|Don Ferrarone
60587|Jacques Colimon
60588|Ivan Shaw
60593|Brandon Keener
60602|Lalor Roddy
60605|Micheál O'Gruagain
60608|Kevin Lehane
60629|Lisa Gastoni
60630|Edward Dring
60631|Duccio Camerini
60632|Nicole Cadeddu
60633|Antonella Britti
60636|Andrew Shaw
60644|Vivian Nathan
60645|Morris Strassberg
60646|Barry Snider
60648|Andy Lewis
60649|David E. Lewis
60655|Malachy McCourt
60659|Mary Louise Weller
60674|Lucas Sussman
60683|Deanna Tarraza
60693|Natalie Hauck
60694|Nick Simmons
60696|Louis Dezseran
60708|Elena Sofia Ricci
60709|Alex Newell
60720|Cathleen Nesbitt
60735|Denis Quilley
60736|Colin Blakely
60739|Barry Sandler
60742|Dylan Fitzmaurice-Brady
60744|Michael-David McKernan
60748|Amy Conroy
60749|Seán Doyle
60750|Brendan Muldowney
60756|Joe Dallesandro
60759|Amelia Heinle
60768|Antoinette Bower
60769|Michael Tough
60773|Jeff Wincott
60776|Robert Guza Jr.
60809|Jonno Roberts
60812|Fabrice Du Welz
60823|Eliza Pryor
60824|Noah Salsbury Lipson
60825|Simon Kaijser
60831|Caitlin Carmichael
60833|Lydia Hull
60834|Welker White
60835|Jackie Cruz
60836|Adam Huel Potter
60838|Alan Horsnail
60840|Yael Eitan
60847|Jeff Pierre
60848|Udi Razzin
60849|Don Michael Paul
60856|Tatu Sinisalo
60857|Wilhelm Enckell
60858|Vincent Willestrand
60859|Arttu Kapulainen
60860|Elina Saarela
60874|Wes Tooke
60894|Hiroshi Watanabe
60897|Takashi Yamaguchi
60900|Iris Yamashita
60923|Rupert Frazer
60952|Clayton Frohman
60966|Ron Kovic
60969|Emmanuel Nii Adom Quaye
60972|Richard Pepple
60973|Ama K. Abebrese
60975|John Arthur
60987|JD Cullum
60998|Babs Olusanmokun
61009|Vladas Bagdonas
61010|Jüri Lumiste
61011|Viktors Lorencs
61012|Kazimir Rabetsky
61017|Ales Adamovich
61022|Billy Howle
61032|Bathsheba Doran
61040|Jane McNeill
61045|Leonard Hartman
61048|Johan Heldenbergh
61050|Timothy Radford
61057|Angela Workman
61078|Emil Belton
61079|Oskar Belton
61080|Leon Seidel
61081|Karl Alexander Seidel
61089|Chika Ikogwe
61090|Daniel MacPherson
61093|Chris Masters Mah
61108|John Rice
61109|Joe Batteer
61117|David Kirk Traylor
61118|Ines Pinar Mille
61119|Daniel Sandoval
61120|Fabio Guaglione
61121|Fabio Resinaro
61126|Yılmaz Erdoğan
61127|Cem Yılmaz
61133|Salih Kalyon
61135|Andrew Anastasios
61137|D'Pharaoh Woon-A-Tai
61154|Gilbert Owuor
61157|Jabbar Lewis
61172|Dolf de Vries
61175|Gerard Soeteman
61177|Jason Cottle
61184|Rorke Denver
61185|Dave Hansen
61186|Mike McCoy
61205|Bahador Foladi
61209|Hakeem Jomah
61212|Mitchell LaFortune
61228|Michael Strong
61233|Karl Michael Vogler
61237|Edmund H. North
61240|Urs Rechn
61241|Todd Charmont
61250|Clara Royer
61254|Norm Lewis
61260|Lê Y Lan
61276|Rod Lurie
61284|Roger Bowen
61290|Ring Lardner, Jr.
61309|Eileen Heckart
61310|Bo Svenson
61312|Arlen Dean Snyder
61313|Vincent Irizarry
61321|Raphaëlle Agogué
61323|Hugo Leverdez
61324|Oliver Cywie
61325|Mathieu Di Concetto
61365|Carole Laure
61367|Osvaldo Ardiles
61368|Paul Van Himst
61369|Kazimierz Deyna
61370|Mike Summerbee
61373|Yabo Yablonsky
61374|Evan Jones
61382|Thuy Thu Le
61399|Richie Smyth
61405|Danny McEvoy
61409|Sabrina Dickens
61413|Penelope Skinner
61447|Frank Witter
61463|Dorian Le Clech
61464|Batyste Fleurial
61467|Bernard Campan
61472|Émile Berling
61473|Christian Duguay
61495|Will Ropp
61497|Ruby Ashbourne Serkis
61505|Pádraic Delaney
61508|Mary O'Riordan
61509|Mary Murphy
61510|Laurence Barry
61511|Damien Kearney
61512|Frank Bourke
61513|Myles Horgan
61514|Ken Loach
61560|Roman Semysal
61562|Oleh Shulha
61563|Yehor Kozlov
61565|Vadym Kurylko
61567|Marian Bushan
61569|Mykola Voronin
61580|Fernando Coimbra
61581|Chris Roessner
61593|Tom Butterworth
61595|Carlo Carlei
61596|Valerio Massimo Manfredi
61605|Karen Ford
61620|Gabriela Cowperthwaite
61629|Alice Vial
61632|Nicolas Maury
61634|Jonathan Barré
61655|Daren Kagasoff
61658|Nick Hargrove
61659|Boone Platt
61661|J.D. Dillard
61667|Vladimir Cruz
61668|Alfredo de Quesada
61677|Haing S. Ngor
61683|Athol Fugard
61684|Graham Kennedy
61685|Katherine Krapum Chey
61691|Arnas Fedaravičius
61692|Cavan Clerkin
61697|Ilona Chevakova
61698|Edward Bazalgette
61706|Hal Buckley
61709|Richard Davalos
61710|Brian G. Hutton
61735|Michelle Ashford
61748|Jim Webb
61750|Valerie Pachner
61752|Karin Neuhäuser
61758|Karl Markovics
61763|Mirjana Joković
61764|Slavko Štimac
61766|Srđan 'Žika' Todorović
61768|Milena Pavlović Čučilović
61769|Danilo 'Bata' Stojković
61771|Emir Kusturica
61772|Dušan Kovačević
61789|Gijs Blom
61791|Susan Radder
61795|Ronald Kalter
61796|Scott Reid
61800|Jesse Maiman
61801|Paula van der Oest
61804|Khulan Chuluun
61807|He Qi
61809|Ji Ri Mu Tu
61810|You Er
61811|Huntun Batu
61815|Narges Rashidi
61816|Avin Manshadi
61821|Behi Djanati Atai
61823|Soussan Farrokhnia
61853|Gaspard Manesse
61854|Raphael Fejtö
61855|Francine Racette
61857|Philippe Morier-Genoud
61859|François Négret
61861|Pascal Rivet
61862|Richard Leboeuf
61863|Louis Malle
61866|Mélusine Mayance
61872|Gisèle Casadesus
61874|Sarah Ber
61878|Sareum Srey Moch
61879|Phoeung Kompheak
61882|Heng Dara
61883|Khoun Sothea
61884|Sarun Nika
61885|Run Malyna
61886|Oun Srey Neang
61887|Horm Chhora
61898|Andrew Keir
61902|Alan Sharp
61918|Carlos Bardem
61921|Pablo Durán
61926|Cristian Mercado
61929|Benjamin A. Van Der Veen
61935|August Zirner
61936|Veit Stübner
61966|Nenad Vukelić
61968|Ben Temple
61975|Emily Tennant
61976|Craig Tate
61982|Richard Rionda Del Castro
61983|Cam Cannon
61984|Thomas Adlam
61985|William Argent
61986|John Ashby
61987|Attwood
61988|Walter Aust
61989|Donald Bain
61990|Thomas Baker
61991|George Banton
61992|Walter Becklake
61993|Arthur Beeton
62001|Ebony Obsidian
62002|Milauna Jackson
62004|Shanice Williams
62005|Pepi Sonuga
62018|Stéphane Rybojad
62040|Diana Quick
62043|Gerald Vaughan-Hughes
62047|Jochen Nickel
62048|Sebastian Rudolph
62049|Dana Vávrová
62055|Joseph Vilsmaier
62066|Eirik Risholm Velle
62067|Daniel Frikstad
62068|Alexander Zwart
62070|Petter Skavlan
62083|Michael McGruther
62089|Ana Sofrenović
62092|Mario Kalli
62093|Joe Montana
62095|Rebecca Morrison
62107|Michael Sheets
62114|Philip Quast
62116|Mimoun Oaïssa
62117|Khalid Laith
62120|Pano Masti
62129|Michael Caloz
62131|Ron White
62132|Leni Parker
62133|Sylvain Massé
62135|Miguel Tejada-Flores
62150|Larry Forrester
62159|Lucy Gordon
62173|Matthew Reese
62174|Laila Banki
62175|Shannon McKain
62191|Marion Hume
62195|Lembit Ulfsak
62197|Elmo Nüganen
62210|Milena Radulović
62214|Aleksandar Srećković 'Kubura'
62216|Miodrag Radonjić
62219|Ivan Naumov
62224|Sandy Baron
62228|George Buck
62245|Shawn Slovo
62254|Ali Landry
62258|Pepe Portillo
62269|Matthew Heineman
62271|Bertram Bisgaard Enevoldsen
62272|Ester Birch
62273|Ella Nilsson
62274|Malena Lucia Lodahl
62277|Alban Lendorf
62278|James Tarpey
62279|Casper Kjær Jensen
62280|Danica Ćurčić
62288|Pierrino Mascarino
62290|Joseph Carberry
62292|Sergio Kato
62294|James Bruner
62295|John Crowther
62306|Ethan Rouse
62307|Amma Asante
62312|Tommi Korpela
62314|Pääru Oja
62315|Erki Laur
62316|Maksim Demidov
62317|Mart Nurk
62318|Riho Rosberg
62322|Mark Lee
62323|Bill Kerr
62324|Harold Hopkins
62325|Charles Lathalu Yunipingu
62327|Ron Graham
62328|Gerda Nicolson
62333|David Williamson
62339|Tina Engel
62340|Berta Drews
62341|Roland Teubner
62342|Tadeusz Kunikowski
62343|Andréa Ferréol
62344|Volker Schlöndorff
62346|Franz Seitz Junior
62351|Stella Egitto
62352|David Mitchum Brown
62356|Antonello Puglisi
62357|Samuele Segreto
62368|Paulette Dubost
62369|Jean-Louis Richard
62372|Sabine Haudepin
62375|Suzanne Schiffman
62378|Xuna Primus
62381|Gustavo Muñoz
62385|Jorge Angel Toriello
62387|Luis Mandoki
62388|Oscar Orlando Torres
62402|Paul Mayersberg
62404|Toulou Kiki
62405|Layla Walet Mohamed
62406|Abel Jafri
62407|Kettly Noël
62409|Mehdi A.G. Mohamed
62410|Fatoumata Diawara
62411|Adel Mahmoud Cherif
62412|Salem Dendou
62413|Abderrahmane Sissako
62415|Kessen Tall
62434|Pawel Puchalski
62437|Arieh Worthalter
62438|Eric Barbier
62440|Marie Eynard
62444|Michael Boatman
62445|Anthony Barrile
62449|Tegan West
62450|Daniel O'Shea
62460|Sergey Radchenko
62464|Maxim Budarin
62466|Leonid Korin
62484|Milan Peschel
62486|Alexander Fehling
62492|Sascha Alexander Geršak
62495|Branko Đurić
62496|Rene Bitorajac
62497|Filip Šovagović
62498|Georges Siatidis
62499|Sacha Kremer
62504|Tanja Ribič
62505|Danis Tanović
62523|Darleen Carr
62528|Patricia Mattick
62530|Albert Maltz
62531|Irene Kamp
62532|Claude Traverse
62536|Joey Bishop
62548|Adnan Hasković
62552|Jovan Divjak
62565|Andreas Hofer
62566|Giuseppe Schillaci
62569|Ilya Zofin
62586|Paresh Rawal
62589|Kirti Kulhari
62605|Dieter Schidor
62607|Fred Stillkrauth
62611|Walter Kelley
62617|Daisy Boulton
62619|Stéphane Auberghen
62620|Aubeline Barbieux
62623|Simon Burke
62624|Jasna Đuričić
62626|Boris Ler
62635|Hasan Nuhanovic
62644|Vica Kerekes
62647|Jonathan Jakubowicz
62655|Barnaby Kay
62658|Brian Pettifer
62660|Loring Mandel
62672|Gaby Chiappe
62681|Feng Bai
62682|Li Zhuoyang
62684|Li Wei
62686|Kristine Cornelie M. Hartgen
62688|Christoph Gelfert Mathiesen
62690|Mathilde Holtedahl Cuhra
62692|Kari Bremnes
62696|Erik Skjoldbjærg
62697|Live Bonnevie
62699|Sebastian Torngren Wartin
62705|Karen Quintero
62706|Julian Giraldo
62707|Laura Castrillón
62708|Deibi Rueda
62709|Paul Cubides
62710|Sneider Castro
62711|Wilson Salazar
62715|Alexis Dos Santos
62728|Kim Byung-In
62732|Roland Giraud
62734|Martin Lamotte
62736|Jacqueline Maillan
62757|Hai Qing
62763|Henry Prince Mak
62767|Chen Zhuzhu
62769|Feng Ji
62772|Adam Long
62773|Jonathan Whitesell
62780|Dan Krauss
62789|Chris Casamassa
62790|François Petit
62793|Kevin Droney
62795|Nathaniel Brown
62796|Cyril Roy
62799|Ed Spear
62802|Nobuko Imai
62803|Sakiko Fukuhara
62835|Lilia Buckingham
62843|Blake Harris
62860|Thierry Neuvic
62863|Jessica Griffiths
62864|Ferguson Reid
62865|Derek Sakakura
62866|George McLaren
62869|Pili Groyne
62874|Serge Larivière
62877|Romain Gelin
62900|David Johansen
62919|Federico Ielapi
62925|Alessio Di Domenicantonio
62980|Emanuel Ragsdale
62983|Jill Basey
62991|Karissa Tynes
62994|Joel Semande
62996|Cainan Wiebe
63006|Jade Cohen
63007|Marcia Bennett
63028|Lily Bird
63029|Jessica Clement
63044|John Boyle
63051|Élise Lhomeau
63052|Jeanne Disson
63056|Reda Oumouzoune
63069|Troy Miller
63071|Jeff Cesario
63076|Chase W. Dillon
63084|Creek Wilson
63089|Amanda Sandrelli
63091|Carlo Monni
63096|Fiorenzo Serra
63101|Giuseppe Bertolucci
63112|Alexander Bao
63117|Bey Logan
63118|Paul Wheeler
63119|Bennett Davlin
63125|Rachel Duff
63134|Brigitte Hales
63152|Jerry Nelson
63155|Don Austen
63156|Jessica Fox
63157|Robert Tygner
63175|Quvenzhané Wallis
63177|Levy Easterly
63178|Gina Montana
63179|Lowell Landes
63180|Pamela Harper
63183|Nicholas Clark
63184|Joseph Brown
63185|Benh Zeitlin
63199|Daniel Antoniazzi
63200|Ben Shiffrin
63202|Gwyn Lurie
63213|Juanita Moore
63225|Jack Donner
63226|Victor Gonzalez
63227|Vince Cheung
63229|Ben Montanio
63232|Muriel Robin
63235|Pierre Vial
63237|Claire Nadeau
63239|Marie Guillard
63251|Lauren Blumenfeld
63259|Blanche Gardin
63261|Rémi Gérard
63262|Olivier Pajot
63264|Marie-Lorna Vaconsin
63265|Maïe Degove
63268|Ariane Fert
63276|Peter Elliott
63278|Geoffrey Heath
63288|K.C. Collins
63296|Heydon Prowse
63302|Walter Sparrow
63303|Valerie Hill
63304|Andrea Pickering
63307|Ross Lynch
63311|John DeLuca
63317|Jeffrey Hornaday
63319|Mark Landry
63320|Robert Horn
63325|Susanne Sutchy
63326|Robert Bockstael
63329|Ellison Grier Butler
63343|Uri Gavriel
63358|Jeff Davis
63359|Joseph P. Genier
63361|Will Wallace
63366|Weruche Opia
63370|Antonio Raine Pastore
63371|Chris D'Silva
63395|Kamil Nożyński
63396|Victoria Mahoney
63399|Sarah L. Walker
63411|Samantha McIntyre
63414|Philippe Volter
63418|Władysław Kowalski
63420|Janusz Sterninski
63432|Helena Michell
63434|Patricia Fugger
63435|George T. Miller
63438|Thomas Law
63440|Jazzara Jaslyn
63441|Nicole Fortuin
63445|Chloe Perling
63446|Ally White
63457|Teance Blackburn
63475|Joséphine Japy
63481|Samir Boitard
63482|Christian Benedetti
63486|Igor Gotesman
63487|Benjamin Parent
63494|Antoni Davidov
63495|Radoslav Parvanov
63508|Flora Robson
63511|Desmond Davis
63512|Beverley Cross
63519|Subbaraju
63526|Rahul Koda
63535|Stéphane Metzger
63536|Alain de Moyencourt
63539|Louis Ashbourne Serkis
63540|Dean Chaumoo
63559|Christopher Maher
63560|Phyllis Newman
63561|Michael Gottlieb
63562|Edward Rugoff
63573|Cody Flanagan
63577|Lyon Daniels
63580|Lotus Blossom
63581|Dylan Henry Lau
63582|Andrew Díaz
63585|Nathan Blair
63596|Rune Temte
63606|Li Man
63608|Chen Jin
63612|Bian Zhihong
63614|Wu Nan
63623|Winter Jarrett Glasspool
63624|Andrei Shen
63644|Ewens Abid
63647|Bertrand-Xavier Corbi
63669|Peppe Barra
63670|Franco Javarone
63672|Bruno Arena
63673|Corrado Pani
63682|Gilbert Melki
63683|Serge Riaboukine
63684|Akim Chir
63685|Laurent Jumeaucourt
63686|Solange Milhaud
63687|Loïc Pora
63688|Venus Boone
63689|Eric Balliet
63698|Mieko Satoh
63710|Vanessa Carrasco
63719|Trevor Tordjman
63720|Kylee Russell
63723|James Godfrey
63729|David Light
63730|Adriano Tardiolo
63735|Tommaso Ragno
63738|Carlo Massimino
63739|Daria Pascal Attolini
63747|Matthew Edison
63762|Mark Pawson
63771|Paulina Porizkova
63775|Candyce Mason
63786|Marc Hawes
63788|Tucker Meek
63789|Luke James
63797|Phil Buckman
63799|Pierre Cosso
63801|Maria Machado
63803|Serge Basso
63804|Anthony Waller
63805|Tom Stern
63807|Tim Burns
63810|Anne Girouard
63811|Thomas Cousseau
63812|Franck Pitiot
63813|Jean-Christophe Hembert
63815|Jacques Chambon
63827|Diana Maria Riva
63846|Isabella Gómez
63848|Lillian Doucet-Roche
63852|Taz Van Rassel
63877|Nicholas Sadler
63878|Rodman Flender
63879|Terri Hughes
63880|Ron Milbauer
63892|Ezra D. Rappaport
63893|Bill Martin
63902|Sebastian Stankiewicz
63903|Tue Lunding
63906|Constantin Werner
63925|Bradford Tatum
63929|Esteban Powell
63932|David Oakes
63935|Winslow Iwaki
63939|Alejandro Rod
63940|Julien Blaschke
63941|Damián Montesdeoca
63956|Rakel Lenora Fløttum
63957|Alva Brynsmo Ramstad
63958|Sam Ashraf
63959|Mina Yasmin Bremseth Asheim
63961|Morten Svartveit
63962|Kadra Yusuf
63963|Lisa Tønne
63965|Marius Kolbenstvedt
63973|Jake McKinnon
63975|Richard Assad
63984|John Horton
63988|Elizabeth Franz
64000|Joss Wyre
64001|Stephen Cromwell
64002|Luc Walsh
64004|Felipe Marino
64006|Tom de Ville
64030|Bruno Sanches
64034|Louise Chabat
64035|Eléna Plonka
64038|Hal Scardino
64042|Rishi Bhat
64053|Kerry Knuppe
64059|Stephanie Levi-John
64060|Paul Leyden
64070|Ed Van Nuys
64078|Rauno Juvonen
64081|Peeter Jakobi
64083|Risto Salmi
64084|Jens Sivertsen
64093|Analin Rudd
64094|Markus Hamilton
64096|Matt Gillanders
64107|Vincent Rottiers
64110|Luc Bossi
64119|John Alvin
64121|Audrey Bennett
64135|Jerry Leichtling
64136|Arlene Sarner
64158|Landyn Stewart
64159|Rob Zabrecky
64168|Willa Skye
64180|Lucy Davenport
64181|Roy Sampson
64183|Neville Phillips
64184|Ben Ridgeway
64185|Teo-Wa Vuong
64187|Christina Welsh
64193|Brent Chalem
64194|Ryan Lambert
64196|Michael Faustino
64205|Kristy Wu
64207|Millicent Martin
64208|Summer Bishil
64209|Leslie Wing
64229|Tomer Oz
64251|Mary Stavin
64254|Mark Silver
64256|Alan Autry
64266|Ji Hyun-jun
64267|Kwon Beom-taek
64284|Elyse Hollander
64291|Edan Hayhurst
64292|Amir Wilson
64293|Isis Davis
64294|Richard Hansell
64295|David Verrey
64300|Sean Ono Lennon
64301|Kelley Parker
64303|Ben Aaron
64305|Brent Kelly
64306|Khiry Abdul-Samad
64307|Jose Chaidez
64311|Jim Blashfield
64331|Coralie Russier
64332|Roméo Elvis
64334|Gaspard Augé
64335|Marius Colucci
64345|Jessica Lee Keller
64346|Mollee Gray
64347|Beth Lacke
64359|Dan Martin
64364|Ken Marshall
64369|David Battley
64372|John Welsh
64374|Peter Yates
64381|Dylan Taylor
64383|Sally Crooks
64384|Alden Adair
64385|Mitch Cullin
64391|Daniel Greene
64393|Susan Kellermann
64395|Ellen Dunning
64400|Sam Egan
64401|John Paragon
64409|Billy Choi
64411|Joey Abril
64412|Cuete Yeska
64438|Thuy Trang
64442|Alan Gelfant
64443|Tim Pope
64446|Uma Bracaglia
64447|Eneko Sagardoy
64450|Josean Bengoetxea
64453|Maite Bastos
64454|Iñigo de la Iglesia
64455|Paul Urkijo Alijo
64462|Phillip Van Dyke
64489|Katie Schlossberg
64493|Judith Kahan
64495|Mary Hale
64498|Chris Miller
64506|Hunter Tremayne
64507|Johnny Melville
64521|Ingrid Park
64524|Amy Talkington
64546|Joaquín Climent
64548|Itziar Castro
64549|Ana María Ayala
64550|Eduardo Casanova
64575|Michael Elliot
64576|Jordan Moffet
64578|Ashley Liao
64581|Niles Fitch
64582|Faly Rakotohavana
64587|Anna Mastro
64594|Madalen Mills
64600|David E. Talbert
64609|Sab Shimono
64610|Brady Tsurutani
64630|Alastair Galbraith
64631|Philippe Calvario
64633|Marianne Faithfull
64635|Michael Fitzgerald
64639|Anne-Louise Trividic
64644|Fernand Ledoux
64645|Micheline Presle
64647|Henri Crémieux
64648|Pierre Repp
64649|Louise Chevalier
64658|Giuliano Mantovani
64659|Gian Piero Capretto
64661|Ramona Fiorini
64685|Lance Luu
64691|Jessica Manuel
64698|John D'Aquino
64700|Kerry Remsen
64702|Kimberly Ross
64706|Stan Winston
64707|Mark Patrick Carducci
64710|Richard Weinman
64713|Tamera Mowry-Housley
64718|Jessica Greco
64719|Jackie Rosenbaum
64723|Melissa Gould
64735|Paul Solet
64736|Ryan Schifrin
64737|Axelle Carolyn
64738|Lucky McKee
64739|Andrew Kasch
64740|Adam Gierasch
64744|John Skipp
64745|Mike Mendez
64749|Clint Sears
64756|Gregg Commons
64776|Alizée Caugnies
64778|Grégory Fitoussi
64779|Bruno Gouery
64780|Jaroslav Vundrle
64781|François Uzan
64782|Céleste Balin
64787|Kim Lockhart
64788|Jean-Stan du Pac
64792|Inès Spiridonov
64797|Anne Bobby
64804|Malcolm Smith
64805|Bob Sessions
64811|Jordan Todosey
64812|David Richmond-Peck
64817|Michael Cram
64826|Jason Douglas
64831|Marco Schnabel
64832|Salvatore Ficarra
64833|Valentino Picone
64836|Massimo Cagnina
64838|Giacomo Mattia
64839|Azelarab El Kaughat
64840|Giovanna Marchetti
64841|Mauro Spitaleri
64844|Fabrizio Testini
64856|Flora Newbigin
64858|Raymond Pickard
64860|Aden Gillett
64875|Ramaa Mosley
64876|Tim Macy
64883|Elizabeth Tan
64886|Matty McCabe
64887|Dawn Bradfield
64888|Maurice Byrne
64906|Chandler Kinney
64911|Ariel Martin
64919|Sara Kestelman
64926|Christopher Casson
64936|Oleg Khmelnitsky
64937|Alla Osipenko
64938|Artyom Strelnikov
64941|Anatoly Nikiforov
64956|Iben Akerlie
64960|Kai Kolstad Rødseth
64963|Geir Kaspersen
64968|Norman Lesperance
64980|Crispian Mills
64981|Henry Fitzherbert
64986|Holger Andersson
64987|Nisse Vestblom
64988|Viktor Gyllenberg
64989|Lotti Törnros
64990|Jonas Gerholm
64991|Ola Stensson
64992|Oscar Salomonsson
64993|Roger Olsen Likvern
64995|Göran Holm
65017|Chris Redd
65021|Kelly Younger
65029|György Szathmári
65033|Lucy Shuttleworth
65034|Graham Alborough
65040|Sophia Reid-Gantzert
65041|Che Tafari
65042|Santino Barnard
65046|Kevin Jakubowski
65050|Timothy Renouf
65052|Gloria Garcia
65053|Myfanwy Waring
65054|Spencer Sutherland
65056|Carrie Freedle
65069|Siiri Solalinna
65070|Sophia Heikkilä
65071|Jani Volanen
65072|Reino Nordin
65073|Oiva Ollila
65075|Saija Lentonen
65077|Hertta Nieminen
65078|Aada Punakivi
65079|Hanna Bergholm
65090|Kai Cech
65092|Gavin Munn
65095|Dan Ewen
65100|Luigi Calagna
65101|Antonella Carone
65102|Michele Savoia
65103|Giustina Buonomo
65104|Maria Protomastro
65106|Paolo Di Caprio
65107|Gianluca Leuzzi
65110|Emanuela Canonico
65111|Andrea Boin
65121|Milton Davis Jr.
65123|Tony Longo
65125|George Wells
65126|Holly Goldberg Sloan
65133|Robert Lujan
65137|Michael Knowles
65138|Robert Bierman
65141|Caitlin Custer
65142|Sarah Hay
65147|Ben Hethcoat
65149|James Bachman
65171|Dahlia Salem
65176|Ezra Godden
65178|Raquel Meroño
65181|Birgit Bofarull
65182|Uxía Blanco
65183|Ferran Lahoz
65185|Alfredo Villa
65192|Dara Reneé
65197|Peder Lindell
65198|Jennifer Phang
65199|Dan Frey
65203|Eveline Hall
65210|Wendy Rosas
65211|Nathan Frankowski
65212|Ed Alan
65217|Garwin Sanford
65219|Jillian Fargey
65220|Katelyn Wallace
65221|Shaina Tianne Unger
65222|Stephanie Moore
65230|Rollo Weeks
65236|Uli Edel
65244|Ben Hammer
65245|Ralph Strait
65247|Janet Jones
65248|Tony Epper
65251|Paul Pepperman
65252|Joséphine Sanz
65253|Gabrielle Sanz
65255|Stéphane Varupenne
65257|Florès Cardo
65258|Josée Schuller
65259|Guylène Péan
65266|Yuntu Cao
65269|MTJJ
65280|Blanca Araceli
65281|Joe Mande
65292|Terry Hu
65322|Matt Wall
65325|Elisa Pinheiro
65327|Miguel Rômulo
65328|Louise Cardoso
65329|Levi Ferreira
65330|Danielle Winits
65331|Rodrigo Fagundes
65332|José Rubens Chachá
65333|Daniel Filho
65334|Roberto Santucci
65335|Paulo Cursino
65348|Jennifer Graves
65366|Sarah Swire
65368|Christopher Leveaux
65373|Sean Connor
65374|John Winchester
65375|John McPhail
65376|Ryan McHenry
65382|Kevin O'Brien
65391|Ken Berry
65392|Stefanie Powers
65396|Ivor Barry
65405|Giacomo Piperno
65408|Paolo Baroni
65409|Annabella Schiavone
65424|Dan Vebber
65427|Loni Steele Sosthand
65433|Christy Carlson Romano
65439|Víctor García
65468|Jorge Clemente
65469|Michelle Calvó
65472|Yon González
65476|Carlos Sedes
65477|Cristóbal Garrido
65478|Ramón Campos
65479|Gema R. Neira
65481|Davor Dujmović
65483|Ljubica Adžović
65486|Zabit Memedov
65487|Elvira Sali
65488|Suada Karišik
65491|Gordan Mihić
65518|Wang Yun
65528|André Jacobs
65530|Ri-Karlo Handy
65531|Hannah Gonera
65532|Kalifa Burton
65561|Ali LeRoi
65566|Jack Wisniewski
65568|India Brown
65571|Zazie Hayhurst
65573|Simon Otto
65575|Peter Souter
65577|Dwaine Stevenson
65578|Erika Heynatz
65579|Samantha Noble
65580|Michael Piccirilli
65581|Harry Pavlidis
65585|Valentino del Toro
65586|Shane Abbess
65607|Lena Lapres
65608|Roxane Arnal
65609|Nagisa Morimoto
65612|Marie-Christine Orry
65615|Dave Mullins
65617|Thanapat Saisaymar
65618|Jenjira Pongpas
65619|Sakda Kaewbuadee
65623|Kanokporn Tongaram
65625|Sumit Suebsee
65626|Mathieu Ly
65658|Sam Marin
65660|Minty Lewis
65664|Ali Hillis
65667|Sean Szeles
65671|Michele Cavin
65672|John Infantino
65674|Owen Dennis
65675|Matt Price
65678|David Forrester
65680|Robert Sedgwick
65682|Donald Van Horn
65683|Michael Deak
65685|George Guidall
65726|Anthony Walters
65728|Lucy Gutteridge
65729|Clive Donner
65730|Roger O. Hirson
65733|Louis Tripp
65737|Ingrid Veninger
65738|Linda Goranson
65740|Sean Fagan
65741|Tibor Takács
65742|Michael Nankin
65743|Eric Walker
65747|Aubree Miller
65748|Daniel Frishman
65751|Pam Grizz
65752|Kevin Thompson
65753|John Korty
65758|Jill Frappier
65760|Jess Brown
65761|Mathieu Bourassa
65762|Luxton Handspiker
65763|Eden Gjoka
65764|Khiyla Aynne
65780|Serhiy Dyachenko
65781|Marina Dyachenko
65790|Bill Calvert
65796|Gregory Hansen
65797|Erik Hansen
65802|Jon Olson
65818|Michael Vogel
65819|Meghan McCarthy
65824|Atticus Mitchell
65826|Kate Todd
65828|Ella Jonas Farlinger
65833|Jennifer Pertsch
65835|Tom McGillis
65837|Renaud Marx
65838|Agnès Viala
65839|Pascal Mazzotti
65840|Albert Médina
65841|Philippe Derrez
65842|Raymond Bussières
65843|Roger Blin
65845|Hubert Deschamps
65847|Jacques Prévert
65862|Vebjørn Enger
65864|Elias Holmen Sørensen
65870|Gisken Armand
65871|Ida Ursin-Holm
65873|Espen Enger
65880|Anne Krigsvoll
65881|Duc Mai-The
65882|Jon Ketil Johnsen
65908|Richard Green
65911|Michael Goguen
65932|Analisa LaBianco
65935|Jeffery Spencer
65944|Takeo Ogawa
65946|Kota Fuji
65955|Ashley Peldon
65958|Eleanor Mondale
65959|Ate de Jong
65962|Elizabeth Livingston
65986|Raphaël Katz
65991|Armelle
65993|Martin Jobert
65996|Nicolas Bary
66001|Teresa Gimpera
66003|Isabel Tellería
66004|Laly Soldevila
66006|José Villasante
66007|Juan Margallo
66009|Ketty de la Cámara
66010|Víctor Erice
66011|Ángel Fernández Santos
66022|Lane Edwards
66033|Kellen Boyle
66049|Allison Liddi-Brown
66052|David Morgasen
66062|Alice Dufour
66075|Connor Fielding
66076|Owen Fielding
66078|Jackie Filgo
66080|Jeff Judah
66085|Susan Kelechi Watson
66114|Amy Sakasitz
66115|Kellen Hathaway
66129|John Henshaw
66132|Maria Nation
66154|Kerris Dorsey
66156|Zoey Vargas
66157|Sidney Fullmer
66165|Jean Shepherd
66174|Leigh Brown
66184|Katherine Boecher
66196|Nicola Correia Damude
66199|Vieslav Krystyan
66208|Pierre Lottin
66210|Fadila Belkebla
66213|Olivier Baroux
66222|Amanda Troya
66237|Ashlee Lauren
66240|Gary Nadeau
66248|Camilla Søeberg
66250|Annabelle Gurwitch
66257|Brendan Kelly
66258|Ashlie Brillault
66259|Clayton Snyder
66262|Hallie Todd
66263|Jim Fall
66266|Susan Estelle Jansen
66281|Nassor Said Birya
66282|Souleymane Sylla
66286|Jean Marie Godet
66287|Nunzio Cappiello
66288|Eduardo Rejón
66292|Paolo Virzì
66298|Marty York
66300|Grant Gelt
66316|Tom Poston
66317|Joe Roth
66349|Chris Brochu
66372|Romane Bohringer
66373|Jules Sitruk
66377|Michel Fessler
66384|Emily Lloyd
66387|Vann Gravage
66389|Susan Traylor
66391|Richard Friedenberg
66392|Norman Maclean
66393|Maxime Godart
66397|François-Xavier Demaison
66401|Anémone
66403|Laurent Tirard
66404|Grégoire Vigneron
66408|Sanya Malhotra
66409|Zaira Wasim
66414|Vivan Bhatena
66417|Nikhil Mehrotra
66422|Lannick Gautry
66423|Julie Fournier
66440|Ashley Hamilton
66453|Juliocesar Chavez
66464|Grayson Russell
66474|Heidi Kling
66478|Vincent Larusso
66480|Danny Tamberelli
66483|Paola Cortellesi
66486|Luca Angeletti
66487|Antonio D'Ausilio
66488|Alice Maselli
66489|Simone de Bianchi
66491|Franca Leosini
66492|Alessandra Giudicessa
66493|Riccardo Milani
66494|Furio Andreotti
66501|Steve Ross
66505|Kirsten Olson
66506|Jocelyn Lai
66508|Tim Fywell
66509|Meg Cabot
66510|Hadley Davis
66517|Lachlan Nieboer
66534|Omar Leyva
66536|Grant Thompson
66537|Bettina Gilois
66538|Christopher Cleveland
66560|Charlotte Akin
66561|Anna Marie Allred
66562|Adam Anderly
66570|Mia Xitlali
66571|Dejon LaQuake
66585|Katija Pevec
66597|Sonny Hyman
66603|Frank Cottrell Boyce
66609|Niamh Wilson
66611|Rick Mercer
66624|Michael Bryan French
66625|Christine Tucci
66646|Karyn Parsons
66651|Steven Martini
66652|Andrew Leeds
66654|Joseph Blaire
66656|Dean Lorey
66664|Alejandra Flores
66667|Bus Riley
66670|Jeff Bonnett
66672|Ron Oliver
66683|Bharat Nalluri
66684|Susan Coyne
66691|Vincent Scarito
66692|Maï Anh Le
66694|Stéphanie Lagarde
66722|Sam Schreiber
66728|Allie Bertram
66741|Diane Salinger
66743|Irving Hellman
66745|Damon Martin
66746|Alice Nunn
66751|Michael Varhol
66757|Karen Taylor
66758|Liam Hess
66760|Manjeeven Grewal
66775|Kevin Haberer
66787|Aria Wallace
66791|Katherine Torpey
66792|Heather Robinson
66794|Artus
66795|Clovis Cornillac
66796|Alice Belaïdi
66799|Gad Abecassis
66800|Ludovic Boul
66801|Stanislas Carmont
66802|Marie Colin
66803|Thibaut Conan
66806|Milan Mauger
66807|Clément Marchand
66808|Zita Hanrot
66809|Liam Pierron
66812|Alban Ivanov
66816|Adèle Galloy
66817|Gaspard Gevin-Hié
66819|Mehdi Idir
66836|Matt Prokop
66840|Andrea Brooks
66843|David Del Rio
66857|Sabrina Aldridge
66860|Chris Ord
66861|Matt Corman
66869|Hutch Dano
66879|Gary Valentine
66887|Keith Blum
66888|Chris Titone
66909|Joanna Bacalso
66911|Michael Bolton
66922|Sergio Olmo
66924|Gloria Ramos
66925|Alberto Nieto Fernández
66926|Julio Fernández
66927|Jesús Lago
66928|Javier Fesser
66929|David Marqués
66932|Martina D’Antiochia
66935|Carlos González Morollón
66938|Silvia Abril
66942|Marta González de Vega
66943|Aileen Quinn
66946|Ann Reinking
66951|Toni Ann Gisondi
66952|Rosanne Sorrentino
66954|Carol Sobieski
66962|Finley Rose Slater
66965|Daniel Cudmore
66978|Joël Dupuch
66979|Clémentine Baert
66990|Filippo Gili
66991|Giacomo Rosselli
66992|Laura Obiols
66993|Francesco Amato
66995|Davide Lantieri
66996|Alessio Vicenzotto
67041|Jules Feiffer
67057|Richard Hunt
67062|Milton Berle
67064|James Frawley
67065|Jack Burns
67067|Winter The Dolphin
67069|Cozi Zuehlsdorff
67078|Noam Dromi
67082|Mike Ditka
67087|Steven Anthony Lawrence
67101|Dan Joffre
67102|Pedro Miguel Arce
67104|Hank Nelken
67117|Dylan Sellers
67123|Charlotte Gabris
67125|Josephine Callies
67129|Vladimir Houbart
67132|Frédéric Jardin
67143|Nichole Galicia
67144|Troy Byer
67145|Michael Swerdlick
67154|Paul Willson
67155|Alan Blumenfeld
67168|Pius Savage
67169|Clint Youngreen
67172|David Fallon
67173|Nick Thiel
67185|David Schmidt
67192|Andrea Moor
67194|Toby Wallace
67195|Sebastian Gregory
67196|Nathan Derrick
67198|Chris Haywood
67199|Brendan Maher
67202|Shawn Mendes
67208|Ego Nwodim
67230|Emilia McCarthy
67234|Lucia Walters
67250|James Lamont
67251|Jon Foster
67278|John Mattson
67281|Ludwig Briand
67284|Sonia Vollereaux
67286|Jackie Berroyer
67288|Louba Guertchikoff
67291|Igor Aptekman
67298|Nigel Hamer
67300|Andrea Lewis
67304|Michael Walsh
67309|Stephen Rannazzisi
67326|Aliza Vellani
67329|Gregg Rossen
67330|Brian Sawyer
67342|Jim Fisher
67343|Jim Staahl
67352|Fern Persons
67355|Michael O'Guinne
67356|Wil Dewitt
67357|John Robert Thompson
67358|David Anspaugh
67359|Angelo Pizzo
67360|Grace VanderWaal
67369|Allison Wentworth
67381|Loles León
67392|Christopher Cazenove
67410|Raj Bajaj
67420|Tristan Mack Wilds
67432|Viveka Davis
67433|Gail Boggs
67434|Ralph Foody
67449|Kevin Kopelow
67450|Heath Seifert
67453|Cameron Goodman
67465|Mike C. Manning
67472|Colton Tran
67474|Justin Ware
67483|Brahim Bouhlel
67490|Yann Arthus-Bertrand
67491|Jacques Gamblin
67494|Denis Carot
67496|Isabelle Delannoy
67502|Matyelok Gibbs
67503|Lloyd Owen
67508|Richard Maltby, Jr.
67517|Kara Pacitto
67518|Katelyn Pacitto
67529|Al Michaels
67530|Tommy Lasorda
67531|Bob Uecker
67533|Julie Hickson
67535|Brian Bonsall
67547|Blake Snyder
67555|Angeline Ball
67569|Richard Donat
67570|Paco Arango
67573|Shanna Keil
67574|Marie Gillain
67580|Ezio Sutter
67581|Monique Barbarat
67584|Stéphane Vasseur
67585|Rémi Sappe
67588|Valentina Lodovini
67589|Angelica Elli
67590|Bianca Usai
67591|Matteo Castellucci
67592|Diana Del Bufalo
67595|Giulia Appolloni
67598|Giovanni Bognetti
67602|Youk the Bear
67619|John Roberts
67632|Elisa Bell
67639|Norman Browning
67641|Nicola Cavendish
67645|Aaron Mendelsohn
67653|Abi Monterey
67654|Holly J. Barrett
67655|Myles Perez
67657|John R. Morey
67660|Robert Rugan
67666|Jeremy Ratchford
67667|Deborah Verginella
67670|Ken James
67671|Carroll Ballard
67673|Vince McKewin
67677|Derek Johns
67683|Paula Costain
67697|Neil Goldman
67703|Sandra Caldwell
67704|Juan Chioran
67705|Lori Alter
67707|Denton Rowe
67708|Oz Scott
67709|Alison Taylor
67722|Ronald Yanover
67723|Mark Geldman
67728|Bobby Fite
67746|Michael O. Sajbel
67756|Angelo Spizzirri
67764|Ryan Donowho
67765|Charlie Saxton
67769|Lisa Chung
67785|Jim Burnstein
67788|Jean Texier
67789|Clément Godefroy
67791|Louis Dussol
67792|Harold Werner
67794|Ilona Bachelier
67800|Stéphane Keller
67809|Jayne Brook
67813|Tara Ison
67822|Alexandra Lamy
67831|Nathalia Ramos
67832|Skyler Shaye
67836|Ian Nelson
67841|Adam de la Peña
67842|David Eilenberg
67849|Danny Pritchett
67850|Troy Simmons
67852|Joey Simmrin
67855|Robert Shallcross
67862|Michael Treanor
67865|Rand Kingsley
67866|Alan McRae
67867|Margarita Franco
67868|Kate Sargeant
67872|Edward Emanuel
67878|Naomi Sequeira
67879|Valerie Bader
67881|Jeremy Lindsay Taylor
67882|Marcus Graham
67883|Kimie Tsukakoshi
67884|Rhiannon Bannenberg
67886|Maleaume Paquin
67892|Albane Masson
67895|Nicola Duffett
67896|Antoine Blossier
67902|Hofesh Shechter
67906|Mehdi Baki
67919|Luke Hardeman
67954|Lindsay Watson
67960|Jude Weng
67961|Christina Strain
67968|Taeho K
67979|Rusty Shackleford
67980|Jo Wyatt
67987|Madison Brown
67988|Camila Rhodes
68005|Dava Savel
68006|Wendy Weiner
68016|Andy Fischer-Price
68020|Michael Saccente
68021|John Laing
68024|B. Mark Seabrooks
68030|Roz Braverman
68033|Jason Hervey
68034|Paul C. Scott
68035|Helen Boll
68038|Leonard Ripps
68048|Nikki Hahn
68050|Max Gecowets
68051|Jet Jurgensmeyer
68052|Madison Horcher
68053|Kevin G. Quinn
68055|Gabrielle Miller
68057|David Simkins
68061|Vicky Haughton
68064|Mana Taumaunu
68066|Taungaroa Emile
68068|Mabel Wharekawa
68072|René Le Vant
68073|Felicity Kendal
68075|Walter Cronkite
68077|Joey Shea
68084|Dick Zondag
68093|Pau López
68094|Masumi Mutsuda
68097|David Alonso
68103|Mathilde Seigner
68106|Vincent Bres
68107|Salomé Lemire
68108|Théo Bertrand
68109|Tristan Vichard
68110|Tom Rivoire
68111|Louis Lefèbvre
68122|Enuka Okuma
68125|Sarah Rothschild
68140|Quirin Agrippi
68141|Isabelle Ottmann
68144|Hannelore Hoger
68145|Jella Haase
68147|Peter Lohmeyer
68148|Alain Gsponer
68151|Brittany McDonald
68161|Bridgit Mendler
68163|Jason Dolley
68170|Pamela Dunlap
68178|John Batchelor
68181|Loene Carmen
68182|Paul Blackwell
68184|Daniel Taplitz
68198|Benny Emmanuel
68200|Salvador Garcini
68202|Gabriela Cartol
68203|Juan Carlos Medellin
68204|Ari Gallegos
68206|Héctor Holten
68207|Ernesto Contreras
68212|Miya Muqi
68216|Amyra Dastur
68217|Paul Philip Clark
68223|Jenny Pellicer
68224|Alyssya Swales
68225|Elizabeth Irving
68229|Ian Hanlin
68232|Kacey Arnold
68236|Carlos Espejel
68237|Angélica Vale
68238|Dione Riva Palacio Santacruz
68240|Mayra Rojas
68241|Ariel Miramontes
68243|Freddy Ortega
68244|Gabriel Riva Palacio Alatriste
68257|Tom Owens
68263|Peter Vives
68264|Belinda
68265|Golan Yosef
68271|Bethesda Brown
68274|Miles Richardson
68275|Charlotte Salt
68280|Răzvan Oprea
68281|Oxana Moravec
68293|Louis Zorich
68297|Tom Patchett
68310|Delaney Jones
68312|Dannah Feinglass Phirman
68315|Lewis McGibbon
68317|Daisy Donovan
68321|Jane Hogarth
68322|Pearce Quigley
68329|Momona Tamada
68331|Abby James Witherspoon
68333|Jessie Mueller
68339|Josh Koenigsberg
68347|Ashley Argota
68351|Ieva Lucs
68354|Jason Mayland
68363|Nicholas Guest
68367|David Goldman
68369|Joseph Wayne Miller
68370|Cody Burger
68371|Aaron Schwartz
68382|Hayden Zaller
68385|Chance Kelly
68405|Charles August Nichols
68406|Iwao Takamoto
68423|Joshua Pruett
68444|Lucrezia Lante della Rovere
68447|Federica Fracassi
68450|Francesca Manzini
68451|Piero Concilietti
68475|Tom Wheatley
68483|Michael Manasseri
68484|Harvey Miller
68485|Michael A. Nickles
68486|Nina Siemaszko
68488|Greg Beeman
68491|Ethan William Childress
68492|Hunter Dillon
68495|Gracen Newton
68499|Braxton Baker
68500|Swinton O. Scott III
68501|Jeff Kinney
68502|Rosana Sullivan
68507|Matt Hill
68514|Kallan Kagan
68515|Eric Fogel
68518|Sylvain Marcel
68519|Arnaud Préchac
68520|Denis Lefrançois
68521|Danielle Fichaud
68523|Antoine Vézina
68525|Pascale Desrochers
68526|Victoria Sio
68529|Brigitte Buc
68565|Andre Ware
68569|Steven E. Gordon
68578|Alexander Woo
68581|Natalie Nourigat
68589|Holly Dorff
68596|Eden Espinosa
68604|Tom Caulfield
68605|Stephen Sandoval
68606|Jase Ricci
68617|Joe Pearlman
68618|Casey Patterson
68621|Morgan Spurlock
68623|Lisa Ganjhu
68624|Stephen Siegel
68625|Bridget Bennett
68626|Eric Rowley
68627|Mark Fenton
68628|Alexandra Jamieson
68629|John Banzhaf
68630|David Satcher
68632|Tristan Harris
68636|Sandy Parakilas
68637|Guillaume Chaslot
68639|Aza Raskin
68640|Alex Roetter
68641|Tim Kendall
68642|Jeff Orlowski
68643|Vickie Curtis
68644|Davis Coombe
68650|Ryan Dunn
68651|Jason 'Wee Man' Acuña
68653|Dave England
68655|Brandon DiCamillo
68656|Jeff Tremaine
68665|Dimitry Elyashkevich
68666|Whitey McConnaughy
68667|Sean Cliver
68669|Tim Payne
68671|Phil Clapp
68677|George H. W. Bush
68680|Jacobo Árbenz
68681|Mike Bradley
68683|Arthur A. Busch
68684|Michael Caldwell
68685|Richard Castaldo
68690|Abdul Henderson
68710|Phil Margera
68714|Derek Freda
68715|Barry Owen Smoter
68717|Jarppi Leppälä
68718|Mike Kassak
68719|Jarno Laasala
68721|Jukka Hildén
68728|Hannu-Pekka Parviainen
68731|David Weathers
68742|Edward Snowden
68747|Jacob Appelbaum
68748|Julian Assange
68750|Kevin Bankston
68751|Ewen MacAskill
68759|Mitch Winehouse
68760|Tyler James
68761|Nick Shymansky
68795|Al Walker
68800|Juicy J
68808|Mark Lewman
68813|Dean Gomersall
68814|Samantha Berg
68815|John Jett
68816|John Hargrove
68817|Carol Ray
68818|Jeffrey Ventre
68820|Ken Balcomb
68821|Mark Simmons
68825|Eli Despres
68827|Alain Prost
68829|Ron Dennis
68831|Milton da Silva
68832|Neyde Senna
68833|Jackie Stewart
68837|Manish Pandey
68844|Esther Acebo
68845|Jaime Lorente
68848|Luis Alfaro
68849|Pablo Lejarreta
68850|Javier Gómez Santander
68853|Zayn Malik
68860|Jon Shone
68861|Dan Richards
68865|Deborah Chow
68873|David Gelb
68874|Craig Foster
68876|James Reed
68877|Philippa Ehrlich
68880|Stephen Segerman
68881|Rodriguez
68884|Mike Theodore
68886|Sandra Rodriguez-Kennedy
68887|Clarence Avant
68888|Steve Rowland
68889|Malik Bendjelloul
68892|Craig Bartholomew Strydom
68894|Billy McFarland
68896|Jason Bell
68897|Gabrielle Bluestone
68899|Michael Ciccarelli
68900|Mdavid Low
68901|Samuel Krost
68902|Andy King
68903|J.R.
68909|Dorian Holley
68911|Bashiri Johnson
68912|Mo Pleasure
68913|Jonathan Moffett
68914|Tommy Organ
68915|Jasmine Alveran
68924|Davis Guggenheim
68928|Thierry Guetta
68932|Debora Guetta
68935|Swoon
68936|Borf
68939|Philippe Petit
68940|Jean François Heckel
68941|Jean-Louis Blondeau
68943|David Forman
68944|Alan Welner
68945|Barry Greenhouse
68946|Jim Moore
68948|Richard Nixon
68951|Warren Queeney
68952|Willy Fulton
68953|Sam Egli
68955|Marc Gaede
68956|Larry Van Daele
68957|Sven Haakanson
68960|Amie Huguenard
68970|Sean McInerney
68975|Nick Kreiss
68981|Colton Dunn
68983|Derrick Beckles
69005|Fay Wray
69011|Laurent Bouzereau
69014|John Kerry
69017|Pope Francis
69020|Michael Brune
69021|Marc Mageau
69025|Dave Zabriskie
69026|Don Catlin
69027|Grigory Rodchenkov
69028|Scott Brandt
69029|Ben Stone
69030|Richard Pound
69031|Richard McLaren
69032|Nikita Kamaev
69037|Jon Bertain
69038|Timothy Rode
69042|Tim Wardle
69043|Jelani Cobb
69044|Angela Davis
69045|Henry Louis Gates, Jr.
69047|Cory Booker
69049|Michael Hough
69050|Gina Clayton
69051|David Keene
69052|James Kilgore
69057|Tony Benn
69059|Reggie Cervantes
69060|John Graham
69069|Masuhiro Yamamoto
69070|Yoshikazu Ono
69072|Daisuke Nakazama
69073|Hachiro Mizutani
69074|Harutaki Takahashi
69075|Hiroki Fujita
69076|Tsunenori Ida
69078|Godfrey Reggio
69084|Herman Koto
69085|Syamsul Arifin
69086|Ibrahim Sinik
69087|Yapto Soerjosoemarno
69089|Jusuf Kalla
69090|Adi Zulkadry
69091|Suryono
69092|Haji Marzuki
69096|Krist Novoselic
69098|Frances Bean Cobain
69103|Jennifer Finch
69106|Alejandro Jodorowsky
69107|Michel Seydoux
69109|H. R. Giger
69110|Jean-Paul Gibon
69111|Brontis Jodorowsky
69113|Christian Wander
69114|Devin Faraci
69115|Diane O'Bannon
69116|Frank Pavich
69128|Nickole Atkinson
69129|Jim Benemann
69130|Luke Epple
69131|Mark Jamieson
69132|Nichol Kessinger
69133|Marcelo Kopcow
69134|Karen Leigh
69135|Theresa Marchetta
69136|Tom Mustin
69137|Michael Rourke
69138|Jenny Popplewell
69142|John Anthony
69143|Kelly Silguero
69144|Emeterio Silguero
69145|Ava Kelly
69148|Kendall Plemons
69149|Ronna Gradus
69150|Jill Bauer
69153|Buzz Aldrin
69154|Michael Collins
69157|Charlie Duke
69158|Andy Aldrin
69160|Janet Armstrong
69163|Ni Made Megahadi Pratiwi
69164|Puti Sri Candra Dewi
69165|Putu Dinda Pratika
69166|Marcos Luna
69167|Hiroshi Ishiguro
69169|Ladyboys of Cascade Bar
69170|Kikumaru
69171|Crisanto Neire
69172|Robert Henline
69175|Mark Magidson
69176|Patrick Disanto
69181|Constantine Nicholas
69182|Sebastião Salgado
69187|Jacques Barthélémy
69188|Régis Muller
69189|João Pessoa Mattos
69190|Leny Wanick Mattos
69191|Maria Teresa Salgado Rocha Bastos
69196|Camille Delafon
69197|David Rosier
69199|Douglas Hurley
69200|Robert Behnken
69201|James Bridenstine
69202|Tim Dodd
69203|Hans-Jörg Koenigsmann
69204|Gwynne Shotwell
69205|Lars Blackmore
69207|Kiko Dontchev
69219|Andy Bell
69253|Charles Hambleton
69254|Simon Hutchins
69255|Kirk Krack
69257|Richard O'Barry
69262|Michael Pollan
69263|Eric Schlosser
69265|Vince Edwards
69266|Carole Morison
69267|Robert Kenner
69269|Elise Pearlstein
69272|Todrick Hall
69273|Brendon Urie
69277|Karamo Brown
69281|Lana Wilson
69283|Jose Luis De Jesus Miranda
69284|Andrew Newberg
69285|Steve Burg
69287|Jonathan Boulden
69288|Francis Collins
69290|Benjamin Creme
69291|Jeremiah Cummings
69294|Bobby Campbell
69297|Donatella Versace
69298|Joe Germanotta
69334|Amanda Knox
69336|Rudy Guede
69338|Brian McGinn
69341|Margaret Whitmer
69342|Tom Junod
69344|Jim Rogers
69345|Max King
69346|Hedda Sharapan
69348|Junlei Li
69350|David Newell
69351|Morgan Neville
69353|Raquelle Stevens
69356|Brent L. Boxberger
69357|Devyck Bull
69358|Mia Campagna
69359|Rodney Chonia
69360|Samantha Coatsworth
69361|Toshi Davidson
69362|Alek Keshishian
69365|Javier Ríos
69366|Katja Fedulova
69367|Kurt Kuenne
69368|Andrew Bagby
69369|David Bagby
69370|Kathleen Bagby
69372|Zachary Andrew Turner
69373|Heather Arnold
69374|Jon Atkinson
69375|Bob Bagby
69376|Earlene Bagby
69381|Paul-Olivier Dehaye
69383|Julian Wheatland
69385|Christopher Wiley
69386|Paul Hilder
69387|Emma Graham-Harrison
69388|Gill Phillips
69389|Karim Amer
69390|Jehane Noujaim
69398|Elizabeth Warren
69400|Baron Hill
69406|Nēv Schulman
69408|Angela Wesselman-Pierce
69411|Wendy Whelan
69413|Tiler Peck
69414|Drew Jacoby
69415|Rubi Pronk
69418|Pepper LaBeija
69419|Octavia St. Laurent
69422|Willi Ninja
69423|Paris Dupree
69426|Junior LaBeija
69427|Angie Xtravaganza
69429|Bill Blakemore
69430|Geoffrey Cocks
69431|Juli Kearns
69432|John Fell Ryan
69433|Jay Weidner
69434|Rodney Ascher
69436|Chögyam Trungpa
69440|David Ray Griffin
69441|Joseph Casaliggi
69445|Krista Kiuru
69446|Jón Gnarr
69455|Caroline Suh
69463|Robbie Robinson
69464|Marianne Claire
69466|George Butler
69469|Charles Gaines
69470|Kip Andersen
69480|Raoul Peck
69481|James Baldwin
69482|Junming 'Jimmy' Wang
69483|Sherrod Brown
69484|Dave Burrows
69485|John Gauthier
69487|Cynthia Harper
69488|Wong He
69489|Jill Lamantia
69490|Jeff Daochuan Liu
69491|Shawnea Rosser
69492|Julia Reichert
69494|Edmund McMillen
69495|Tommy Refenes
69496|Phil Fish
69498|Anthony Carboni
69499|James Swirsky
69500|Lisanne Pajot
69501|Steve Wiebe
69502|Billy Mitchell
69503|Walter Day
69504|Mark Alpiger
69505|Greg Bond
69506|Craig Glenday
69507|Brian Kuh
69508|Robert Mruczek
69509|Todd Rogers
69514|Alexandria Ocasio-Cortez
69518|Steve Bannon
69520|Roger Ailes
69526|Tim Berners-Lee
69527|Cory Doctorow
69529|Lawrence Lessig
69531|Cindy Cohn
69532|Zoe Lofgren
69533|Gabriella Coleman
69536|RM
69544|Ali Tabrizi
69545|Sylvia Earle
69548|Lucy Tabrizi
69549|Jonathan Balcombe
69550|George Monbiot
69551|Michael Klaper
69563|Brendan Mackey
69565|Ollie Ryall
69566|Joe Simpson
69568|Simon Yates
69573|Rolf Schumacher
69574|Gina Schumacher
69575|Jean Todt
69576|Bernie Ecclestone
69578|Mika Häkkinen
69580|Michael Wech
69582|Hanns-Bruno Kammertöns
69597|Dylan Reeve
69598|David Starr
69599|Hal Karp
69601|Kevin Clarke
69602|T.J. Gretzner
69603|Richard Ivey
69604|Debbie Scoblionkov
69605|Jordan Schillaci
69623|Dalma Maradona
69624|Daniel Arcucci
69625|Alberto Bigon
69626|Gonzalo Bonadeo
69627|Corrado Ferlaino
69628|Ciro Ferrara
69629|John Foot
69630|Giannina Maradona
69634|Alastair Fothergill
69635|Keith Scholey
69636|Jonathan Hughes
69637|Jim Markel Sr.
69638|Jim Markel Jr.
69639|Pete Tolton
69642|Patricia Mercier
69643|Amaury Bossy
69645|Clemens Van Dungern
69646|Didier Campy Comte
69647|Jacky Patin
69649|Jeannine Carpentier
69655|Lionel Messi
69656|Dolores Aveiro
69657|Hugo Aveiro
69658|Georgie Bingham
69659|Adrian Clarke
69661|Jorge Mendes
69662|David Álvarez Izquierdo
69663|Rhiannon Jones
69664|Anthony Wonke
69665|Randall Adams
69666|David Harris
69667|Gus Rose
69668|Jackie Johnson
69669|Marshall Touchton
69670|Dale Holt
69671|Sam Kittrell
69672|Hootie Nelson
69673|Dennis Johnson
69674|Floyd Jackson
69678|Eleanor Coppola
69685|Dean Tavoularis
69686|Fred Roos
69688|George Hickenlooper
69692|Joshua Fields Millburn
69695|Joshua Becker
69696|Shannon Whitehead
69698|Rick Hanson
69699|Jay Austin
69700|Matt D'Avella
69702|Daniel Karimyar
69703|Fardin Mijdzadeh
69704|Milad Eskandari
69706|Elaha Faiz
69707|Zahra Mehrwarz
69708|Sadia Faiz
69709|Georg Jagunov
69710|Rashid Aitouganov
69711|Jonas Poher Rasmussen
69713|Nina Simone
69715|Dick Gregory
69717|Elisabeth Henry-Macari
69718|Ilyasah Shabazz
69750|Larry Kane
69752|Elvis Costello
69756|Kitty Oliver
69757|Howard Goodall
69759|P. G. Morgan
69764|Loral Langemeier
69765|Marie Diamond
69767|Neale Donald Walsch
69770|Bob Boyle
69772|Rhonda Byrne
69774|Mary Ann Broberg
69775|Bob Broberg
69776|Susan Broberg
69777|Pete Welsh
69778|Karen Campbell
69779|Joe Berchtold
69780|Cor Hoffman
69781|Annette E. Belnap
69782|Danielle Holjeson
69783|Skye Borgman
69788|Jair Bolsonaro
69789|Sérgio Moro
69790|Paulo Maluf
69792|Aécio Neves
69793|Gilberto Carvalho
69797|Scott Nicholson
69798|Brian Nicholson
69799|Joesar Alva
69802|Igor Faria
69803|Darrion Gallegos
69804|Nekai Johnson
69805|Mao Kawakami
69808|Mike Papantonio
69809|Ted Haggard
69810|Lou Engle
69811|Heidi Ewing
69812|Rachel Grady
69813|Ennio Morricone
69814|Silvano Agosti
69818|Joan Baez
69819|Sergio Bassetti
69827|Jon Lewis
69828|David Ansen
69829|Martin Garbus
69831|Paul Dergarabedian
69835|Richard Heffner
69836|Kirby Dick
69838|Eddie Schmidt
69840|Compay Segundo
69841|Eliades Ochoa
69842|Ry Cooder
69843|Joachim Cooder
69846|Rubén González
69847|Orlando 'Cachaíto' López
69848|Amadito Valdés
69849|Manuel 'Guajiro' Mirabal
69852|Nirmal Purja
69854|Reinhold Messner
69856|Conrad Anker
69857|Torquil Jones
69858|Gabriel Clarke
69860|Robert Hetrick
69861|José Manuel Mireles Valverde
69862|Tim Nailer Foley
69863|Paco Valenciano
69864|Chaneque
69865|Caballo
69866|Enrique Peña Nieto
69867|Ana Valencia
69868|Estanislao Beltránin
69869|Janet Fields
69875|Richard Corliss
69876|Nancy De Los Santos
69878|Bruce Elliot
69879|Laura Emerick
69880|Emil Evans
69881|Steve James
69890|Mario Andretti
69899|Anggun
69901|Mark Linfield
69906|Larry Baldwin
69908|Tia Blanco
69909|David Carter
69910|Jake Conroy
69912|Caldwell Esselstyn Jr.
69913|Mike Ewall
69914|Alan Goldhamer
69919|Bülent Üstün
69920|Ceyda Torun
69922|Oja Kodar
69923|Elmyr de Hory
69925|Laurence Harvey
69926|Edith Irving
69927|David Walsh
69929|Richard Wilson
69934|Dan Kearney
69935|LaMonta Caldwell
69937|Tim Hetherington
69940|Dominique Baffier
69941|Jean Clottes
69942|Jean-Michel Geneste
69943|Michel Philippe
69944|Gilles Tosello
69946|Maria Malina
69947|Nicholas Conard
69948|Valerie Feruglio
69952|Arnold Friedman
69953|Elaine Friedman
69954|David Friedman
69955|Jesse Friedman
69956|Seth Friedman
69958|Frances Galasso
69959|Anthony Sgueglia
69960|Joseph Onorato
69961|Judd Martin
69963|Avicii
69964|David Guetta
69965|Tiësto
69967|Nile Rodgers
69972|Salem Al Fakir
69973|Levan Tsikurishvili
69975|Gottfrid Svartholm
69978|Rasmus Fleischer
69980|Henrik Pontén
69981|Monique Wadsted
69982|Per Sundin
69983|Bert Karlsson
69984|Simon Klose
69987|Chris Frantz
69988|Jerry Harrison
69989|Tina Weymouth
69990|Ednah Holt
69991|Lynn Mabry
69993|Alex Weir
69994|Bernie Worrell
69997|Anon2World
69998|Anonyops
70000|Aaron Barr
70001|Barrett Brown
70003|Steven Levy
70004|Quinn Norton
70005|Stanley Cohen
70010|Jay-Z
70012|Michelle Williams
70013|Solange
70015|Rumi Carter
70017|Tina Knowles
70018|Chloe Bailey
70033|John Branch
70034|Kevin Jorgeson
70035|Beth Rodden
70036|Becca Pietsch
70038|Peter Mortimer
70048|Gwen Adora
70051|Shaun Monson
70057|Claudia Sulewski
70058|Zoe Donahoe
70059|Brandon 'Q' Adams
70067|Christophe Cheysson
70072|François Sarano
70076|Gene Pingatore
70078|Dick Vitale
70079|Bobby Knight
70085|Vivian Maier
70086|John Maloof
70087|Daniel Arnaud
70088|Simon Amédé
70089|Maren Baylaender
70090|Eula Biss
70091|Bindy Bitterman
70092|Roger Carlson
70093|Phil Donahue
70094|Karen Frank
70099|James Wilks
70101|Patrik Baboumian
70103|Dotsie Bausch
70105|Nimai Delgado
70108|Joseph Pace
70111|Narayana Angulo
70112|Susanne Angulo
70113|Bhagavan Angulo
70114|Jagadisa Angulo
70115|Krsna Angulo
70116|Oscar Angulo
70117|Visnu Angulo
70118|Chloe Pecorino
70119|Govinda Angulo
70122|Lawrence Krauss
70124|Lucianne Walkowicz
70125|Leonard Kleinrock
70127|Bob Kahn
70128|Danny Hillis
70129|Adrien Treuille
70130|Raj Rajkumar
70136|Roger B. Smith
70137|Bob Eubanks
70138|James Blanchard
70139|Kaye Lani Rae Rafko Wilson
70141|Anita Bryant
70147|Bishop Agapit
70148|Catherine Ashton
70149|Serhii Averchenko
70150|Kristina Berdinskikh
70152|Valery Dovgiy
70154|Kurganskyi Eduard
70155|Mykhailo Havryliuk
70157|Den Tolmor
70168|Jason Aron
70170|Jeran Campanella
70171|Robbie Davidson
70172|Hannalore Gerling-Dunsmore
70173|Lamar Glover
70174|Stephen Hagberg
70175|Brian Hickey
70178|Bob Knodel
70179|Daniel J. Clark
70190|Christopher Kenneally
70192|Ruth Bader Ginsburg
70194|James Steven Ginsburg
70195|Nina Totenberg
70196|Clara Spera
70200|Orrin Hatch
70201|Lilly Ledbetter
70202|Betsy West
70205|Adi Rukun
70206|M.Y. Basrun
70207|Amir Hasan
70208|Inong
70209|Kemat
70211|Amir Siahaan
70214|Sama Al-Khateab
70215|Hamza Al-Khateab
70216|Waad al-Kateab
70217|Edward Watts
70229|Susan Lacy
70231|Ross Ulbricht
70232|Cody Wilson
70234|Kirk Ulbricht
70237|Christopher Soghoian
70239|Christopher Tarbell
70243|Rick Danko
70250|Neil Young
70251|Joni Mitchell
70254|Louis Theroux
70255|Tom De Vocht
70257|Jefferson Hawkins
70259|Marc Headley
70261|Rob Alter
70262|David Miscavige
70266|Chiara Ferragni
70267|Fedez
70269|Delphine Arnault
70270|Derek Blasberg
70271|Silvia Avallone
70272|Elisa Amoruso
70276|Hussein Sam
70277|Ljutvie Sam
70278|Ljubomir Stefanov
70284|Fidel Castro
70285|Barry Goldwater
70288|Curtis LeMay
70291|Franklin D. Roosevelt
70294|Lil Tracy
70296|Killstation
70297|Bexey
70302|Fish Narc
70303|Sebastian Jones
70304|Ramez Silyan
70306|John Beard
70309|Carol Coale
70313|Max Eberts
70314|Peter Elkind
70319|Scott Rowland
70320|Stefan Pashov
70321|Doug MacAyeal
70323|Kevin Emery
70324|Olav T. Oftedal
70325|Regina Eisert
70326|David R. Pacheco Jr.
70329|Richie Havens
70332|John Entwistle
70333|Keith Moon
70334|Pete Townshend
70335|Joe Cocker
70338|Greg Dewey
70339|Michael Wadleigh
70396|Richenda Carey
70398|Jeanne Werner
70405|Torsten Wenzel
70408|Margaret Avery
70412|Desreta Jackson
70413|Adolph Caesar
70424|James McArdle
70455|Enzo Ungari
70479|Tommy Hollis
70481|Arnold Perl
70484|Maxwell Simba
70487|Lily Banda
70490|Philbert Falakeza
70492|Khalani Makunje
70493|Robert Agengo
70499|Freddie Spry
70505|Lore Stefanek
70514|Ferdinand Kingsley
70545|Will Berson
70560|Natalie Press
70561|Sarah Gavron
70566|Lewis McAskie
70609|Billy Idol
70616|Devika Bhise
70628|Romana Maggiora Vergano
70632|Alessia Barela
70633|Francesco Centorame
70634|Raffaele Vannoli
70635|Paola Tiziana Cruciani
70658|Mark Leonard Winter
70660|Grant Piro
70662|Lliam Amor
70664|PJ Oaten
70666|L. H. Adams
70693|Jackie Guerra
70695|Alex Meneses
70699|Pete Astudillo
70700|Rubén C. González
70701|Ricky Vela
70713|Emma Penzina
70724|Andy Milder
70744|Patrick Chesnais
70746|Olatz López Garmendia
70772|Darci Shaw
70777|Demetrius Shipp Jr.
70780|Jamal Woolard
70786|DeSean Jackson
70787|Benny Boom
70798|Giuseppe Festinese
70807|Leo Borg
70808|Marcus Mossberg
70810|Scott Arthur
70811|Ian Blackman
70812|Robert Emms
70814|Ronnie Sandahl
70823|Fenella Woolgar
70830|Helena Bereen
70831|Laine Megaw
70833|Liam McMahon
70834|Karen Hassan
70835|Frank McCusker
70844|Damany Mathis
70855|Stanley Simons
70861|Kevin Anton
70880|Tania Garribba
70883|Max Malatesta
70884|Fiorenzo Mattu
70891|Filippo Gravino
70916|Daniel Stiepleman
70920|Adam Bakri
70924|John Heffernan
70929|Gregory Bernstein
70930|Sara Bernstein
70947|Peter Strauss
70952|Torben Liebrecht
70955|Matthew Orton
70971|Dawid Ogrodnik
70974|Halina Skoczyńska
70977|Natalia Łągiewczyk
70978|Afrodyta Weselak
70987|Régis Royer
70988|Étienne Bartholomeus
70989|Yan Duffas
70990|Fabien Béhar
70992|Anne Fontaine
70997|Cheryl Campbell
71004|Lindsay Anderson
71016|Sal Darigo
71018|Brad Gann
71024|Nelsan Ellis
71029|Kyle Patrick Alvarez
71030|Tim Talbott
71042|Mikko Alanne
71049|Valentina Herszage
71050|Maria Manoella
71052|Gabriela Carneiro da Cunha
71053|Luiza Kosovski
71057|Murilo Hauser
71058|Heitor Lorega
71062|Paul Scofield
71066|Johann Carlo
71074|Olga Georges-Picot
71075|Zvee Scooler
71080|Alfred Lutter
71092|Song Tao
71115|Ray Panthaki
71117|Jake Graf
71118|Polina Litvak
71128|Umi Myers
71131|Aston Barrett Jr.
71132|Anna-Sharé Blake
71133|Gawaine 'J-Summa' Campbell
71136|Frank E. Flowers
71144|Thomas W. Gabrielsson
71146|Bent Mejding
71153|David McCullough
71157|Gary L. Stevens
71161|Chris McCarron
71172|Ziggy Heath
71174|James Hawes
71176|Nick Drake
71185|Antonio J Bell
71208|Sian Brooke
71210|Yvette Feuer
71212|Ralph Berkin
71232|Tessa Mitchell
71235|Annie Whittle
71243|Syed Alwi
71246|Melissa Campbell
71247|Keith Chin
71248|Mano Maniam
71273|SungWon Cho
71290|Anne Brochet
71293|Roland Bertin
71295|Pierre Maguelon
71296|Josiane Stoléru
71297|Alain Rimoux
71298|Anatole Delalande
71306|Odd-Magnus Williamson
71308|Agnes Kittelsen
71309|Manuel Cauchi
71315|Jesse García
71321|Pepe Serna
71326|Linda Yvette Chavez
71340|Erick Kastel
71344|Michael Learned
71345|Nancy Kwan
71346|Lim Kay Tong
71359|Antonique Smith
71363|C.J. Wallace
71364|Dennis L.A. White
71366|Reggie Rock Bythewood
71375|Alphonso McAuley
71378|James Gartner
71386|Sebastian Armesto
71388|Edward Hogg
71401|Tom Stokes
71404|Andy Paterson
71430|Rebecca Angelo
71436|Rafael Casal
71443|Mike Makowsky
71452|Andrew Grainger
71453|Colin Moy
71455|Glenn Standring
71459|Saskia Rosendahl
71461|Cai Cohrs
71462|Ina Weisse
71465|Ulrike C. Tscharre
71478|Bill Pohlad
71479|Oren Moverman
71484|Adrià Salazar
71485|Eduard Buch
71486|Stefan Weinert
71487|Rubén Yuste
71490|Marc Rodríguez
71491|Mar Targarona
71492|Alfred Pérez-Fargas
71500|Greta Lind
71502|Deborah Wittenberg
71508|Lucia Sardo
71509|Paolo Briguglia
71513|Domenico Centamore
71523|Marie Gruber
71524|Johann von Bülow
71525|Anton von Lucke
71526|Cyrielle Clair
71529|Rainer Egger
71535|Alice Sapritch
71537|Alberto de Mendoza
71539|Eduardo Fajardo
71544|Marcel Jullian
71550|Paula Ransenberg
71551|Carlos Portaluppi
71552|Antonia Bengoechea
71553|Laura Paredes
71555|Norman Briski
71556|Héctor Díaz
71557|Santiago Mitre
71567|Demetri Goritsas
71570|Michael Grandage
71591|Katherine Laheen
71592|Emma Clare O'Connor
71594|Dalya Knapp
71595|Emery Ellis Harper
71596|Maria Schrader
71599|Romano Reggiani
71601|Matteo Leoni
71604|Chiara Primavesi
71606|Francesca De Martini
71642|Artemiy Spiridonov
71650|Juliet Cowan
71651|Sam Buchanan
71657|Matt Greenhalgh
71677|Tim Barlow
71679|Gillian Hanna
71680|Bille August
71689|Sandro Lombardi
71690|Raffaella Giordano
71691|Edoardo Natoli
71692|Mario Martone
71727|Marianne Basler
71732|Teddy Lussi-Modeste
71744|Chandler Head
71750|Sean McCann
71754|Michael Mantenuto
71755|Nathan West
71756|Kenneth Mitchell
71758|Eric Guggenheim
71768|Tom Barnett
71771|William L. Rotko
71772|Adam Mazer
71782|Aurélie Boquien
71791|Nadja Uhl
71795|Simon Licht
71803|Julie Harris
71807|Waigwa Wachira
71827|John Burnham Schwartz
71838|Liv Lisa Fries
71839|Christian Schwochow
71840|Ben Power
71845|Liam Koeth
71846|Nancy Telzerow
71848|Harrison Holzer
71849|Brigid Naughton
71851|Marc Meyers
71860|Nahel Tzegai
71862|Victoria Valcheva
71871|Wi Kuki Kaa
71890|Sanjay Dayma
71891|Kumar Dave
71901|Susan Ruttan
71905|Carl Anderson
71906|Yvonne Elliman
71907|Barry Dennen
71908|Bob Bingham
71909|Larry Marshall
71911|Kurt Yaghjian
71913|Pi Douglass
71922|Sam Redford
71926|Nick Jameson
71927|Peter Flinth
71929|Joe Derrick
71937|Dominic Mafham
71939|Sebastian de Souza
71940|Claire McCarthy
71941|Semi Chellas
71947|Maya Sansa
71962|Robert Hunger-Bühler
71963|Gert Voss
71965|Peter Cieslinski
71966|Josephine Ehlert
71969|Elisabeth Bartel
71979|Tywayne Wheatt
71982|Doug Wright
71985|Dorothy Atkinson
71986|Marion Bailey
71989|Martin Savage
71991|David Horovitch
71993|Peter Wight
71999|Riaad Moosa
72003|Lindiwe Matshikiza
72045|Karron Graves
72047|Nicholas Hytner
72069|Kente Scott
72072|Antwone Fisher
72075|Macarena García
72078|Djédjé Apali
72082|Celso Bugallo
72101|Salomé Dewaels
72127|Morten Hee Andersen
72128|Magnus Krepper
72137|Melissa Farman
72141|Tamara Jolaine
72143|David Born
72151|Jessica Oyelowo
72154|Arnold Oceng
72161|Luke Cosgrove
72163|Eric T. Miller
72164|Anne Marie Kempf
72166|Marcos Diaz
72184|Thomas Solivérès
72187|Tom Leeb
72188|Lucie Boujenah
72204|Unax Ugalde
72217|Phoebe Nicholls
72229|Daniel Washington
72230|JaQuan Malik Jones
72239|Georgina Rich
72251|Juanpi Monterrubio
72255|Ashley Ciarra
72257|Alejandra Márquez Abella
72270|Luca De Luigi
72276|Robin de Jesús
72278|Ben Levi Ross
72279|Jonathan Marc Sherman
72281|Joshua Henry
72285|Steven Levenson
72292|Sharon Warren
72293|C.J. Sanders
72303|Joseph Cali
72308|Martin Shakar
72312|Nik Cohn
72320|Jean-Pierre Martins
72323|Olivier Dahan
72326|Bob Geldof
72328|James Laurenson
72332|David Bingham
72334|Alex McAvoy
72335|Ellis Dale
72337|Roger Waters
72356|Kevin Jonas
72361|Matthew Finley
72374|Joi Johannsson
72383|Sophie Kauer
72386|Sylvia Flote
72388|Mila Bogojevic
72429|Trace Masters
72441|Dusan Brown
72443|George C. Wolfe
72453|Briana Andrade-Gomes
72454|Kalliane Bremault
72455|Laura Terruso
72461|Dennis Andres
72463|Brandon Kyle Goodman
72464|Eva Hauge
72466|Sadie Lapidus
72467|Elissa Down
72469|Michael Armbruster
72478|Joe Perry
72486|Adam Hicks
72491|Shishir Kurup
72503|Sharon Leal
72504|Hinton Battle
72512|Richard Southgate
72516|Anabel Kutay
72517|John Silver
72536|Nico Hiraga
72537|Sabrina Haskett
72545|Dylan Meyer
72549|Stella Maeve
72562|Greg Hildreth
72567|Alexandra Santini
72587|Jeff Pilson
72588|Zakk Wylde
72590|Blas Elias
72591|Nick Catanese
72608|Jonno Davies
72612|Frazer Hadfield
72614|Raechelle Banno
72622|Danielle von Zerneck
72624|Rosanna DeSoto
72628|Brian Setzer
72629|Daniel Valdez
72630|Howard Huntsberry
72631|Luis Valdez
72648|Adrian Greensmith
72649|Isis Hainsworth
72652|Analesa Fisher
72655|Austin Huynh
72672|Ola Ray
72676|Hanala Sagal
72677|Forrest J. Ackerman
72678|Reed Armstrong
72679|Rick Baker
72680|Miko C. Brando
72692|Jasika Nicole
72695|Dianne Houston
72696|John Lloyd Young
72699|Erich Bergen
72705|Johnny Cannizzaro
72717|Matt Besser
72729|Peter Elbling
72730|Colin Cameron
72731|David Garland
72734|Louisa Rose
72738|Annie Golden
72741|Cheryl Barnes
72748|Lisa Teige
72749|Fabian Svegaard Tapia
72751|Charlott Madeleine Utzig
72753|Karen-Lise Mynster
72754|Stig R. Amdam
72755|Sofie Albertine Foss
72756|Morad Aziman
72757|Marius Vold
72774|Teddy Geiger
72786|Ryan Jaffe
72791|LaMonica Garrett
72797|Christopher Louie
72799|Robert Arkins
72800|Michael Aherne
72803|Dave Finnegan
72808|Dick Massey
72829|Jack Lancaster
72831|Tommy O'Brien
72838|Kieran O'Brien
72839|Margo Stilley
72843|Robert Levon Been
72845|Gruff Rhys
72846|Jason Stollsteimer
72847|Marcie Bolen
72857|Candace Carey
72859|Miguel A. Gaetan
72860|Charles Stone III
72883|Mairead McKinley
72884|Luke Morgan Oliver
72886|James Lyons
72891|Jack Kilmer
72898|Lucian Charles Collier
72901|Dennis Magnusson
72929|Mike Meadows
72930|Max Bernstein
72933|Matt Billingslea
72934|Karina DePiano
72935|Melanie Nyema
72936|Kamilah Marshall
72941|Ne-Yo
72942|Darrin Henson
72943|Jermaine Williams
72947|Valarie Pettiford
72950|Robert Adetuyi
72969|Kevin Downes
72975|Brent McCorkle
72977|Alex Cramer
72985|Murray Moston
72987|Clarence Clemons
72990|Earl Mac Rauch
72993|Haaz Sleiman
72997|Maggie Moore
72998|Michael Cumpsty
72999|Bill McHenry
73001|Tzahi Moskovitz
73004|Irene Cara
73006|Maureen Teefy
73009|Gene Anthony Ray
73015|Christopher Gore
73022|Steve Bickford
73023|Patrick Brady
73024|Norma Donaldson
73025|Jesse Doran
73029|Luigi D'Oriano
73030|Giuseppe Arena
73032|Cristiana Dell'Anna
73034|Chiara Celotto
73035|Greta Esposito
73037|Michele Pereira Da Paz
73038|Brando Improta
73040|Simona Frasca
73041|Armando Festa
73052|Uttera Singh
73056|Flora Greeson
73079|Darnell Martin
73082|Dajana Roncione
73083|Frida Dam Seidel
73084|Joseba Yerro Izaguirre
73085|Jean Michael Sinisterra Munoz
73087|Valerija Kuzmica
73088|Dorotea Saykaly
73089|Duncan Schultz
73090|Einar-Anton Aas Nikkerud
73096|Robert Judd
73097|Steve Vai
73109|Odile Vuillemin
73110|Nadège Beausson-Diagne
73112|Olivier Mag
73113|Karine Lyachenko
73114|Yann Moix
73116|Arthur-Emmanuel Pierre
73117|Olivier Dazat
73118|Marques Houston
73119|Omarion
73121|Lil' Fizz
73122|Jennifer Freeman
73124|Raz B
73127|Lil' Kim
73131|Barbara Baxley
73135|Timothy Brown
73141|Joan Tewkesbury
73149|Saycon Sengbloh
73152|Liesl Tommy
73158|Sarah Suco
73162|Jacques Bonnaffé
73163|Yvon Martin
73164|Nathalie Desrumaux
73165|Isabelle Zanotti
73168|Irène Muscari
73178|Michael Robbins
73192|Carl V. Dupré
73210|Aldo Brugnini
73211|Samuele Amighetti
73213|Christoph Koncz
73223|Leslie Ann Powers
73246|George Sampson
73250|Rachel McDowall
73254|Jane English
73282|David Cook
73294|Christopher Storer
73301|Abraham Lewis
73302|Ethan Lawrence
73305|Tom Brooke
73306|John Cameron Mitchell
73309|Philippa Goslett
73317|Adam Pascal
73320|James Merendino
73322|Ângelo Antônio
73323|Dira Paes
73324|Dablio Moreira
73325|Marcos Henrique
73326|Márcio Kieling
73327|Palomma Duarte
73328|Wigor Lima
73329|Thiago Mendonça
73330|José Dumont
73331|Natália Lage
73333|Patrícia Andrade
73336|Bruno Núñez
73337|Stefania Gadda
73338|Joshua Liam Henderson
73340|Tonin Janvier
73341|Jade Oukid
73342|Ahmed Abbou
73343|Abdellilah Madrari
73344|Mohamed Madrari
73347|Santiago Fillol
73349|Luke Bilyk
73350|Chantal Kreviazuk
73356|Julia Tomasone
73357|Lauren Esdale
73359|Willem Wennekers
73369|Stephen Trask
73370|Theodore Liscinski
73374|Ben Mayer-Goodman
73376|Gene Pyrz
73380|Randy Wayne
73383|Brittany Perry-Russell
73384|Melissa Molinaro
73385|Christopher Martinez
73396|Jahbril Cook
73398|Iain Tucker
73400|Hutch Greene
73401|Josh Rasile
73402|Roman White
73403|Alan Powell
73405|Kali Bailey
73406|Gabe Vasquez
73407|Prince
73410|Jerome Benton
73411|Olga Karlatos
73414|Wendy Melvoin
73415|Lisa Coleman
73416|Bobby Z
73429|Diane Stilwell
73431|Terrence E. McNally
73432|Charlie Coffey
73435|Jorge Blanco
73436|Mercedes Lambre
73437|Adrián Salzedo
73440|Clara Alonso
73449|Stephanie Nguyen
73450|Delphine Nguyen
73451|Niek Traa
73452|Elisabetta Di Carlo
73453|Samuel Revell
73454|Kaito Masai
73455|Ali Ramdani
73460|Antony Langdon
73461|Carey Perloff
73462|Larry McHale
73478|Keith Stuart Thayer
73480|Jeff Chamberlain
73481|Lala Sloatman
73482|Allan Moyle
73488|Honora Javier
73489|Omari Grayson
73490|Stuart Hammill
73491|Charlie Estes
73492|Ranfins Rincon
73498|Rebecca Gethings
73503|Mandeep Dhillon
73508|Omar Chaparro
73511|Lupita Sandoval
73514|Manuel 'Flaco' Ibáñez
73515|Alejandro Gasque
73516|Juan Alberto Villareal
73518|Pepe Bojórquez
73519|Alfredo Felix-Diaz
73524|Jaimz Woolvett
73546|Halsted Welles
73569|Jocelyn Moorhouse
73575|Dan Sturkie
73576|Gisela Hahn
73579|Ezio Marano
73580|Luciano Rossi
73586|Chief Dan George
73597|Sonia Chernus
73602|Vera Vitali
73608|Martin Koolhoven
73634|Craig Storper
73647|Michael Butler
73651|Maria Monti
73652|Rik Battaglia
73655|Vivienne Chandler
73670|Jorge Cervera Jr.
73672|Abel Franco
73675|Lorne Michaels
73676|Randy Newman
73679|Eduardo Minett
73680|Natalia Traven
73682|Fernanda Urrejola
73686|Brytnee Ratledge
73690|N. Richard Nash
73702|Ernesto Gastaldi
73703|Fulvio Morsella
73707|Yanti Somer
73708|Enzo Tarascio
73711|Jessica Dublin
73727|Kristian Levring
73738|James Burnett
73739|Sam Quinn
73757|Wesley Oliver
73793|Kim Kwang-il
73799|Kayli Carter
73804|Ryan Bruce
73805|Otto Hornung
73806|Bram Hornung
73814|Jorge Zárate
73817|Angelina Peláez
73818|Kristyan Ferrer
73823|Tom Lewis
73831|Josh Taylor
73833|Francine Rivers
73842|Kelly Jean Peters
73856|Jeremy Madrona
73879|Sheila Tousey
73880|Bill Brochtrup
73881|Antonia Bird
73888|Allyn Ann McLerie
73895|Edward Anhalt
73898|Gavin Lewis
73901|Richard Speight Jr.
73902|Max Arciniega
73909|Mara Lorenzio
73910|David Silva
73911|Paula Romo
73912|Jacqueline Luis
73913|Robert John
73914|Héctor Martínez
73916|Víctor Fosado
73921|Baykali Ganambarr
73928|Magnolia Maymuru
73933|Manolo Fábregas
73935|Armando Silvestre
73936|John Kelly
73940|Pancho Córdova
73949|Cameron Mann
73950|Matt Gomez Hidaka
73964|Kaius Harrison
73977|Tatanka Means
73981|Jon Baird
74008|Michael Herbig
74011|Marie Bäumer
74012|Rick Kavanian
74017|Siegfried Terpoorten
74019|Alfons Biedermann
74022|Murmel Clausen
74023|Brady Jandreau
74024|Tim Jandreau
74025|Lilly Jandreau
74026|Cat Clifford
74027|Terri Dawn Pourier
74028|Lane Scott
74029|Tanner Langdeau
74030|James Calhoon
74031|Derrick Janis
74032|Greg Barber
74044|Ryan Findley
74051|Brent Roam
74056|Sam Ly
74057|Neil Kopit
74063|Kennadie Smith
74064|Jacklynn Smith
74082|Rudy Wurlitzer
74088|Dayton Callie
74100|Corey Fischer
74101|Bert Remsen
74106|Brian McKay
74114|Jerome Ehlers
74115|Conor McDermottroe
74119|John Hill
74122|Emily Warfield
74127|David Sage
74128|Stewart Moss
74130|Jerry Jameson
74131|David Dortort
74150|James Wainwright
74163|Andreea Vasile
74167|Jim Shepard
74177|Wesley Morgan
74179|Jon Cassar
74180|Brad Mirman
74192|Miles Hood Swarthout
74193|Scott Hale
74196|Jason Fernández
74203|Erenice Lohan
74213|Teresa Sutherland
74236|Rory Collins
74244|Christy Pankhurst
74248|David Clatworthy
74253|Jake Schur
74257|Charlie Chappell
74259|Chris Bylsma
74260|Chad Dashnaw
74272|David La Haye
74275|Grant Harvey
74276|Christina Ray
74277|Stephen Massicotte
74282|Capucine
74284|Guido Lollobrigida
74285|Anthony Dawson
74286|Gianni Medici
74287|Georges Lycan
74289|Denne Bart Petitclerc
74290|William Roberts
74291|Lawrence Roman
74292|Laird Koenig
74312|Warren Burke
74316|Matt Harris
74327|Melanie Abramoff
74328|Alex Turner
74337|Luis Bredow
74339|Daniel Aguirre
74341|Miguel Barros
74367|Burton Wohl
74382|Steven Philip Smith
74404|Brooke Alderson
74405|Cooper Huckabee
74407|Mickey Gilley
74408|Johnny Lee
74409|James Bridges
74411|Aaron Latham
74422|Brett Donowho
74428|Alfred Barker Jr.
74430|Steve Benedict
74432|Norman Howell
74433|Stephen R. Hudis
74435|Irving Ravetch
74436|William Dale Jennings
74437|Harriet Frank Jr.
74441|Ruth Buzzi
74445|Eva Haßmann
74446|Ron Carey
74449|Jess Hill
74461|Thomas McGuane
74467|Bobby Vinton
74482|Angelina Torres
74484|Laura Poe
74492|Laura Leighton
74493|David Busse
74494|Alexandra Edmo
74495|Brighid Fleming
74500|Déborah François
74503|Blake Berris
74505|Sam Louwyck
74507|Anne Coesens
74520|David Jacobson
74530|Amy Nuttall
74531|Anna-Maria Nabirye
74536|Judith Anderson
74538|Manu Tupou
74541|William Jordan
74542|Eddie Little Sky
74543|Michael Baseleon
74544|Elliot Silverstein
74545|Jack DeWitt
74546|Dorothy M. Johnson
74553|Bob Carraway
74558|John Gay
74562|Jill Ireland
74567|Rayford Barnes
74569|Tom Gries
74578|Peter Whitney
74584|Gordon T. Dawson
74586|Ozan Güven
74588|Özkan Uğur
74589|Zafer Algöz
74590|Ferdi Sancar
74591|Dilek Çelebi
74592|İştar Gökseven
74593|Mehmet Polat
74595|Ömer Faruk Sorak
74604|Jon Lormer
74607|Stuart Millar
74616|Jason Aldean
74618|Vic Browder
74620|Andrew McKenzie
74629|Matt Day
74631|Natassia Gorey Furber
74632|Anni Finsterer
74633|Tremayne Doolan
74634|Warwick Thornton
74635|Steven McGregor
74636|David Tranter
74643|Jamil Prattis
74644|Ivannah Mercedes
74646|Michael Ta'Bon
74647|Ricky Staub
74649|Dan Walser
74661|Louis Moulinet
74669|Derek Boone
74670|Yolanda Stange
74671|Michael Flynn
74673|Nils Lyew
74685|Andrew J. Fenady
74704|Amber Rose Mason
74705|Zuzu Weingart
74707|Gabriel Clark
74708|Gabe Polsky
74717|Willy RunsAbove
74719|Robert Mirabal
74720|Monika Crowfoot
74732|Jon Cedar
74733|Peter R. Hunt
74738|Solly McLeod
74743|Rafel Plana
74748|Fabrício Boliveira
74749|Isis Valverde
74750|Felipe Abib
74754|Cinnara Leal
74756|René Sampaio
74757|Marcos Bernstein
74760|Renato Russo
74761|Paulo Lins
74770|Tania Gunadi
74774|Candie Langdale
74782|Matt Mulhern
74783|Larry B. Scott
74784|Dan Tullis Jr.
74789|Fred Rexer
74872|Kayla Compton
74874|Jon Cor
74878|Natasha O'Keeffe
74913|Michael Malarkey
74917|André Lamoglia
74918|Carmen Arrufat
74919|Ander Puig
74920|Nadia Al Saidi
74923|Gleb Abrosimov
74924|Iván Mendes
74934|Bob Morley
74942|Shelby Flannery
74951|Thaddea Graham
74953|Anthony Lexa
74969|Marco Ilsø
74983|Courtney Henggeler
74989|Gianni DeCenzo
74994|Young Mazino
75000|Mimî M. Khayisa
75001|Anna Shaffer
75023|Annabelle Dexter-Jones
75028|Maaz Ali
75068|Anahí
75070|Dulce María
75071|Christopher Von Uckermann
75073|Christian Chávez
75077|Zoraida Gómez
75078|Juan Carlos Muñoz
75079|Luis Pardo
75080|Felipe Nájera
75081|Pedro Armando Rodríguez
75082|Cris Morena
75083|Iván Cuevas
75122|Joanna Douglas
75131|Grace Saif
75139|Timothy Granaderos
75148|Jesse Rath
75172|Peter Scanavino
75173|Aimé Donna Kelly
75178|Jadyn Wong
75180|Ari Stidham
75198|Ryan-James Hatanaka
75203|Isabella Star LaBlanc
75223|Natalia Cordova-Buckley
75236|Christian Tappán
75237|Vicky Hernández
75240|Rodolfo Silva
75242|Toto Vega
75243|Nicolás Montero
75246|Laura Mora
75247|Juan Camilo Ferrand
75254|Piotr Adamczyk
75264|Charlie Vickers
75270|Daniel Weyman
75277|Riley Voelkel
75282|Jorge Enrique Abello
75283|Natalia Ramírez
75284|Luis Mesa
75285|Scarlet Ortiz
75286|Ricardo Vélez
75287|Mario Duarte
75288|Julián Arango
75290|Talú Quintero
75291|Fernando Gaitán
75295|Anya Banerjee
75300|Josh Dylan
75312|Ian Verdun
75317|Michaela Conlin
75320|Rafael Amaya
75321|Isabella Castillo
75322|Carmen Aub
75324|Iván Arana
75326|África Zavala
75327|Jason Romo
75330|Walter Doehner
75331|Danny Gavidia
75332|Juan Manuel Andrade
75334|Laura Sosa
75339|Joel Allen
75340|Lindsey Pearlman
75346|Jamie-Lynn Sigler
75362|Harry Anderson
75370|Brandon Crane
75378|Christian Isaiah
75395|Francisco Denis
75401|Andrea Londo
75417|Richa Shukla Moorjani
75419|Sienna King
75429|Elçin Afacan
75431|Alican Aytekin
75432|Sarp Bozkurt
75433|Neslihan Yeldan
75434|Sinan Albayrak
75439|Derek Cecil
75446|Michael Dobbs
75463|Aria Shahghasemi
75466|Quincy Fouse
75468|Ben Levin
75469|Leo Howard
75475|Brecken Merrill
75484|Jason R. Moore
75498|David Anders
75504|Carmen Villalobos
75506|Juan Pablo Urrego
75507|Catherine Siachoque
75509|Francisco Bolívar
75510|Manuel Antonio Gómez
75511|María Alejandra Pinzón
75513|Roberto Manrique
75534|Ditch Davey
75536|Miranda Kwok
75537|Tracy Bellomo
75547|Joshua Orpin
75569|Richard Rankin
75572|David Berry
75580|Tyler Blackburn
75605|Elijah M. Cooper
75612|Nadine Nicole
75630|Michael Bishop
75637|Jessica Frances Dukes
75640|Adam Rothenberg
75656|Paxton Singleton
75679|Kim Sang-hyub
75689|LaRoyce Hawkins
75695|Audrey Esparza
75697|Ennis Esmer
75700|Jay Will
75709|Maggie Civantos
75713|Ramiro Blas
75714|Marta Aledo
75717|Alberto Velasco
75719|Vivienne Acheampong
75763|Brian Dietzen
75769|Britt Lower
75772|Jen Tullock
75785|Alison Fernández
75788|Jes Macallan
75792|Shayan Sobhian
75806|Ana Valeria Becerril
75807|Michael Ronda
75808|Yankel Stevan
75811|Andres Baida
75812|Patricio Gallardo
75817|Joe Miñoso
75820|Hanako Greensmith
75826|Zoë Robins
75830|Ceara Coveney
75832|Ayoola Smart
75847|Marcia Warren
75853|Kaylee DeFer
75854|Matthew Settle
75855|Kelly Rutherford
75873|Chris Conner
75886|Mario Cimarro
75887|Danna García
75889|Paola Rey
75890|Michel Brown
75893|Zharick León
75894|Sebastián Osorio
75895|Juan Manuel Restrepo
75919|Kim Si-eun
75924|Cha Yeon-su
75925|Kim Seo-hee
75926|Gaby Espino
75927|Fabiola Campomanes
75930|Alejandro de la Madrid
75933|Cassandra Sánchez Navarro
75935|Luis Vegas
75936|Javier Colinas
75941|David Ostrosky
75943|Ana María Picchio
75956|Carlos Villagrán
75957|María Antonieta de las Nieves
75958|Florinda Meza García
75959|Rubén Aguirre
75962|Raúl 'Chato' Padilla
75975|Mary Wiseman
75977|Wilson Cruz
75986|Gabrielle Dennis
76008|Andrés Echavarría
76020|Eliza Butterworth
76026|Timothy Innes
76031|Chinaza Uche
76032|Avi Nash
76036|Billy Postlethwaite
76053|Lee Rodriguez
76069|Chipo Chung
76075|Connor Gibbs
76076|David Conrad
76080|Meaghan Rath
76082|Dennis Chun
76085|Taylor Wily
76098|Aarón Díaz
76102|Silvia Mariscal
76103|Juan Carlos Colombo
76105|Eugenia Cauduro
76106|Ximena Suárez
76107|Mimí Bechelani
76108|Julián Aguilar
76134|Samantha Acuña
76137|Anette Michel
76138|Regina Reynoso
76139|Erik Baeza
76140|Antonia Gentry
76156|Yetide Badaki
76157|Bruce Langley
76162|Parveen Kaur
76173|Conrad Ricamora
76178|Abubakar Salim
76179|Winta McGrath
76182|Jordan Loughran
76184|Felix Jamieson
76185|Ethan Hazzard
76212|Carla Robinson
76232|Erinn Westbrook
76246|Jonathan Togo
76250|Juanjo Artero
76258|Bernabé Fernández
76261|Iván Escobar
76265|Jade Tailor
76273|Jimi Stanton
76291|Yasmin Finney
76292|Corinna Brown
76294|Tobie Donovan
76295|Rhea Norwood
76296|Jenny Walser
76297|Leila Khan
76299|Marco de la O
76300|Valentina Acosta
76301|Juan Carlos Olivas
76303|Alejandro Aguilar
76306|Hector Muñoz
76309|Silvana Aguirre
76328|Lou Llobell
76354|Justin Melnick
76355|Raffi Barsoumian
76361|Matty Matheson
76363|Edwin Lee Gibson
76380|Alejandra Borrero
76381|Laura torres
76384|Estefania Borge
76386|Silvia de Dios
76387|Luis Eduardo Arango
76388|Diego León Hoyos
76413|Chiké Okonkwo
76414|Zyra Gorecki
76438|David Lim
76443|Jaina Lee Ortiz
76461|Josh Meyers
76465|Eliot Salt
76472|Carlos Torres
76473|Mariana Gómez
76478|Noah Munck
76488|Jordan Alexa Davis
76491|Freddy Carter
76492|Amita Suman
76506|Samuel Arnold
76536|Tim DeKay
76540|Sharif Atkins
76557|Majida Issa
76558|Ernesto Benjumea
76560|María José Vargas
76561|Carlos Mariño
76562|Brian Moreno
76563|Fabio Restrepo
76564|Juan Pablo Barragán
76586|Luisa Rubino
76591|Isabella Wei
76592|Maciej Musiał
76593|Yann Gael
76596|Rosalie Craig
76597|Lucas Lynggaard Tønnesen
76613|Robert Gilbert
76654|Skye Roberts
76655|Riley Shanahan
76661|Isabel Torres
76662|Daniela Santiago
76663|Jedet
76664|Paca la Piraña
76665|Israel Elejalde
76667|Mariona Terés
76674|Petrice Jones
76691|Toby Schmitz
76693|Clara Paget
76695|Luke Roberts
76699|Patricia McPherson
76700|Peter Parros
76711|Kazuhito Kikuchi
76713|Jordan Gavaris
76714|Josh Vokey
76716|Ari Millen
76730|Andy Allo
76734|Owen Daniels
76742|Mickey Sumner
76747|Katie McGuinness
76748|Sam Otto
76775|Eric Szmanda
76781|David Berman
76786|Daniela Castro
76788|Grettell Valdéz
76789|Eric del Castillo
76790|Ana Bertha Espín
76791|Gabriela Rivero
76810|Ryann Shane
76818|Tahirah Sharif
76819|Amelie Bea Smith
76835|Derek Luh
76848|Will Brill
76853|Juan Diego Sánchez
76855|Linda Baldrich
76857|Carolina Betancourt
76858|Alí Humar
76869|Alba August
76872|Lukas Løkken
76873|Sonny Lindberg
76877|Evin Ahmad
76878|Rex Leonard
76879|Débora Falabella
76880|Adriana Esteves
76881|Murilo Benício
76885|José de Abreu
76886|Eliane Giardini
76888|Heloísa Périssé
76889|André Câmara
76890|Gustavo Fernández
76891|Paulo Silvestrini
76892|Thiago Teitelroit
76894|Thereza Falcão
76897|Antonio Prata
76898|Luciana Pessanha
76920|Lorena Andrea
76923|Sylvia De Fanti
76951|Rotimi
76952|Michael J. Ferguson
76959|Drew Roy
76961|Maxim Knight
76993|Javier Ponce
76994|Oka Giner
76996|Emilio Beltrán Ulrich
77012|Katherine Vélez
77013|Óscar Borda
77014|Maria Adelaida Puerta
77015|Juan Carlos Vargas
77016|Natalia Jerez
77018|Erika Monserrate Vélez Zambrano
77020|Riccardo Gabrielli R.
77036|Sarah Ramos
77056|Charlie Carver
77076|Diego Santos
77094|Eugenio Siller
77097|Martín Saracho
77103|Yanic Truesdale
77114|Mayrín Villanueva
77118|René Casados
77121|Polo Morín
77122|Aurelio Ávila
77124|Lily Garza
77126|Marcia del Río
77127|Ricardo Tejeda
77129|Aliyah Royale
77136|Natalie Gold
77137|Jelani Alladin
77164|Isaac Ordonez
77243|Rico Rodriguez
77258|Polly Lou Livingston
77273|Daphne Maxwell Reid
77341|Jonathan Goldstein
77342|Nancy Sullivan
77373|Alex Cazares
77383|Meagan Moore
77384|Paul Eiding
77389|Eugene Son
77390|Sarah-Nicole Robles
77392|Zeno Robinson
77411|Matt Bennett
77412|Elizabeth Gillies
77416|Collin Dean
77418|Kendall Schmidt
77419|Logan Henderson
77420|James Maslow
77428|Jonathan Kite
77443|Marty Grabstein
77444|Thea White
77445|Simon Prebble
77446|Billie Lou Watt
77448|Arthur Anderson
77474|Jorge Van Rankin
77477|Mariano González
77478|Sebastián Athié
77479|Juan David Penagos
77480|Luan Brum
77481|Paulina Vetrano
77482|Javier Eloy Bonanno
77483|Renato Quattordio
77484|Fausto Bengoechea
77485|Lucas Minuzzi
77486|Nicolás Pauls
77487|Sebastián Pivotto
77488|Marcos Osorio Vidal
77489|Javier Castro Albano
77490|Alberto Muñoz
77493|Eden Sher
77494|Adam McArthur
77499|Yasmeen Fletcher
77505|Amber Nash
77508|Lucky Yates
77534|Noel Fielding
77548|Soleil Moon Frye
77556|Anne Schedeen
77558|Benji Gregory
77561|Jessi Klein
77595|Carlos Cuevas
77596|David Solans
77597|Elisabet Casanovas
77598|Adrian Grösser
77599|Marcos Franz
77601|Albert Baró
77606|Joshua Gomez
77628|Riele Downs
77629|Sean Ryan Fox
77631|Michael D. Cohen
77634|Lexi Medrano
77651|Bayo Gbadamosi
77652|Charity Wakefield
77653|Florence Keith-Roach
77659|Bob Saget
77664|Blake Tuomy-Wilhoit
77665|Dylan Tuomy-Wilhoit
77667|Andrea Barber
77669|Ruggero Pasquarelli
77672|Carolina Kopelioff
77673|Malena Ratner
77677|Agustín Bernasconi
77678|Rodolfo Antúnez
77679|Martín Saban
77680|Jorge Nisco
77681|Marina Efron
77684|Lorena Meritano
77690|Adriana Franco
77691|Jorge Herrera
77711|Moisés Suárez
77712|Macaria
77714|Gus Rodríguez
77719|Tequan Richmond
77737|Jason Willinger
77742|Alley Mills
77751|José Miguel Pérez
77753|Brayan Gibran Mateo
77754|Jamie Lynn Spears
77755|Paul Butcher
77758|Erin Sanders
77759|Matthew Underwood
77764|Eugene Mirman
77766|Larry Murphy
77778|Ham Seung-hoon
77782|Erick Elías
77786|Sofía Lama
77788|Andrés Almeida
77794|Ogie Banks
77814|Kerry Godliman
77820|Tommy Finnegan
77831|Greg Eagles
77847|Devon Werkheiser
77848|Lindsey Shaw
77849|Daniel Curtis Lee
77855|K. Todd Freeman
77856|Presley Smith
77881|Howard Overman
77894|Adrian Enscoe
77900|Spencer Klein
77902|Jamil Walker Smith
77906|Blake McIver Ewing
77914|Kang Soo Jin
77918|Jung Dae-yoon
77919|Jo Sung-hee
77931|Ethan Kent
77950|Song Jae-jung
78020|Stirling Gallacher
78023|Ben Bradshaw
78024|Jamie Deeks
78034|Tom Degnan
78037|Chris Colfer
78043|Amber Riley
78044|Kevin McHale
78053|Alfie Fuller
78061|Leonidas Emre Pakkan
78062|Stefan Titze
78063|Sebastian Colley
78073|Norma Angélica
78074|Manolo Caro
78075|Gabriel Nuncio
78089|Ivonne Coll
78114|Samuel Barnett
78117|Jade Eshete
78125|Kat Cressida
78143|Noah Nelson
78154|Samm Levine
78165|Patti Yasutake
78169|Dave Stewart
78173|Will Carsola
78186|María Pujalte
78187|Pablo Capuz
78189|Pere Vallribera
78190|Lesley Grant
78192|Eva Martín
78193|Assun Planas
78210|Kouichi Hashimoto
78234|Townsend Coleman
78235|Michael Gough
78237|Renae Jacobs
78243|Laci Mosley
78245|Jorge Ortiz de Pinedo
78247|Eduardo Manzano
78248|Andrea Torre
78249|Mariana Botas
78250|Daniela Luján
78251|Moisés Iván Mora
78252|Ricardo Margaleff
78254|Iñaki Otero
78255|Luis Bautista
78256|Victor Acosta
78297|Donovan W. Carter
78298|Brittany S. Hall
78302|Reshma Shetty
78311|Julia Lester
78313|Frankie A. Rodriguez
78314|Liamani Segura
78315|Kate Reinders
78338|Amelia Bullmore
78345|Johnathan Fernandez
78346|Michelle Mitchenor
78349|Tony Sampson
78350|Keenan Christensen
78352|Janyse Jaud
78355|David-Paul Grove
78363|Andrew Sachs
78364|Ballard Berkeley
78365|Brian Hall
78366|Gilly Flower
78367|Renee Roberts
78368|John Howard Davies
78383|Christopher Chung
78421|Chick Vennera
78422|John Mariano
78423|Nathan Ruegger
78425|Kiff VandenHeuvel
78427|Darin Brooks
78430|A.J. LoCascio
78431|Amy Rosoff
78432|Matthew Waterson
78433|Abby Trott
78446|Alonso Ramirez Ramos
78447|Taneka Stotts
78508|Edith González
78512|Paulo Quevedo
78513|Roberto Mateos
78514|Raúl Gutiérrez
78515|Lucy Martínez
78626|May Calamawy
78627|Ann Akinjirin
78628|David Ganly
78629|Karim El Hakim
78646|Christina Bennington
78647|Natasha Culzac
78648|Olive Gray
78730|Sean Giambrone
78733|Raini Rodriguez
78751|Ben Browder
78763|Javicia Leslie
78765|Meagan Tandy
78804|Cedric Smith
78805|Norm Spencer
78807|Alison Sealy-Smith
78826|Ronen Rubinstein
78829|Brian Michael Smith
78833|Skyler Yates
78844|Alberto Rosende
78850|Alisha Wainwright
78867|Cameron Gellman
78868|Trae Romano
78869|Meg DeLacy
78870|Alkoya Brunson
78872|Joy Osmanski
78876|Madison Bailey
78881|J Anthony Crane
78892|Rachel Luttrell
78899|Sebastián Martínez
78901|Laura Perico
78902|Juan David Restrepo
78903|Alejandro Aguilar
78904|Adriana Arango
78906|Luis Fernando Hoyos
78908|Carlos Gaviria
78909|Rodrigo Lalinde
78927|Peter Newman
78928|Earle Hyman
78930|Earl Hammond
78932|Gerrianne Raphael
78952|Garrett Wang
78963|Dallas Liu
78968|Sam Corlett
78973|Bradley Freegard
78977|Aaron Jakubenko
78978|Marcus Vanco
78981|Gentry White
78997|Christina Elmore
79033|Shirley Manson
79045|Jane Badler
79048|Peter Nelson
79066|Meredith Eaton
79072|Ariela Barer
79074|Allegra Acosta
79084|Adoney Díaz Barajas
79093|Paul Campbell
79107|Keith Allan
79110|Nat Zang
79116|Tara Holt
79120|Marvin Jones III
79128|Linda Park
79129|Anthony Montgomery
79148|Luvia Petersen
79180|Juliana Aidén Martinez
79201|David Krentz
79203|Darrick Bachman
79212|Mido Hamada
79213|Alana Mansour
79215|Rod Hallett
79242|David Marciano
79244|Cathy Cahlin Ryan
79257|Kai Moya
79258|Hunter Deno
79259|Tessa Rao
79260|Jacqueline Joe
79261|Chance Perez
79262|Russell Curry
79263|Jordan Fite
79264|Josephine Davison
79271|Candela Saitta
79278|Maddison Jaizani
79283|Engin Öztürk
79284|Merve Boluğur
79285|Nebahat Çehre
79286|Okan Yalabık
79287|Selma Ergeç
79288|Selen Öztürk
79300|Katherine Barrell
79301|Varun Saranga
79302|Greg Lawson
79303|Martina Ortiz Luis
79307|Jen Taylor
79310|Frank O'Connor
79313|Osric Chau
79346|Malcolm Barrett
79353|Mirren Mack
79356|Zach Wyatt
79357|Lizzie Annis
79360|Amy Murray
79372|Eric Loomis
79378|Wally Wingert
79379|Alex Désert
79390|Shahar Isaac
79394|George H. Xanthis
79396|Joey Vahedi
79397|Giavani Cairo
79398|Jordan Walker Ross
79399|Dallas Jenkins
79408|Isabelle Cornish
79416|Andrew Horton
79418|Mike Wade
79464|Charlie Bushnell
79465|Dior Goodjohn
79501|Yin Long
79521|Mahina Napoleon
79530|Paula Burrows
79531|Sasha Rojen
79532|Racquel Belmonte
79537|Benjamin Callins
79538|Boone Williams
79563|Emily Neves
79564|Blake Shepard
79569|Yancey Arias
79591|Jasmine Armando
79594|Pippa Bennett-Warner
79602|Eva Verena Müller
79603|Florian Schmidtke
79604|Jeremy Miliker
79605|Bence Ferenczi
79606|Sophie Rois
79648|Kevin Carroll
79654|Alisen Down
79669|Loni Peristere
79671|Linda Burstyn
79673|Emily Brochin
79677|Theresa Frostad Eggesbø
79678|Henriette Steenstrup
79681|Danu Sunth
79685|Jerry MacKinnon
79697|Henderson Wade
79711|Derek Mio
79713|Kiki Sukezane
79714|Shingo Usami
79718|Darryll Walsh
79723|Levi Fiehler
79724|Elizabeth Bowen
79740|Erana James
79742|Jonathan Ajayi
79757|Ty Tennant
79760|Emilie de Preissac
79805|Anthony Lemke
79821|Jacob Ifan
79822|Aiysha Hart
79823|Gregg Chillin
79825|Adelle Leonce
79833|Russell Posner
79847|Logan Huffman
79850|Charles Mesure
79884|Edan Gross
79886|Jamie Mitchell
79891|Chad Faust
79893|Conchita Campbell
79910|Michelle Creber
79911|Claire Margaret Corlett
79917|Jess Bush
79918|Christina Chong
79922|Martin Quinn
79928|Adria Morales
79930|Nery Arredondo
79932|Fátima Molina
79933|Rigoberto Castañeda
79940|Rochelle Neil
79941|Amy Manson
79964|Emily Berrington
80010|Shin Yoo-dam
80024|Kenn Navarro
80025|Ellen Connell
80026|Aubrey Ankrum
80028|Warren Graff
80029|Michael 'Lippy' Lipman
80030|Francis Carr
80032|Nica Lorber
80033|Liz Stuart
80037|Ken Pontac
80038|Evaluna Montaner
80039|Riccardo Frascari
80040|Sebastián Silva
80041|Carolina Mestrovic
80042|Andrés Mercado
80044|Angela Rincon
80045|Fefi Oliveira
80046|Santiago Achaga
80047|Jonathan Jose Quintana
80084|Isabel Durant
80086|Chai Hansen
80087|Gemma Forsyth
80088|Madison Reyes
80090|Sacha Carlson
80094|Marc Dworkin
80095|Nora Sullivan
80096|Leah Keith
80097|Leilani Downer
80098|Sean William Cunningham
80099|David Hoge
80106|Betsey Brown
80162|Mark Lindsay Chapman
80165|Baxter Harris
80166|Kimber Riddle
80183|Ha Byung-hoon
80185|Derek Phillips
80205|Dave 'Squatch' Ward
80209|Dale Wilson
80217|Jack Mulhern
80220|Sean Berdy
80230|Addison Riecke
80242|Lea Vivier
80261|Jonathan Hardy
80263|Gigi Edgley
80264|Wayne Pygram
80265|Melissa Jaffer
80266|Raelee Hill
80267|Lani John Tupu
80271|Mary Mack
80290|Zoe Marlett
80294|Richard Biggs
80299|Tracy Scoggins
80335|Pauline Étienne
80338|Mehmet Kurtuluş
80340|Nicolas Alechine
80342|Anton Kouzemin
80343|Coen Bril
80344|Joe Manjón
80352|David Cubitt
80353|Sofia Vassilieva
80368|Lucille Bliss
80406|Alexa Havins
80409|Kai Owen
80417|Elmarie Wendel
80440|Ilaria Latini
80441|Gemma Donati
80444|Federica De Bortoli
80446|Alessandro Quarta
80450|Stephanie Leonidas
80460|Amalia Holm Bjelke
80463|Jessica Sutton
80466|Catherine Lough Haggquist
80468|Kylee Brown
80485|Jade Anouka
80499|Brad Swaile
80500|Maggie O'Hara
80501|Meghan Black
80502|Kirsten Alter
80504|Christopher Gray
80539|Dawon
80543|Park Tae-in
80544|Kwon Young-il
80545|Im Meari
80546|Bianca Comparato
80548|Rodolfo Valente
80549|Rafael Lozano
80550|César Charlone
80551|Jotagá Crema
80558|Corin Nemec
80572|Heidi Shannon
80576|Diana Osorio
80578|Andrés García
80579|Lorena Rojas
80581|Martín Karpan
80582|Vanessa Villela
80583|Roberto Moll
80584|Anna Silvetti
80599|Evan Sabara
80604|Amaka Okafor
80627|Kang Shin-hyo
80628|Jo Nam-hyung
80629|Han Woo-ri
80630|Cameron Cuffe
80639|Rasmus Hardiker
80650|Craig R. Baxley
80667|Lucy Barrett
80668|Jessica O'Toole
80669|Constance M. Burge
80681|Brendan Fehr
80712|Christopher Fitzgerald
80737|Amparo Grisales
80741|Felipe Muñoz Carmona
80742|Luis Alberto Restrepo
80743|Jorge Sandoval
80744|Juan Carlos Vásquez
80745|Gerardo Pinzón
80746|Johnny A. Ortiz
80764|Pippa Haywood
80773|Keidrich Sellati
80813|Skylar Gray
80814|Maddy Crocco
80830|Chris Chibnall
80831|Louise Fox
80839|Bronagh Waugh
80844|Jatuphong Rungrueangdechaphat
80848|Tinnapat Banyatpiyapoj
80850|Aticha Tanthanawigrai
80870|Sterling Beaumon
80871|Levi Meaden
80872|Morten Hauch-Fausbøll
80873|Rowan Longworth
80881|Edan Alexander
80882|Michael Devine
80900|Antonio Jaramillo
80909|Joelle Carter
80916|Mauricio Ochmann
80919|Fernando Noriega
80920|Arcelia Ramírez
80921|Sergio Basañez
80922|Alejandro Speitzer
80925|Iván Tamayo
80954|Angela Lewis
80958|Gail Bean
80986|Matthew Shear
80990|Melanie Field
80993|Mikael Birkkjær
80996|Julie Carlsen
81001|Torleif Hoppe
81002|Astrid Øye
81003|Erik Ahrnbom
81005|Nikolaj Scherfig
81006|Hans Rosenfeldt
81008|Camilla Ahlgren
81018|Isaiah Stannard
81024|Odelya Halevi
81026|Oscar Priego
81027|Michel Duval
81028|Alberto Agnesi
81029|Blanca Soto
81030|Diego Soldano
81031|Rodrigo Guirao Díaz
81032|Ana Lucía Domínguez
81047|Hubert Point-Du Jour
81049|Jessica Allain
81050|Ayomide Adegun
81075|Iben Dorner
81078|Louis Næss-Schmidt
81080|Ali Kazim
81081|Mikkel Serup
81083|Søren Sveistrup
81084|Dorthe Warnø Høgh
81086|John Green
81092|Jerrika Hinton
81098|Greg Austin
81100|Samantha Siqueiros
81103|Joel Sánchez
81108|Waldo Urrego
81113|Paula Castaño
81114|Juan Sebastián Calero
81115|María Gracia Omegna
81118|Paula Luchsinger
81120|Claudia di Girólamo
81121|Clemente Rodríguez
81122|Marcela Salinas
81129|Sam McCarthy
81134|Cody Lightning
81154|Nishi Munshi
81170|Sharon Gless
81179|Jesús Mosquera
81181|Cristina Castaño
81183|Carlo Costanzia Jr
81184|Juanjo Almeida
81185|Raudel Raúl Martiato
81191|Ivana Lotito
81192|Arturo Muselli
81193|Mimmo Borrelli
81197|Antonio Ferrante
81198|Joe Exotic
81199|Kathleen Zellner
81202|Yany Prado
81203|Asier Etxeandia
81205|Enric Auquer
81207|Camila Sodi
81209|Samadhi Zendejas
81211|Sonya Smith
81212|Barbie Casillas
81213|Pepe Gámez
81214|Gabriela Roel
81215|Uriel del Toro
81218|Brande Roderick
81219|Michael Bergin
81220|Stacy Kamano
81221|Jason Brooks
81226|Sheree J. Wilson
81227|Judson Mills
81233|Dervla Kirwan
81234|Jacob Dudman
81250|Dominic Adams
81254|Brianne Davis
81256|Jessica Garza
81262|Ness Bautista
81264|Kelly Jenrette
81276|Eli Brown
81301|Nika Perrone
81302|Erick Israel Consuelo
81303|Mauricio Mendez
81312|Erik Hayser
81314|Mariana Seoane
81343|Idara Victor
81344|Adam Sinclair
81353|Clara Wong
81364|Gregory Piper
81365|Nigel Boyle
81381|Niousha Noor
81389|Field Cate
81394|Elena Satine
81402|Frank Harts
81407|Joshua J. Williams
81424|Emmett Scanlan
81428|Danya Griver
81429|Daniel Burt
81435|Kaylah Zander
81440|Diana Simán
81442|Maya Zapata
81446|Moisés Arizmendi
81447|Eduardo Santamarina
81449|Elyfer Torres
81450|Natalia Beristáin
81451|Alejandro Aimetta
81453|Alexandra Jiménez
81456|Martina Gusmán
81460|Miki Esparbé
81463|Jordi Vallejo
81468|Larry Manetti
81469|Wyatt Hinz
81474|Roxy Sternberg
81495|Annarah Cymone
81501|Guilherme Winter
81503|Dudu Azevedo
81506|Leonardo Vieira
81507|Marcela Barrozo
81508|Denise Del Vecchio
81510|Larissa Maciel
81511|Hamsa Hood
81512|Armê Manente
81513|Rogério Passos
81514|Anderson Souza
81515|Vivianne Jundi
81517|Alexandre Teixeira
81518|Vivian de Oliveira
81519|Joaquim Assis
81520|Emílio Boechat
81521|João Gabriel Carneiro
81522|Paula Richard
81529|Tawny Cypress
81533|Kevin Alves
81539|Joel Bosqued
81540|Mina El Hammani
81541|Claudia Riera
81542|Daniela Rubio
81543|Natalia Dicenta
81544|Lucas Velasco
81545|Mia Lardner
81546|Lydia Pavón
81547|Alberto Berzal
81582|Isabel Gravitt
81583|Luke David Blumm
81596|Hannah Kasulka
81617|Matthew Alan
81619|J.D. Dorn
81628|Choo Soo-hyun
81630|Jo Soo-won
81635|Kareem Blackwell
81660|Tiphaine Daviot
81661|Ralph Amoussou
81662|Corinne Valancogne
81666|Luna Lou
81670|Quoc Dang Tran
81672|Aras Aydın
81680|King Princess
81691|Kingston Rumi Southwick
81692|Cristina Pucelli
81704|Camille De Pazzis
81723|Clarissa Kaye-Mason
81728|Brad Beyer
81749|Yoo In-sik
81750|Jang Young-cheol
81752|Zack Calderon
81756|Charles Alexander
81758|Jenna Clause
81760|Mia Healey
81767|Aziza Scott
81771|Jibrail Nantambu
81794|Michael J. Anderson
81821|David Dukes
81841|Aya Sumika
81843|Sophina Brown
81866|Phoenix Raei
81868|Ian Meadows
81869|Jaylin Fletcher
81871|Mia Challis
81881|Kim Hyun Wook
81884|Kim Sae-bom
81885|Aaron Mahnke
81898|Ntare Guma Mbaho Mwine
81899|Kadia Saraf
81901|Emilia Suárez
81904|Jacqueline Bracamontes
81907|Yadhira Carrillo
81926|Nabhaan Rizwan
81939|Guðrún Ýr Eyfjörð
81940|Íris Tanja Í. Flygenring
81943|Þorsteinn Bachmann
81944|Haraldur Ari Stefánsson
81945|Sólveig Arnarsdóttir
81946|Baltasar Breki Samper
81947|Birgitta Birgisdóttir
81948|Björn Thors
81949|Sigurjón Kjartansson
81950|David Mar Stefansson
81951|Lilja Sigurðardóttir
81963|Paulo César Quevedo
81966|Gabriela Vergara
81968|Rossana Fernández-Maldonado
81969|Andrés Felipe Martínez
81971|Gloria Gómez
81972|Javier Gómez
81973|Rodolfo Hoyos
81974|Consuelo Garrido
81976|Alessandra Negrini
81978|Manuela Dieguez
81979|Leticia Spiller
81980|Simone Spoladore
81981|Zahy Guajajara
81982|Kay Sara
81984|Tatsu Carvalho
81985|Luis Carone
81986|Júlia Pacheco Jordão
81989|Allyce Beasley
81991|Roger Director
81995|Luna Wedler
81997|Adrian Julius Tillmann
81998|Thomas Prenn
81999|Jing Xiang
82000|Caro Cult
82001|Sebastian Jakob Doppelbauer
82002|Josh Universe
82014|Viveca Chow
82016|Tom Scorzone
82017|Josh Dean
82018|Greg Kading
82027|Oded Ruskin
82028|Sarah Lancashire
82031|Rhys Connah
82034|George Costigan
82035|Rick Warden
82037|Mollie Winnard
82043|Elise Eberle
82079|Lexi Underwood
82081|Lisa Yamada
82091|Kaden Hebb
82092|Brittany Spiteri
82093|Haley Chau
82122|Johnathan Nieves
82125|Rico Suarez
82126|Gil Carrillo
82127|Frank Salerno
82128|Pearl Carrillo
82129|Tony Valdez
82130|Laurel Erickson
82131|Paul Skolnick
82132|Linda Arthur
82133|Zoey Tur
82144|Harrison Osterfield
82147|Eileen O'Higgins
82149|Christian Pelissier
82152|Jean-Pierre Moulin
82154|Michel Ruhl
82156|Georges Berthomieu
82162|Louis Oliver
82163|Atkins Estimond
82170|Louis Greatorex
82175|Daniel Nettheim
82180|Alexej Manvelov
82184|Tom Bulpett
82185|Aaron McVeigh
82188|Sammy Schrein
82189|Hans Löw
82190|Haley Louise Jones
82191|Justus von Dohnányi
82192|Julika Jenkins
82193|Nagmeh Alaei
82194|Eskindir Tesfay
82195|Birge Schade
82196|Julian Pörksen
82197|Isabel Kleefeld
82215|Jo Jung-joo
82231|Baraka Rahmani
82232|Lisa Berry
82234|Mercedes Morris
82235|Salvatore Antonio
82237|Gabriel Darku
82240|Paula Brancati
82241|Adam MacDonald
82245|Rosie Coleman
82246|Davina Coleman
82254|Aya Furukawa
82256|Adia
82274|Aubin Wise
82275|Gracie Dzienny
82276|Dominic Goodman
82277|Phillip Mullings Jr.
82313|Kira Monteith
82314|Alice May
82315|Frances White
82362|Kyoko Mizuki
82363|Yumiko Igarashi
82368|Julián Rebolledo
82370|Alvaro J. Gonzalez
82372|Janie Mertz
82375|John Worth Lynn, Jr.
82376|Anthony Davis
82377|Tom Marsen
82382|Kurt Metzger
82388|Kevin Schon
82416|Daiki Takakura
82417|Monster Maezuka
82419|Yuto Kaname
82422|Bunshu Shinoya
82423|Masaki Masaki
82426|Yang Yifeng
82427|Wang Ting
82428|Yu Xiang
82429|Liu Yingling
82430|Min Lui
82431|Sun Momo
82504|Tahj Mowry
82525|Sebastián Llapur
82526|Víctor Delgado
82527|Erica Edwards
82528|Jesús Guzmán
82530|Juan Carlos Tinoco
82538|Gail Matthius
82557|kittie KaBoom
82558|Charlie Finn
82579|Zerocalcare
82586|Thom Adcox-Hernandez
82624|Andy Pessoa
82630|Walker Boone
82631|Tony Rosato
82633|Harvey Atkin
82639|Michael Stark
82640|Steve Downes
82643|Britt Baron
82645|Dane Jameson
82648|Todd Haberkorn
82650|Ian Kirby
82652|Kenneth Peters
82672|Victoria Grace
82680|Andy Berman
82681|Rosearik Rikki Simons
82682|Melissa Fahn
82725|C.H. Greenblatt
82726|William Reiss
82747|Don Adams
82749|Holly Berger
82772|David Eccles
82773|Gregg Berger
82824|Boris Kutnevich
82827|Richard Gautier
82832|Victor Caroli
82833|Stan Jones
82835|Donald F. Glut
82848|Eri Komiyama
82895|Hiroichi Fuse
82902|Lou Scheimer
82904|Brynne Stephens
82912|Rodrigo Blaas
82918|Maurice Schlafer
82920|Debbie Matenopoulos
82921|Stephanie Courtney
82923|Scott Rayow
82942|Tiffany Smith
82946|Chris Wood
82965|Shelley Hoffman
82966|Lorenzo Music
83006|BenDavid Grabinski
83022|Roz Ryan
83024|Steve Little
83078|Mike Pollock
83081|Bill Freiberger
83097|Bob Stephenson
83133|Melanie MacQueen
83134|Susie London
83205|Kathleen Herles
83206|Marc Weiner
83207|Caitlin Sanchez
83208|Ashley Flemming
83209|Jacob Medrano
83210|Alexandria Suarez
83211|Jose Zelaya
83212|Dolly Peter Lopes
83213|Fatima Ptacek
83225|Pete Cannarozzi
83234|Sandra Equihua
83279|Spencer Rothbell
83309|Justin Felbinger
83310|Amanda Leighton
83313|Brian Sounalath
83353|Jim Byrnes
83356|Larry DiTillio
83366|Hyrum Virl Osmond
83378|Derek Draper
83379|Shayna Fox
83381|Joseph Ashton
83383|Ulysses Cuadra
83386|Adam Beechen
83401|Todd Asayer
83403|Alan Ituriel
83406|Diego Valenzuela
83434|Johnny Young
83453|Colleen Evanson
83509|Dan Green
83510|Gregory Abbey
83511|Wayne Grayson
83512|Maddie Blaustein
83513|Amy Birnbaum
83517|Fumiyo Sakai
83542|Michael Nicolosi
83544|John Leekley
83545|Rebekah Bradford
83559|Gwendoline Yeo
83575|Han Shin
83602|Christina Lange
83604|Lars Thiesgaard
83605|Timm Mehrens
83606|Vibeke Dueholm
83607|Ann Hjort
83616|Jodi Carlisle
83650|Marine Boiron
83653|Claude Allix
83654|Alain Jaspard
83655|Brittany Graham
83660|Scottie Pippen
83664|Jason Hehir
83668|José Eduardo Derbez
83669|Alessandra Rosaldo
83670|Aitana Derbez
83672|Gary Parker
83675|Syra Madad
83676|Doug Shultz
83681|Christian Horner
83684|José Narvaez
83686|César Manzano
83690|James Lawrence
83691|Juan Carlos Ortega
83700|H.A. Arnarson
83701|Tom McMahon
83702|Geoff Miller
83704|Dwayne Fields
83705|Erik Weihenmayer
83706|Cody Richardson
83707|Diva Amon
83710|Ghislaine Maxwell
83711|Lisa Bryant
83720|Martha Holmes
83721|Paul Spillenger
83723|Ted Bundy
83724|Stephen Michaud
83725|Hugh Aynesworth
83729|Sian Chiong
83731|Ethan Schwartz
83732|Felipe Albors
83733|Alejandro Bermúdez
83734|Yamil Ureña
83735|Marisol Calero
83736|Josette Vidal Restifo
83738|Cem Yiğit Üzümoğlu
83739|Daniel Nuță
83740|Ali Gözüşirin
83747|Michelle Calaway
83751|Michael Hickenbottom
83752|Dan Pucherelli
83754|Abigail Rice
83755|Erika Guntherová
83756|Daniel Rchichev
83757|Kamila Trnková
83758|Vanda Chaloupková
83759|Oskar Hes
83761|Darin Olien
83762|Elijah Bender
83763|David Spafford
83764|Nathan Ledbetter
83765|David Eason
83766|Oleg Benesch
83772|Stephen Scott
83774|Paul Spillenger
83777|Giorgio A. Tsoukalos
83779|Jonathan Young
83781|Erich von Däniken
83783|David Wilcock
83784|George Noory
83785|Philip Coppens
83787|Daniel Costelle
83788|Isabelle Clarke
83791|Kylian Mbappé
83792|Thiago Silva
83795|David Charles Rodrigues
83796|Ma Anand Sheela
83797|Jane Stork
83798|Jon Bowerman
83799|Ma Prem Sunshine
83800|Philip Toelkes
83801|Bhagwan Shree Rajneesh
83802|George Meredith
83803|Krishna Devi
83810|Erwin Rommel
83811|Chester W. Nimitz
83814|Jonathan Martin
83816|Vernell Bass
83817|Pamela Bass
83818|Fred Berlin
83820|James Causey
83821|Michael Ross
83822|Wendy Patrickus
83824|Kenneth Smail
83829|Trey Borzillieri
83830|Barbara Schroeder
83833|Karl Pilkington
83837|Robert Polo
83838|Vojtech Filcev
83839|Petr Vachler
83840|Ana María Estupiñán
83841|Variel Sánchez
83843|Fernando Arévalo
83845|Diego Vásquez
83847|Sebastián Eslava
83848|Marcelo Dos Santos
83849|Cristina Campuzano
83850|Rodrigo Triana
83851|Juana Uribe
83852|Ricardo Aponte
83853|Yamile Daza
83854|Diego Osorio
83859|Jesús Colmenar
83861|Esther Martínez Lobato
83868|James Safechuck
83869|Wade Robson
83872|Peter Fison
83873|Jo Harvey
83874|Hannah Hoare
83875|Ingrid Kvale
83877|Alex Minton
83878|Mateo Willis
83890|Megan Harding
83893|Sam Amirante
83894|Greg Bedoe
83895|Rafael Tovar
83896|Mike Albrecht
83897|Terry Sullivan
83898|Steve Nemmers
83899|William Kunkle
83900|Michael Peterson
83901|Ron Guerette
83902|Tom Maher
83903|David Rudolf
83904|Bill Peterson
83905|Jean-Xavier de Lestrade
83908|Abbie Schaub
83909|Gemma Hoskins
83910|Jean Hargadon Wehner
83911|Tom Nugent
83912|Linda Ellerbee
83916|Horst-Günter Marx
83917|Gordon Newell
83919|Laurence Rees
83921|David Orenstein
83922|Doris Bergen
83923|Megan Callaway
83924|Tim Getman
83925|Michael Chmiel
83926|David Donahoe
83927|Ray Reynolds
83929|Adam Jonas Segaller
83930|AJ Achinger
83931|Alex Falberg
83932|Cary Donaldson
83935|William V. Ryder
83936|William Jousset
83938|Hadley Meares
83939|Joan Renner
83940|Frank C. Girardot
83941|Gregg McCrary
83943|Sal LaBarbera
83944|Juliet Bennett Rylah
83948|David Fowler
83952|Tim Haines
83953|Mary Clare Bacquet
83954|Georgann Kane
83955|Kevin Armstrong
83956|Aaron Hernandez
83957|Geno McDermott
83962|Sasha Stewart
83963|Tom Yellin
83966|Victoria Beckham
83967|Alex Ferguson
83971|Roy Keane
83974|Steve Bruce
83977|Ángel Di María
83978|Rodrigo De Paul
83979|Lisandro Martínez
83980|Alejandro Darío Gómez
83981|Leandro Paredes
83982|Nicolás Otamendi
83983|Sergio Agüero
83984|Cristian Romero
83985|Juan Baldana
83986|Mariano Goscilo
83987|Juanma Martínez Medina
83988|Ananda Lewis
83989|John Scher
83993|Hugh Ragett
83994|Peter Batty
83999|Jorge Poza
84000|Ingrid Martz
84001|Bruno Romagnoli
84003|Norma Herrera
84004|Raquel Bigorra
84006|René Strickler
84007|Wendy Guevara
84008|Carla Estrada
84010|Lele Portas
84011|Marco Tulio Socorro
84012|Eric Vonn
84013|Val Valentino
84014|Allie Cohen
84015|Lyndsay Haldorson
84016|Samantha Faye Lee
84017|Lauren Melendez
84018|Paige Peterson
84020|Intan Othman
84022|Ghislain Wattrelos
84023|Peter Foley
84027|Gary Drayton
84036|Hermann Göring
84040|Henri de Turenne
84043|Jean-Louis Guillaud
84044|Robert Jack
84045|Oliver Dimsdale
84046|Samuel Collings
84047|Ben Cartwright
84049|Susanna Herbert
84051|Hakeem Muata Oluseyi
84052|Dan Riskin
84053|Don Wildman
84054|Andrew Patrick Nelson
84055|Laura Verklan
84057|Colin Campbell
84058|Frank Kosa
84060|Sam Dolan
84061|Douglas Cohen
84067|Monica Aldama
84068|Gabi Butler
84069|Morgan Simianer
84070|La'Darius Marshall
84071|Maddy Brum
84072|Gillian Rupert
84073|Payton Sykes
84074|Jada Wooten
84075|Vonte Johnson
84076|DeVonte 'Dee' Joseph
84079|Marie-Laure Beneston
84080|Alain Dorval
84081|Henry Djanik
84090|Jonathan Jones
84091|John Demjanjuk
84092|Yossi Bloch
84093|Daniel Sivan
84094|Maury Terry
84097|Amaryllis Fox
84099|Gerard Piqué
84101|Jordi Alba
84103|Marc-André Ter Stegen
84107|Sergi Roberto
84108|Oriol Querol
84110|G. Robert Blakey
84111|Johnny Alite
84112|Michael Franzese
84113|Lin Devecchio
84114|Jim Kossler
84115|Bruce Mouw
84116|Marilyn Lucht
84117|Joe Cantamessa
84121|Katherine MacGregor
84123|Jonathan Gilbert
84124|Allison Balson
84125|Lindsay Kennedy
84128|Pamela Roylance
84133|August Maturo
84134|Ben Savage
84135|Danielle Fishel
84141|Rich Correll
84142|Barry O'Brien
84143|Kim C. Friese
84147|Lark Voorhies
84148|Dennis Haskins
84153|Kim Rhodes
84162|Mara Escalante
84164|Pedro Romo
84165|Alma Cero
84166|Montserrat Marañon
84173|Elena Furiase
84175|Carlota García
84176|Denisse Peña
84182|Liang Jingkang
84189|Lin He Long
84190|Sharon Mao
84197|Elias Harger
84198|Soni Bringas
84199|Michael Campion
84200|Juan Pablo Di Pace
84211|Trina McGee
84220|George O. Gore II
84222|Parker McKenna Posey
84225|Andrew McFarlane
84229|Tempestt Bledsoe
84230|Keshia Knight Pulliam
84231|Sabrina Le Beauf
84232|Geoffrey Owens
84235|Gary Kott
84246|Phil Baker
84251|Staci Keanan
84253|Angela Watson
84264|Sumru Yavrucuk
84265|Esra Dermancıoğlu
84266|Musa Uzunlar
84268|Hilal Saral
84269|Ece Yörenç
84270|Melek Gençoğlu
84278|Helena Smee
84279|Damian Farrell
84280|Katherine Smee
84289|Emmy Mattingly
84290|Shelby Wulfert
84291|Lauren Lindsey Donzis
84301|Vanessa Baden Kelly
84303|Teal Marchande
84315|Daniela Romo
84317|Chantal Andere
84319|María Victoria
84321|Mónica Miguel
84324|María Zarattini
84325|Claudia Velazco
84327|Cristóbal Errazúriz
84329|Margarita Rosa de Francisco
84332|Pepe Sánchez
84335|Álvaro Díaz González
84337|Rodrigo Salinas
84339|Guillermo Silva
84340|Felipe Godoy
84341|Héctor Velozo
84343|Patricio Díaz
84346|Lorena Penjean
84348|Francisco Schultz
84355|Hayley Orrantia
84360|Sophia Mitri Schloss
84362|Tiana Le
84363|Sara Echeagaray
84364|Tisha Custodio
84368|Tiffany Thornton
84371|Doug Brochu
84374|Lalaine
84381|Guido Messina
84383|Gabriella Di Grecco
84384|Rhener Freitas
84385|Fernando Dente
84386|Giulia Guerrini
84388|Micaela Díaz
84389|Daniel De Filippo
84390|Jorge Bechara
84396|Eren Ozker
84398|Karen Prell
84399|Brian Muehl
84403|Kellie Shanygne Williams
84405|Lucas Neff
84408|Shannon Woodward
84411|Paul Wight
84413|Reylynn Caster
84415|Juliet Donenfeld
84418|Diego Dominguez
84422|Lodovica Comello
84425|Flor Benítez
84428|Solange Keoleyan
84429|Sebastián Parrotta
84431|Paul Curran
84436|Mark Jax
84440|Peter Barnes
84442|David Stevens
84446|Davis Cleveland
84447|Roshon Fegan
84448|Adam Irigoyen
84449|Caroline Sunshine
84450|Conrad Bain
84451|Gary Coleman
84455|Mary Ann Mobley
84458|Dana Heath
84461|Terrence Little Gardenhigh
84462|Adela Noriega
84463|Fernando Carrillo
84464|Lorena Herrera
84469|Alejandro Aragón
84470|Raúl Araiza
84471|Emoé de la Parra
84472|Jesús Acuña
84473|Miguel Córcega
84474|Alejandro Frutos
84476|René Muñoz
84477|Liliana Abud
84478|Yolanda Vargas Dulché
84483|Paul Julian
84484|Michael Ruocco
84485|Brad Kavanagh
84487|Ana Mulvoy-Ten
84488|Jade Ramsey
84490|Klariza Clayton
84491|Tasie Lawrence
84494|Burkely Duffield
84497|Connor Andrade
84498|Amari McCoy
84505|Brian Tee
84509|Elizabeth Cullen
84510|Julian Cullen
84511|Rainbow Wedell
84512|Jamie Carter
